# b = 0.31785 fm Npart = 393 Ncoll = 751 Nstrings = 517 total_energy = 1768.5 GeV, net_Pz = -13.5 GeV, seed = 12345
# mass[GeV]  m_over_sigma[fm]  tau_form[fm]  tau_0[fm]  eta_s_0  x_perp[fm]  y_perp[fm]  x_l[fm]  y_l[fm]  x_r[fm]  y_r[fm]  eta_s_left  eta_s_right  y_l  y_r  remnant_l  remnant_r y_l_i  y_r_i eta_s_baryon_left  eta_s_baryon_right  y_l_baryon  y_r_baryon  baryon_fraction_l  baryon_fraction_r  Qe_l  Qe_r  eta_s_Qe_l  eta_s_Qe_r
3.12000006e-01 3.47238456e-01 5.00000000e-01 4.97488857e-02 2.25018623e+00 1.63445401e+00 3.99204659e-02 2.09154121e+00 1.63763653e-01 1.17736682e+00 -8.39227213e-02 -6.63166819e-01 3.85384639e-01 -8.13158929e-01 -5.92050511e-01 0.00000000e+00 1.00000000e+00 -2.15105275e+00 7.45843309e-01 -6.63166819e-01 3.85384639e-01 -8.13158929e-01 -5.92050511e-01 0.00000000e+00 1.00000000e+00
3.12000006e-01 3.56948677e-01 5.00000000e-01 3.91474788e-01 -1.45340387e-01 -1.80592388e+00 3.88661999e+00 -1.69145629e+00 4.11404431e+00 -1.92039146e+00 3.65919566e+00 -4.09507411e-01 6.34310169e-01 3.57252083e-02 6.12714020e-01 1.00000000e+00 1.00000000e+00 -1.27023179e+00 1.91867102e+00 -4.09507411e-01 6.34310169e-01 3.57252083e-02 6.12714020e-01 0.00000000e+00 1.00000000e+00
3.12000006e-01 2.75703107e-01 5.00000000e-01 9.94256793e-02 -2.25018623e+00 1.36894613e+00 -5.04119675e+00 1.27019430e+00 -4.93670791e+00 1.46769796e+00 -5.14568559e+00 -1.09310277e+00 1.51876460e-01 2.04488686e-03 2.81079455e-01 0.00000000e+00 1.00000000e+00 -1.62573999e+00 1.90886433e+00 -1.09310277e+00 1.51876460e-01 2.04488686e-03 2.81079455e-01 0.00000000e+00 0.00000000e+00
3.12000006e-01 3.69676459e-01 5.00000000e-01 5.25380335e-01 1.23123510e-01 3.89534301e+00 -3.14682443e+00 4.28780707e+00 -3.57435724e+00 3.50287895e+00 -2.71929162e+00 1.59950203e-01 9.26706475e-01 8.31760732e-01 1.13060400e+00 0.00000000e+00 1.00000000e+00 -4.34470063e-01 2.39683479e+00 1.59950203e-01 9.26706475e-01 8.31760732e-01 1.13060400e+00 0.00000000e+00 0.00000000e+00
3.12000006e-01 2.41278815e-01 5.00000000e-01 4.32592753e-01 7.41105076e-01 1.96479458e+00 1.20614874e+00 2.64698335e+00 6.60459562e-01 1.28260582e+00 1.75183792e+00 -6.72464801e-01 8.23400250e-01 -1.05280077e+00 -1.20818747e-02 0.00000000e+00 1.00000000e+00 -2.86620654e+00 1.80132390e+00 -6.72464801e-01 8.23400250e-01 -1.05280077e+00 -1.20818747e-02 0.00000000e+00 0.00000000e+00
3.12000006e-01 3.61718830e-01 5.00000000e-01 5.68313064e-01 7.48269460e-02 2.80701663e+00 2.17258961e+00 2.95602624e+00 1.78825499e+00 2.65800702e+00 2.55692423e+00 -3.55471472e-01 5.04965992e-01 -1.95148648e-01 3.44466220e-01 0.00000000e+00 1.00000000e+00 -1.48594228e+00 1.63525985e+00 -3.55471472e-01 5.04965992e-01 -1.95148648e-01 3.44466220e-01 0.00000000e+00 0.00000000e+00
3.12000006e-01 2.77013687e-01 5.00000000e-01 4.53162743e-01 7.83031774e-01 4.21248702e+00 2.26989642e+00 4.49683590e+00 1.77161195e+00 3.92813815e+00 2.76818090e+00 -6.84941211e-01 8.98078485e-01 -1.25463410e+00 1.91678142e-01 1.00000000e+00 1.00000000e+00 -2.87605612e+00 1.81310016e+00 -6.84941211e-01 8.98078485e-01 -1.25463410e+00 1.91678142e-01 0.00000000e+00 0.00000000e+00
3.12000006e-01 1.98638446e-01 5.00000000e-01 5.35279107e-01 5.08722800e-01 1.64986079e+00 -2.77052259e+00 1.72555757e+00 -3.25927879e+00 1.57416400e+00 -2.28176639e+00 -6.46184813e-01 8.18559742e-01 -8.04634577e-01 9.65817188e-02 0.00000000e+00 1.00000000e+00 -2.91050310e+00 2.20245024e+00 -6.46184813e-01 8.18559742e-01 -8.04634577e-01 9.65817188e-02 0.00000000e+00 0.00000000e+00
3.12000006e-01 3.85622388e-01 5.00000000e-01 6.12047116e-01 -3.32367121e-02 -1.18321490e+00 -1.84932897e+00 -1.07688924e-01 -1.65302728e+00 -2.25874087e+00 -2.04563067e+00 -2.05444053e-01 6.57594841e-01 1.94068394e-01 8.67422266e-01 0.00000000e+00 1.00000000e+00 -1.02553279e+00 2.08702346e+00 -2.05444053e-01 6.57594841e-01 1.94068394e-01 8.67422266e-01 0.00000000e+00 0.00000000e+00
3.12000006e-01 3.48601107e-01 5.00000000e-01 5.56740180e-01 5.76033367e-01 4.36362189e-01 -3.38358125e+00 5.85320594e-01 -2.52557936e+00 2.87403783e-01 -4.24158315e+00 -9.38092871e-02 7.22205220e-01 -1.62077211e-01 2.18165730e-01 1.00000000e+00 1.00000000e+00 -1.49540013e+00 1.55148865e+00 -9.38092871e-02 7.22205220e-01 -1.62077211e-01 2.18165730e-01 0.00000000e+00 0.00000000e+00
3.12000006e-01 3.06729854e-01 5.00000000e-01 6.75074464e-01 -1.24287776e-01 -3.20242627e-01 6.45287122e-01 -2.81122086e-01 6.27797906e-01 -3.59363167e-01 6.62776337e-01 -3.40950044e-01 5.82596102e-01 1.12718441e-01 7.44745442e-01 1.00000000e+00 1.00000000e+00 -1.37603520e+00 2.23349908e+00 -3.40950044e-01 5.82596102e-01 1.12718441e-01 7.44745442e-01 1.00000000e+00 0.00000000e+00
3.12000006e-01 4.03805969e-01 5.00000000e-01 6.57323375e-01 3.06141306e-01 1.96994139e-01 -1.38041444e-01 -5.70708259e-02 -5.61571629e-01 4.51059105e-01 2.85488741e-01 -2.16719630e-01 5.84973237e-01 -2.99844308e-01 3.63121394e-01 0.00000000e+00 1.00000000e+00 -1.47012772e+00 1.53340481e+00 -2.16719630e-01 5.84973237e-01 -2.99844308e-01 3.63121394e-01 0.00000000e+00 0.00000000e+00
3.12000006e-01 2.36004807e-01 5.00000000e-01 6.57323375e-01 3.06141306e-01 -8.16611208e-01 3.18765006e-01 -5.00990981e-01 -1.22788204e-01 -1.13223144e+00 7.60318215e-01 -5.75737898e-01 6.14235803e-01 -7.40966857e-01 9.22130463e-02 0.00000000e+00 1.00000000e+00 -2.58634679e+00 1.93759298e+00 -5.75737898e-01 6.14235803e-01 -7.40966857e-01 9.22130463e-02 0.00000000e+00 0.00000000e+00
3.12000006e-01 3.90552404e-01 5.00000000e-01 6.60374914e-01 3.62615568e-01 -1.25158932e+00 3.03283204e+00 -4.59043875e-01 3.43689885e+00 -2.04413476e+00 2.62876522e+00 -2.30733999e-01 5.48350412e-01 -3.84094926e-01 1.89714713e-01 0.00000000e+00 1.00000000e+00 -1.58993678e+00 1.39555657e+00 -2.30733999e-01 5.48350412e-01 -3.84094926e-01 1.89714713e-01 0.00000000e+00 0.00000000e+00
3.12000006e-01 2.36671777e-01 5.00000000e-01 6.83052928e-01 -2.67135920e-01 1.21135102e+00 2.82696748e+00 1.17996955e+00 2.98997237e+00 1.24273248e+00 2.66396258e+00 -1.00485694e+00 -8.72290576e-02 -1.03573349e+00 -7.63216395e-01 1.00000000e+00 0.00000000e+00 -2.87701188e+00 1.07806200e+00 -1.00485694e+00 -8.72290576e-02 -1.03573349e+00 -7.63216395e-01 0.00000000e+00 0.00000000e+00
3.12000006e-01 2.92598011e-01 5.00000000e-01 6.98527726e-01 -2.52207827e-01 6.88658284e-01 -5.94015657e-01 8.47645945e-02 -2.42914626e-01 1.29255197e+00 -9.45116689e-01 -9.85023728e-01 4.79178497e-01 -1.17276634e+00 6.65215413e-01 1.00000000e+00 1.00000000e+00 -2.72196113e+00 2.21441021e+00 -9.85023728e-01 4.79178497e-01 -1.17276634e+00 6.65215413e-01 0.00000000e+00 0.00000000e+00
3.12000006e-01 2.28014686e-01 5.00000000e-01 7.25143795e-01 -1.38070386e-01 6.01347851e+00 -1.76631895e+00 5.94652808e+00 -2.24264946e+00 6.08042895e+00 -1.28998843e+00 -8.10997287e-01 6.01106818e-01 -7.80232809e-01 6.51316638e-01 1.00000000e+00 1.00000000e+00 -2.67610685e+00 2.54719068e+00 -8.10997287e-01 6.01106818e-01 -7.80232809e-01 6.51316638e-01 0.00000000e+00 0.00000000e+00
3.12000006e-01 2.21338065e-01 5.00000000e-01 7.25143795e-01 -1.38070386e-01 5.24483328e+00 -3.01269720e+00 5.53815229e+00 -2.52130917e+00 4.95151427e+00 -3.50408524e+00 -5.11253951e-01 5.90252689e-01 -7.00838229e-02 6.05200611e-01 1.00000000e+00 0.00000000e+00 -2.01016763e+00 2.54528442e+00 -5.11253951e-01 5.90252689e-01 -7.00838229e-02 6.05200611e-01 0.00000000e+00 0.00000000e+00
3.12000006e-01 7.79063312e-01 5.00000000e-01 7.25143795e-01 -1.38070386e-01 4.87365410e+00 -2.55881670e+00 4.79579394e+00 -1.61354817e+00 4.95151427e+00 -3.50408524e+00 -3.02805919e-01 3.70246565e-02 -2.24924427e-01 -2.60620253e-02 1.00000000e+00 1.00000000e+00 -8.56187063e-01 6.05200611e-01 -3.02805919e-01 3.70246565e-02 -2.24924427e-01 -2.60620253e-02 0.00000000e+00 0.00000000e+00
3.12000006e-01 4.95924804e-01 5.00000000e-01 7.58068366e-01 2.70318151e-01 1.34157382e-01 -3.05464663e+00 -3.17186535e-01 -2.38426881e+00 5.85501299e-01 -3.72502445e+00 -3.20928692e-03 5.74250934e-01 7.32305219e-02 5.41713300e-01 1.00000000e+00 1.00000000e+00 -8.96536919e-01 1.51148074e+00 -3.20928692e-03 5.74250934e-01 7.32305219e-02 5.41713300e-01 0.00000000e+00 0.00000000e+00
3.12000006e-01 4.61930557e-01 5.00000000e-01 7.93639378e-01 -4.01134913e-02 5.44146267e+00 -5.16022820e+00 4.91098926e+00 -5.77500701e+00 5.97193608e+00 -4.54544939e+00 -9.34992125e-02 4.84330205e-01 3.39585243e-01 7.53818911e-01 1.00000000e+00 1.00000000e+00 -6.95937767e-01 1.78934192e+00 -9.34992125e-02 4.84330205e-01 3.39585243e-01 7.53818911e-01 0.00000000e+00 0.00000000e+00
3.12000006e-01 4.15282554e-01 5.00000000e-01 6.53773757e-01 6.65805460e-01 -3.13942911e+00 9.26202274e-01 -3.33436743e+00 1.15463116e+00 -2.94449078e+00 6.97773384e-01 3.65719804e-01 1.04364769e+00 5.47809872e-01 9.59579231e-01 1.00000000e+00 0.00000000e+00 -5.93267980e-01 2.10065708e+00 3.65719804e-01 1.04364769e+00 5.47809872e-01 9.59579231e-01 1.00000000e+00 0.00000000e+00
3.12000006e-01 3.04217159e-01 5.00000000e-01 7.24627110e-01 -4.84168771e-01 4.21806265e+00 -4.40377753e+00 3.94873397e+00 -3.99201920e+00 4.48739134e+00 -4.81553585e+00 -1.05146951e+00 -1.36927117e-01 -1.08600226e+00 -3.93334614e-01 1.00000000e+00 0.00000000e+00 -2.58517517e+00 1.10583829e+00 -1.05146951e+00 -1.36927117e-01 -1.08600226e+00 -3.93334614e-01 0.00000000e+00 0.00000000e+00
3.12000006e-01 3.18993295e-01 5.00000000e-01 6.29974286e-01 7.50062518e-01 2.07118468e+00 -9.65843391e-01 1.84514228e+00 -1.54545600e+00 2.29722709e+00 -3.86230785e-01 -4.67783239e-01 1.10149848e+00 -1.16566766e+00 8.19435330e-01 0.00000000e+00 1.00000000e+00 -2.60547099e+00 2.25923865e+00 -4.67783239e-01 1.10149848e+00 -1.16566766e+00 8.19435330e-01 0.00000000e+00 0.00000000e+00
3.12000006e-01 3.82781671e-01 5.00000000e-01 1.71708246e-01 -2.25113347e+00 8.66390732e-04 -4.24383042e+00 -2.59240594e-01 -3.68571170e+00 2.60973376e-01 -4.80194915e+00 -1.60791062e+00 -5.48825273e-01 -7.59783376e-01 -3.45786992e-01 0.00000000e+00 1.00000000e+00 -1.98744982e+00 8.81879449e-01 -1.60791062e+00 -5.48825273e-01 -7.59783376e-01 -3.45786992e-01 0.00000000e+00 0.00000000e+00
3.12000006e-01 3.19183151e-01 5.00000000e-01 7.76054247e-01 -3.89443987e-01 1.15117415e+00 4.00765152e+00 1.25325755e+00 3.83719987e+00 1.04909076e+00 4.17810318e+00 -4.38866496e-01 3.54583095e-01 2.04003007e-01 6.91571376e-01 1.00000000e+00 1.00000000e+00 -1.23506641e+00 2.13064079e+00 -4.38866496e-01 3.54583095e-01 2.04003007e-01 6.91571376e-01 0.00000000e+00 0.00000000e+00
3.12000006e-01 2.26704272e-01 5.00000000e-01 8.13266605e-01 2.41530721e-01 -2.19800659e-01 4.43410675e-01 2.74282994e-02 7.88879427e-01 -4.67029617e-01 9.79419230e-02 -3.40080029e-01 8.07206793e-01 -2.69431581e-01 7.14971734e-01 1.00000000e+00 1.00000000e+00 -2.17383366e+00 2.61937381e+00 -3.40080029e-01 8.07206793e-01 -2.69431581e-01 7.14971734e-01 0.00000000e+00 0.00000000e+00
3.12000006e-01 3.70799355e-01 5.00000000e-01 8.41268180e-01 1.14651428e-01 -3.02269388e+00 -2.18627427e+00 -3.51322089e+00 -1.86806456e+00 -2.53216688e+00 -2.50448398e+00 -3.87264576e-01 2.76650079e-01 -5.50072573e-01 -8.43148182e-02 1.00000000e+00 0.00000000e+00 -1.81290887e+00 1.17852148e+00 -3.87264576e-01 2.76650079e-01 -5.50072573e-01 -8.43148182e-02 0.00000000e+00 0.00000000e+00
3.12000006e-01 2.29140644e-01 5.00000000e-01 8.53643748e-01 -1.17724924e-01 4.68983432e+00 1.71796961e+00 4.55321466e+00 1.05592992e+00 4.82645398e+00 2.38000931e+00 -3.33074662e-01 5.49455208e-01 2.48707388e-01 6.37333601e-01 0.00000000e+00 1.00000000e+00 -1.63989577e+00 2.52593676e+00 -3.33074662e-01 5.49455208e-01 2.48707388e-01 6.37333601e-01 0.00000000e+00 0.00000000e+00
3.12000006e-01 3.74969074e-01 5.00000000e-01 7.79872920e-01 -4.73184585e-01 3.00842280e+00 -1.31776932e-01 2.77051705e+00 -3.77419342e-01 3.24632855e+00 1.13865478e-01 -4.86107372e-01 2.69385665e-01 1.18928034e-01 7.02758285e-01 0.00000000e+00 1.00000000e+00 -1.13145370e+00 1.95314002e+00 -4.86107372e-01 2.69385665e-01 1.18928034e-01 7.02758285e-01 0.00000000e+00 0.00000000e+00
3.12000006e-01 4.36420846e-01 5.00000000e-01 6.75703893e-01 7.53929034e-01 -1.39503409e+00 -4.18808588e+00 -8.42064583e-01 -4.22415730e+00 -1.94800359e+00 -4.15201446e+00 3.72951594e-01 9.76662702e-01 4.12764266e-01 7.30287894e-01 1.00000000e+00 1.00000000e+00 -6.78031098e-01 1.82108326e+00 3.72951594e-01 9.76662702e-01 4.12764266e-01 7.30287894e-01 0.00000000e+00 0.00000000e+00
3.12000006e-01 2.55617952e-01 5.00000000e-01 6.79277934e-01 7.58693845e-01 -9.46028894e-01 -4.61167403e+00 -1.06869238e+00 -4.75195720e+00 -8.23365405e-01 -4.47139086e+00 -2.42049332e-01 1.27849169e+00 -6.24296588e-01 1.09659149e+00 1.00000000e+00 1.00000000e+00 -2.35579089e+00 2.82808579e+00 -2.42049332e-01 1.27849169e+00 -6.24296588e-01 1.09659149e+00 0.00000000e+00 0.00000000e+00
3.12000006e-01 2.38018018e-01 5.00000000e-01 8.42070410e-01 -3.35437066e-01 3.54778265e+00 -3.58030695e+00 3.24569330e+00 -4.03286995e+00 3.84987201e+00 -3.12774394e+00 -5.30332558e-01 3.82556398e-01 6.16092456e-02 5.54082648e-01 1.00000000e+00 0.00000000e+00 -1.77144204e+00 2.38713394e+00 -5.30332558e-01 3.82556398e-01 6.16092456e-02 5.54082648e-01 0.00000000e+00 0.00000000e+00
3.12000006e-01 4.60285702e+00 5.00000000e-01 8.42070410e-01 -3.35437066e-01 4.06883954e+00 -3.35105059e+00 4.28780707e+00 -3.57435724e+00 3.84987201e+00 -3.12774394e+00 1.35581603e-01 -1.88212698e-02 9.40335577e-01 4.45507803e-01 1.00000000e+00 1.00000000e+00 8.31760732e-01 5.54082648e-01 1.35581603e-01 -1.88212698e-02 9.40335577e-01 4.45507803e-01 0.00000000e+00 0.00000000e+00
3.12000006e-01 2.49239005e-01 5.00000000e-01 8.77306643e-01 2.24888175e-01 -5.68367290e-01 4.54521773e+00 2.82730766e-02 4.28202794e+00 -1.16500766e+00 4.80840752e+00 -5.28655381e-01 7.51276271e-01 -8.12343448e-01 7.25486795e-01 1.00000000e+00 0.00000000e+00 -2.57940531e+00 2.49254866e+00 -5.28655381e-01 7.51276271e-01 -8.12343448e-01 7.25486795e-01 0.00000000e+00 0.00000000e+00
3.12000006e-01 2.78379345e-01 5.00000000e-01 8.69209762e-01 3.07195092e-01 -2.12383395e+00 -2.14290578e+00 -2.29174521e+00 -3.01636750e+00 -1.95592270e+00 -1.26944405e+00 -3.93845566e-01 4.87612772e-01 -6.77620185e-01 -9.46751445e-03 1.00000000e+00 1.00000000e+00 -2.29246144e+00 1.60537374e+00 -3.93845566e-01 4.87612772e-01 -6.77620185e-01 -9.46751445e-03 0.00000000e+00 0.00000000e+00
3.12000006e-01 2.34525374e-01 5.00000000e-01 7.99193998e-01 5.43062557e-01 -7.91657067e-01 4.00098690e+00 -5.90223610e-01 4.01305077e+00 -9.93090524e-01 3.98892304e+00 -5.78987333e-01 7.54397693e-01 -1.17898084e+00 1.61195418e-01 1.00000000e+00 1.00000000e+00 -3.03351973e+00 2.01573431e+00 -5.78987333e-01 7.54397693e-01 -1.17898084e+00 1.61195418e-01 0.00000000e+00 0.00000000e+00
3.12000006e-01 1.94187394e-01 5.00000000e-01 8.84650276e-01 -3.03300690e-01 5.42739295e+00 3.56571660e+00 5.35021653e+00 3.55018018e+00 5.50456938e+00 3.58125302e+00 -8.27416927e-01 4.96856065e-01 -6.16921705e-01 6.59987769e-01 0.00000000e+00 1.00000000e+00 -2.75843209e+00 2.80149816e+00 -8.27416927e-01 4.96856065e-01 -6.16921705e-01 6.59987769e-01 0.00000000e+00 0.00000000e+00
3.12000006e-01 2.80071506e-01 5.00000000e-01 9.06457154e-01 2.65590341e-01 -1.54366614e+00 3.53536009e+00 -3.03825535e+00 4.05748108e+00 -4.90769408e-02 3.01323910e+00 -6.02925610e-01 6.62207598e-01 -1.14028197e+00 5.42375635e-01 0.00000000e+00 1.00000000e+00 -2.74703837e+00 2.14913204e+00 -6.02925610e-01 6.62207598e-01 -1.14028197e+00 5.42375635e-01 0.00000000e+00 0.00000000e+00
3.12000006e-01 2.60351972e-01 5.00000000e-01 8.10768029e-01 -5.54831935e-01 4.94870450e+00 1.11606508e+00 4.58904176e+00 1.63126693e+00 5.30836724e+00 6.00863240e-01 -6.75183285e-01 1.87513305e-01 -1.66053720e-02 4.23543093e-01 1.00000000e+00 1.00000000e+00 -1.72255876e+00 2.12949648e+00 -6.75183285e-01 1.87513305e-01 -1.66053720e-02 4.23543093e-01 0.00000000e+00 0.00000000e+00
3.12000006e-01 2.75410565e-01 5.00000000e-01 9.30909102e-01 1.93665699e-01 -1.94240834e+00 -6.85444835e-01 -1.51221849e+00 -7.05867845e-01 -2.37259820e+00 -6.65021825e-01 -3.32836503e-01 5.52075162e-01 -4.17989880e-01 3.75056234e-01 0.00000000e+00 1.00000000e+00 -2.04720145e+00 2.00426780e+00 -3.32836503e-01 5.52075162e-01 -4.17989880e-01 3.75056234e-01 0.00000000e+00 0.00000000e+00
3.12000006e-01 2.95399879e-01 5.00000000e-01 9.44924874e-01 1.78947826e-01 -7.35085785e-01 5.75752984e-01 -4.85740541e-01 -1.72716401e-02 -9.84431029e-01 1.16877761e+00 -4.43969194e-01 3.01230803e-01 -7.26159911e-01 -2.37543916e-01 0.00000000e+00 1.00000000e+00 -2.26300721e+00 1.29930338e+00 -4.43969194e-01 3.01230803e-01 -7.26159911e-01 -2.37543916e-01 0.00000000e+00 0.00000000e+00
3.12000006e-01 2.73919537e-01 5.00000000e-01 7.03198779e-01 8.48504449e-01 3.07584702e+00 -2.06754035e+00 3.23933418e+00 -2.40038513e+00 2.91235987e+00 -1.73469558e+00 -3.23022689e-01 7.48141195e-01 -9.71084696e-01 -2.11039501e-01 1.00000000e+00 1.00000000e+00 -2.60760442e+00 1.42548022e+00 -3.23022689e-01 7.48141195e-01 -9.71084696e-01 -2.11039501e-01 0.00000000e+00 0.00000000e+00
3.12000006e-01 2.13148696e-01 5.00000000e-01 9.32564940e-01 -3.02673656e-01 4.59085340e+00 9.26501664e-01 5.02277772e+00 9.34364848e-01 4.15892909e+00 9.18638481e-01 -7.03997929e-01 4.54960310e-01 -4.13597855e-01 6.79836484e-01 1.00000000e+00 1.00000000e+00 -2.41060074e+00 2.67683937e+00 -7.03997929e-01 4.54960310e-01 -4.13597855e-01 6.79836484e-01 0.00000000e+00 0.00000000e+00
3.12000006e-01 4.44041504e-01 5.00000000e-01 8.83456931e-01 5.29797955e-01 -1.42586047e+00 5.92553344e+00 -1.53942732e+00 6.01839117e+00 -1.31229363e+00 5.83267571e+00 1.69515497e-01 6.77493321e-01 9.47632543e-02 3.99653418e-01 1.00000000e+00 1.00000000e+00 -9.78934764e-01 1.47335144e+00 1.69515497e-01 6.77493321e-01 9.47632543e-02 3.99653418e-01 0.00000000e+00 0.00000000e+00
3.12000006e-01 4.65162196e-01 5.00000000e-01 1.01456863e+00 1.13692974e-01 6.34214286e-01 -2.73470163e+00 1.14308723e+00 -3.24105629e+00 1.25341347e-01 -2.22834696e+00 1.17211503e-01 6.37868304e-01 6.38803212e-01 1.08248229e+00 1.00000000e+00 0.00000000e+00 -3.90101141e-01 2.11138665e+00 1.17211503e-01 6.37868304e-01 6.38803212e-01 1.08248229e+00 0.00000000e+00 0.00000000e+00
3.12000006e-01 2.47465177e-01 5.00000000e-01 9.34251146e-01 4.42128199e-01 1.10706901e+00 -4.65461208e+00 1.07128476e+00 -3.27435161e+00 1.14285325e+00 -6.03487255e+00 1.39541175e-02 8.96945683e-01 1.50700823e-01 8.01847430e-01 1.00000000e+00 1.00000000e+00 -1.62649532e+00 2.57904358e+00 1.39541175e-02 8.96945683e-01 1.50700823e-01 8.01847430e-01 0.00000000e+00 0.00000000e+00
3.12000006e-01 2.96346847e-01 5.00000000e-01 9.61874135e-01 3.67654403e-01 1.68487542e+00 3.27564541e+00 1.56176833e+00 2.77173611e+00 1.80798252e+00 3.77955471e+00 1.16064395e-01 9.33320783e-01 4.10964821e-01 1.14866984e+00 1.00000000e+00 1.00000000e+00 -1.12175110e+00 2.68138576e+00 1.16064395e-01 9.33320783e-01 4.10964821e-01 1.14866984e+00 1.00000000e+00 0.00000000e+00
3.12000006e-01 2.64953838e-01 5.00000000e-01 8.04493349e-01 -8.21648246e-01 -9.84180878e-01 3.96960520e+00 -1.43684653e+00 3.91781288e+00 -5.31515230e-01 4.02139752e+00 -9.91369056e-01 1.04579065e-01 -4.21532365e-01 5.70925307e-01 1.00000000e+00 0.00000000e+00 -2.10332560e+00 2.25271854e+00 -9.91369056e-01 1.04579065e-01 -4.21532365e-01 5.70925307e-01 0.00000000e+00 0.00000000e+00
3.12000006e-01 4.68042976e-01 5.00000000e-01 1.10763281e+00 2.29166952e-02 -2.15169203e+00 -4.56517175e-01 -1.51221849e+00 -7.05867845e-01 -2.79116558e+00 -2.07166506e-01 4.48884679e-02 4.99037959e-01 6.05082868e-01 9.34507326e-01 1.00000000e+00 1.00000000e+00 -4.17989880e-01 1.95758007e+00 4.48884679e-02 4.99037959e-01 6.05082868e-01 9.34507326e-01 0.00000000e+00 1.00000000e+00
3.12000006e-01 2.44893505e-01 5.00000000e-01 1.10507273e+00 9.14067369e-02 -1.42274926e+00 6.37167412e+00 -6.95852640e-01 6.62210219e+00 -2.14964588e+00 6.12124605e+00 -5.24470512e-01 5.04220250e-01 -7.94494643e-01 4.45399748e-01 1.00000000e+00 0.00000000e+00 -2.58657767e+00 2.23748278e+00 -5.24470512e-01 5.04220250e-01 -7.94494643e-01 4.45399748e-01 0.00000000e+00 0.00000000e+00
3.12000006e-01 3.21158403e-01 5.00000000e-01 1.10236769e+00 2.24789329e-01 -4.64533055e-01 4.75492180e+00 -1.64755103e+00 3.90715981e+00 7.18484919e-01 5.60268379e+00 4.52895688e-02 5.98599991e-01 3.72962924e-01 6.49125237e-01 0.00000000e+00 1.00000000e+00 -1.05851269e+00 2.08060085e+00 4.52895688e-02 5.98599991e-01 3.72962924e-01 6.49125237e-01 0.00000000e+00 0.00000000e+00
3.12000006e-01 2.38176993e-01 5.00000000e-01 9.55313801e-01 6.02757232e-01 4.86514409e-01 5.69447723e+00 4.64861394e-01 6.90944821e+00 5.08167424e-01 4.47950625e+00 9.62267597e-02 9.19345797e-01 1.24045861e-01 5.84980685e-01 1.00000000e+00 1.00000000e+00 -1.70803844e+00 2.41706498e+00 9.62267597e-02 9.19345797e-01 1.24045861e-01 5.84980685e-01 0.00000000e+00 0.00000000e+00
3.12000006e-01 3.00827141e-01 5.00000000e-01 1.09415947e+00 2.71943843e-01 4.93272183e+00 -4.25160253e+00 4.78050375e+00 -4.61561319e+00 5.08493990e+00 -3.88759187e+00 -2.81285932e-01 8.39144521e-01 -5.86658449e-01 1.16625392e+00 1.00000000e+00 0.00000000e+00 -2.10010829e+00 2.67970377e+00 -2.81285932e-01 8.39144521e-01 -5.86658449e-01 1.16625392e+00 0.00000000e+00 0.00000000e+00
3.12000006e-01 6.17926321e-01 5.00000000e-01 1.09415947e+00 2.71943843e-01 4.90293313e+00 -4.42277789e+00 4.72092636e+00 -4.95796392e+00 5.08493990e+00 -3.88759187e+00 1.10451861e-01 4.30413958e-01 1.56860295e-01 3.77687059e-01 1.00000000e+00 1.00000000e+00 -6.31706567e-01 1.16625392e+00 1.10451861e-01 4.30413958e-01 1.56860295e-01 3.77687059e-01 0.00000000e+00 0.00000000e+00
3.12000006e-01 2.94422703e-01 5.00000000e-01 1.11083206e+00 -2.22208494e-01 3.30108422e+00 -4.60017612e+00 3.64049792e+00 -4.41726530e+00 2.96167053e+00 -4.78308694e+00 -7.76495620e-01 9.01236628e-03 -1.08161684e+00 -2.64047879e-01 0.00000000e+00 1.00000000e+00 -2.62274934e+00 1.27708462e+00 -7.76495620e-01 9.01236628e-03 -1.08161684e+00 -2.64047879e-01 0.00000000e+00 0.00000000e+00
3.12000006e-01 3.29237142e-01 5.00000000e-01 1.14149206e+00 -4.10674338e-02 4.79730477e+00 -2.48145625e+00 4.79706755e+00 -2.60336631e+00 4.79754199e+00 -2.35954619e+00 -2.96875081e-01 3.79797714e-01 -1.56850961e-01 5.53093122e-01 1.00000000e+00 1.00000000e+00 -1.55804165e+00 1.95428381e+00 -2.96875081e-01 3.79797714e-01 -1.56850961e-01 5.53093122e-01 0.00000000e+00 0.00000000e+00
3.12000006e-01 2.69248946e-01 5.00000000e-01 6.56011775e-01 1.16142709e+00 1.95053405e+00 2.42713809e+00 7.96056284e-01 2.88061501e+00 3.10501181e+00 1.97366118e+00 2.87494347e-01 1.41128032e+00 4.00163395e-02 9.06831216e-01 0.00000000e+00 1.00000000e+00 -1.61979902e+00 2.56664657e+00 2.87494347e-01 1.41128032e+00 4.00163395e-02 9.06831216e-01 0.00000000e+00 0.00000000e+00
3.12000006e-01 7.79630063e-01 5.00000000e-01 1.05706860e+00 -4.22382596e-01 4.38870624e+00 1.06633716e+00 5.21073929e+00 1.70053156e+00 3.56667319e+00 4.32142756e-01 -4.36572631e-01 -1.58254992e-01 -1.51159629e-01 6.48458067e-02 1.00000000e+00 1.00000000e+00 -7.81978009e-01 6.95664187e-01 -4.36572631e-01 -1.58254992e-01 -1.51159629e-01 6.48458067e-02 1.00000000e+00 0.00000000e+00
3.12000006e-01 4.40088925e-01 5.00000000e-01 1.12713278e+00 2.15673419e-01 8.51187498e-01 -2.12939507e+00 1.57703365e+00 -2.03044318e+00 1.25341347e-01 -2.22834696e+00 -1.50003372e-01 3.16181891e-01 -3.74515553e-01 -1.86465855e-05 1.00000000e+00 1.00000000e+00 -1.45701649e+00 1.08248229e+00 -1.50003372e-01 3.16181891e-01 -3.74515553e-01 -1.86465855e-05 0.00000000e+00 0.00000000e+00
3.12000006e-01 1.98333997e-01 5.00000000e-01 2.40807259e-01 -2.25215367e+00 -6.37926973e-01 -4.84408076e+00 -6.03194818e-01 -4.70196509e+00 -6.72659129e-01 -4.98619643e+00 -1.81434671e+00 -8.19803602e-02 -5.44239096e-01 3.43572364e-01 1.00000000e+00 0.00000000e+00 -2.65251018e+00 2.45184344e+00 -1.81434671e+00 -8.19803602e-02 -5.44239096e-01 3.43572364e-01 1.00000000e+00 0.00000000e+00
3.12000006e-01 3.70816627e-01 5.00000000e-01 2.40807259e-01 -2.25215367e+00 -6.35185785e-01 -4.69992007e+00 -2.59240594e-01 -3.68571170e+00 -1.01113098e+00 -5.71412845e+00 -9.07857565e-01 1.73299180e-02 5.03000846e-01 9.58118780e-01 1.00000000e+00 0.00000000e+00 -7.59783376e-01 2.22090300e+00 -9.07857565e-01 1.73299180e-02 5.03000846e-01 9.58118780e-01 0.00000000e+00 0.00000000e+00
3.12000006e-01 1.24235903e+00 5.00000000e-01 2.40807259e-01 -2.25215367e+00 1.29531663e-01 -5.32541818e+00 1.27019430e+00 -4.93670791e+00 -1.01113098e+00 -5.71412845e+00 -7.21619550e-01 -4.18636364e-01 4.01837196e-01 5.58326471e-01 1.00000000e+00 1.00000000e+00 2.04488686e-03 9.58118780e-01 -7.21619550e-01 -4.18636364e-01 4.01837196e-01 5.58326471e-01 0.00000000e+00 0.00000000e+00
3.12000006e-01 2.35365124e-01 5.00000000e-01 1.15055749e+00 -1.45463368e-01 8.81189972e-01 -5.45290992e+00 9.74423381e-01 -6.67928328e+00 7.87956563e-01 -4.22653655e+00 -5.33097537e-01 4.09543890e-01 -4.28036876e-01 5.89707480e-01 1.00000000e+00 1.00000000e+00 -2.27736661e+00 2.43903722e+00 -5.33097537e-01 4.09543890e-01 -4.28036876e-01 5.89707480e-01 0.00000000e+00 0.00000000e+00
3.12000006e-01 2.09836729e-01 5.00000000e-01 1.11216980e+00 -3.22528853e-01 -3.79666903e+00 4.31673817e+00 -4.22620271e+00 4.76275752e+00 -3.36713536e+00 3.87071882e+00 -8.53450385e-01 9.23983173e-02 -8.82575817e-01 -7.27397056e-02 1.00000000e+00 1.00000000e+00 -2.90349078e+00 1.94817526e+00 -8.53450385e-01 9.23983173e-02 -8.82575817e-01 -7.27397056e-02 0.00000000e+00 0.00000000e+00
3.12000006e-01 2.43749917e-01 5.00000000e-01 1.06756486e+00 -4.82295037e-01 5.58132844e+00 2.71176491e+00 5.85243784e+00 1.66493930e+00 5.31021903e+00 3.75859051e+00 -7.09722382e-01 2.60813627e-01 -2.82388839e-01 6.80726989e-01 0.00000000e+00 1.00000000e+00 -2.08116694e+00 2.47950509e+00 -7.09722382e-01 2.60813627e-01 -2.82388839e-01 6.80726989e-01 0.00000000e+00 0.00000000e+00
3.12000006e-01 3.12263298e-01 5.00000000e-01 1.06756486e+00 -4.82295037e-01 6.26589198e+00 3.85450192e+00 6.42583303e+00 4.12680337e+00 6.10595093e+00 3.58220048e+00 -5.58690175e-01 1.10237357e-01 1.18961532e-02 4.79985172e-01 1.00000000e+00 1.00000000e+00 -1.45438728e+00 1.94626861e+00 -5.58690175e-01 1.10237357e-01 1.18961532e-02 4.79985172e-01 0.00000000e+00 0.00000000e+00
3.12000006e-01 6.10375858e-01 5.00000000e-01 9.67610486e-01 -6.74326429e-01 2.98327369e+00 -6.38491820e-01 2.77051705e+00 -3.77419342e-01 3.19603032e+00 -8.99564298e-01 -2.50138971e-01 1.74799401e-01 9.16765608e-01 1.14937639e+00 1.00000000e+00 1.00000000e+00 1.18928034e-01 1.94721396e+00 -2.50138971e-01 1.74799401e-01 9.16765608e-01 1.14937639e+00 0.00000000e+00 0.00000000e+00
3.12000006e-01 3.67899637e-01 5.00000000e-01 1.07459660e+00 5.07176644e-01 3.22622655e-01 8.53946541e-01 -1.05742384e-01 5.88642162e-01 7.50987694e-01 1.11925092e+00 1.03217313e-01 7.91791498e-01 -6.38668012e-02 7.41858157e-01 1.00000000e+00 1.00000000e+00 -1.33550456e+00 2.01349592e+00 1.03217313e-01 7.91791498e-01 -6.38668012e-02 7.41858157e-01 0.00000000e+00 0.00000000e+00
3.12000006e-01 2.82768755e-01 5.00000000e-01 1.13154186e+00 -3.89260852e-01 2.92467294e+00 2.97685035e+00 3.02404421e+00 3.54162755e+00 2.82530166e+00 2.41207315e+00 -7.89466246e-01 -6.28740621e-02 -8.23504454e-01 -1.65280230e-01 1.00000000e+00 1.00000000e+00 -2.41752991e+00 1.42874522e+00 -7.89466246e-01 -6.28740621e-02 -8.23504454e-01 -1.65280230e-01 0.00000000e+00 0.00000000e+00
3.12000006e-01 3.25682753e-01 5.00000000e-01 1.21086947e+00 1.29671798e-01 -3.29866644e-01 -1.40571217e+00 -2.28355515e-01 -1.31109383e+00 -4.31377772e-01 -1.50033052e+00 -2.84722941e-01 3.20302463e-01 -4.81727567e-01 6.23194928e-02 0.00000000e+00 1.00000000e+00 -1.89609190e+00 1.47668382e+00 -2.84722941e-01 3.20302463e-01 -4.81727567e-01 6.23194928e-02 0.00000000e+00 0.00000000e+00
3.12000006e-01 5.32075369e-01 5.00000000e-01 1.10166151e+00 -4.61557735e-01 4.90581270e+00 2.15537499e+00 4.81424167e+00 2.21033718e+00 4.99738372e+00 2.10041280e+00 -3.15136201e-01 1.24398960e-01 4.57317552e-01 7.88491720e-01 1.00000000e+00 1.00000000e+00 -4.50864579e-01 1.69667385e+00 -3.15136201e-01 1.24398960e-01 4.57317552e-01 7.88491720e-01 0.00000000e+00 0.00000000e+00
3.12000006e-01 2.33996549e-01 5.00000000e-01 1.21810703e+00 -1.04387924e-01 4.27166316e+00 -1.40817175e+00 4.60761356e+00 -1.77800420e+00 3.93571276e+00 -1.03833931e+00 -6.21237799e-01 9.70347809e-02 -7.80472450e-01 -3.56012898e-01 1.00000000e+00 1.00000000e+00 -2.63830583e+00 1.50182049e+00 -6.21237799e-01 9.70347809e-02 -7.80472450e-01 -3.56012898e-01 0.00000000e+00 0.00000000e+00
3.12000006e-01 2.87425293e-01 5.00000000e-01 1.18429589e+00 -2.69522845e-01 -1.33993786e+00 -1.49079934e+00 -5.17559757e-01 -1.23876001e+00 -2.16231595e+00 -1.74283867e+00 -6.02736569e-01 1.26171226e-01 -5.52229987e-01 1.94093318e-01 1.00000000e+00 1.00000000e+00 -2.12471732e+00 1.76658065e+00 -6.02736569e-01 1.26171226e-01 -5.52229987e-01 1.94093318e-01 1.00000000e+00 0.00000000e+00
3.12000006e-01 3.94626311e-01 5.00000000e-01 1.18726077e+00 2.72817297e-01 2.32031677e+00 2.59326724e+00 2.05719389e+00 2.65129781e+00 2.58343966e+00 2.53523667e+00 -1.89403996e-01 3.53925647e-01 -5.67102227e-01 -5.17915411e-02 1.00000000e+00 0.00000000e+00 -1.76179613e+00 1.14290236e+00 -1.89403996e-01 3.53925647e-01 -5.67102227e-01 -5.17915411e-02 0.00000000e+00 0.00000000e+00
3.12000006e-01 2.99935511e-01 5.00000000e-01 1.21331687e+00 1.82148537e-01 -1.01216741e+00 5.62229983e+00 -1.59578195e+00 5.85151558e+00 -4.28552867e-01 5.39308408e+00 -3.03739028e-01 7.16673004e-01 -5.77637301e-01 1.07241188e+00 1.00000000e+00 1.00000000e+00 -2.09488485e+00 2.58965943e+00 -3.03739028e-01 7.16673004e-01 -5.77637301e-01 1.07241188e+00 0.00000000e+00 0.00000000e+00
3.12000006e-01 4.04960396e-01 5.00000000e-01 1.21331687e+00 1.82148537e-01 -2.47990414e+00 6.33403070e+00 -2.81016239e+00 6.54681535e+00 -2.14964588e+00 6.12124605e+00 -4.87135328e-01 8.81807474e-02 -1.22845064e+00 -7.21881293e-01 1.00000000e+00 1.00000000e+00 -2.39573168e+00 4.45399748e-01 -4.87135328e-01 8.81807474e-02 -1.22845064e+00 -7.21881293e-01 0.00000000e+00 0.00000000e+00
3.12000006e-01 2.74635751e-01 5.00000000e-01 1.11923338e+00 4.66816453e-01 -1.69947213e+00 1.12016412e+00 -1.69152036e+00 8.24885599e-01 -1.70742391e+00 1.41544265e+00 2.41815174e-02 7.27387627e-01 -5.72087054e-02 4.71034258e-01 0.00000000e+00 1.00000000e+00 -1.69021030e+00 2.10403585e+00 2.41815174e-02 7.27387627e-01 -5.72087054e-02 4.71034258e-01 0.00000000e+00 0.00000000e+00
3.12000006e-01 4.91731070e-01 5.00000000e-01 1.15852330e+00 -4.11697944e-01 4.67917964e+00 1.37947992e+00 4.55321466e+00 1.05592992e+00 4.80514462e+00 1.70302992e+00 -4.60766218e-02 4.48438567e-01 1.22614634e+00 1.50905401e+00 1.00000000e+00 1.00000000e+00 2.48707388e-01 2.48649296e+00 -4.60766218e-02 4.48438567e-01 1.22614634e+00 1.50905401e+00 0.00000000e+00 0.00000000e+00
3.12000006e-01 4.11967475e-01 5.00000000e-01 1.09901121e+00 -5.35891541e-01 6.83555915e+00 -2.23129771e+00 8.03915863e+00 -1.49289999e+00 5.63195967e+00 -2.96969543e+00 -5.19775228e-01 5.00633657e-02 9.03276529e-02 5.91616931e-01 1.00000000e+00 1.00000000e+00 -1.05904181e+00 1.74098640e+00 -5.19775228e-01 5.00633657e-02 9.03276529e-02 5.91616931e-01 0.00000000e+00 0.00000000e+00
3.12000006e-01 2.74428929e-01 5.00000000e-01 1.12488276e+00 -4.88476002e-01 -2.73582776e+00 2.27692266e+00 -2.93261983e+00 2.40999670e+00 -2.53903568e+00 2.14384862e+00 -6.73769094e-01 4.90107195e-02 -2.64614782e-01 2.90969481e-01 1.00000000e+00 0.00000000e+00 -1.89863085e+00 1.92498555e+00 -6.73769094e-01 4.90107195e-02 -2.64614782e-01 2.90969481e-01 0.00000000e+00 0.00000000e+00
3.12000006e-01 2.78884449e-01 5.00000000e-01 1.22118093e+00 -2.79656102e-01 3.69483068e+00 1.62834134e+00 2.98115955e+00 1.14231774e+00 4.40850182e+00 2.11436494e+00 -4.94458625e-01 6.24568402e-01 -1.94954860e-01 1.47370497e+00 1.00000000e+00 1.00000000e+00 -1.80737484e+00 3.08612494e+00 -4.94458625e-01 6.24568402e-01 -1.94954860e-01 1.47370497e+00 0.00000000e+00 0.00000000e+00
3.12000006e-01 5.01629540e-01 5.00000000e-01 8.61754563e-01 9.40287678e-01 2.75652305e+00 -2.98133589e+00 2.59039407e+00 -3.20796128e+00 2.92265203e+00 -2.75471050e+00 1.71807691e-01 6.94104580e-01 -5.20096130e-01 -2.02108898e-01 0.00000000e+00 1.00000000e+00 -1.47961330e+00 7.57408267e-01 1.71807691e-01 6.94104580e-01 -5.20096130e-01 -2.02108898e-01 0.00000000e+00 0.00000000e+00
3.12000006e-01 3.32936161e-01 5.00000000e-01 1.25993541e+00 1.48376305e-01 -3.72399559e+00 3.10241334e-01 -3.10999501e+00 3.92763188e-01 -4.33799617e+00 2.27719480e-01 -4.82892104e-01 5.49144631e-01 -1.08908385e+00 7.62672393e-01 1.00000000e+00 1.00000000e+00 -2.47680943e+00 2.15039797e+00 -4.82892104e-01 5.49144631e-01 -1.08908385e+00 7.62672393e-01 0.00000000e+00 0.00000000e+00
3.12000006e-01 2.68621811e-01 5.00000000e-01 1.27666719e+00 8.56862944e-02 2.73346587e+00 5.54962898e+00 1.76284532e+00 5.85138012e+00 3.70408642e+00 5.24787783e+00 -4.68700248e-01 3.64716019e-01 -8.25943469e-01 2.03604147e-01 1.00000000e+00 0.00000000e+00 -2.48893421e+00 1.86659489e+00 -4.68700248e-01 3.64716019e-01 -8.25943469e-01 2.03604147e-01 0.00000000e+00 0.00000000e+00
3.12000006e-01 2.72744540e-01 5.00000000e-01 1.19343531e+00 4.03214061e-01 -2.17330934e+00 2.99198860e-01 -2.06323881e+00 7.89167594e-01 -2.28337987e+00 -1.90769874e-01 1.96775921e-01 9.85969551e-01 5.40083284e-01 1.34339883e+00 1.00000000e+00 1.00000000e+00 -1.10223905e+00 2.98572116e+00 1.96775921e-01 9.85969551e-01 5.40083284e-01 1.34339883e+00 0.00000000e+00 0.00000000e+00
3.12000006e-01 2.24366483e-01 5.00000000e-01 1.26639800e+00 2.28515551e-01 -4.83944374e+00 2.73983586e+00 -5.03498394e+00 2.35210044e+00 -4.64390354e+00 3.12757127e+00 -4.19533615e-01 5.10954396e-01 -7.89842434e-01 2.24010161e-01 1.00000000e+00 1.00000000e+00 -2.70963756e+00 2.14380529e+00 -4.19533615e-01 5.10954396e-01 -7.89842434e-01 2.24010161e-01 0.00000000e+00 0.00000000e+00
3.12000006e-01 2.52770847e-01 5.00000000e-01 1.29523786e+00 8.74232683e-02 3.84442824e+00 -3.86490271e+00 3.54398249e+00 -3.68563631e+00 4.14487400e+00 -4.04416911e+00 -2.24336850e-01 6.08434786e-01 -9.95276675e-02 8.79518702e-01 1.00000000e+00 0.00000000e+00 -1.84672983e+00 2.62672086e+00 -2.24336850e-01 6.08434786e-01 -9.95276675e-02 8.79518702e-01 0.00000000e+00 0.00000000e+00
3.12000006e-01 2.93530311e-01 5.00000000e-01 1.27436384e+00 -2.07979415e-01 -4.02676687e+00 2.17488105e+00 -3.83574486e+00 1.64768667e+00 -4.21778887e+00 2.70207543e+00 -3.92352053e-01 2.25593174e-01 -7.63746780e-02 4.30053597e-01 1.00000000e+00 1.00000000e+00 -1.62144027e+00 1.97511919e+00 -3.92352053e-01 2.25593174e-01 -7.63746780e-02 4.30053597e-01 1.00000000e+00 0.00000000e+00
3.12000006e-01 2.77327802e-01 5.00000000e-01 1.30914870e+00 3.06957115e-02 4.96286797e+00 7.84203584e-03 5.26432550e+00 -4.15838941e-02 4.66141044e+00 5.72679658e-02 -3.60042188e-01 3.11587942e-01 -4.65898446e-01 1.90913848e-01 1.00000000e+00 1.00000000e+00 -2.08580238e+00 1.81081778e+00 -3.60042188e-01 3.11587942e-01 -4.65898446e-01 1.90913848e-01 0.00000000e+00 0.00000000e+00
3.12000006e-01 2.52237991e-01 5.00000000e-01 1.10731990e+00 -6.00572434e-01 -1.01026760e+00 -2.28587406e+00 7.46192200e-02 -1.31197225e+00 -2.09515441e+00 -3.25977587e+00 -9.31562880e-01 1.11279747e-01 -7.46807866e-01 5.43614425e-01 1.00000000e+00 0.00000000e+00 -2.49697950e+00 2.29378606e+00 -9.31562880e-01 1.11279747e-01 -7.46807866e-01 5.43614425e-01 0.00000000e+00 0.00000000e+00
3.12000006e-01 9.30472829e-01 5.00000000e-01 9.96957820e-01 -7.78850657e-01 3.62995051e+00 -2.73272116e+00 3.29155111e+00 -2.13936323e+00 3.96834990e+00 -3.32607909e+00 -6.31133619e-01 -3.69890256e-01 -7.41215680e-02 1.26898950e-01 1.00000000e+00 1.00000000e+00 -6.05218909e-01 6.57996291e-01 -6.31133619e-01 -3.69890256e-01 -7.41215680e-02 1.26898950e-01 1.00000000e+00 0.00000000e+00
3.12000006e-01 3.07552898e-01 5.00000000e-01 1.31722681e+00 3.06867859e-02 -3.63192246e+00 3.51605260e+00 -2.98349906e+00 3.25057802e+00 -4.28034586e+00 3.78152718e+00 -2.33094404e-01 6.14870880e-01 -1.45536810e-01 1.13594143e+00 1.00000000e+00 0.00000000e+00 -1.63090720e+00 2.62131182e+00 -2.33094404e-01 6.14870880e-01 -1.45536810e-01 1.13594143e+00 0.00000000e+00 0.00000000e+00
3.12000006e-01 4.28659640e-01 5.00000000e-01 1.31722681e+00 3.06867859e-02 -3.29056212e+00 3.68631722e+00 -2.39287676e+00 4.50627720e+00 -4.18824749e+00 2.86635723e+00 -1.81353331e-01 1.90080886e-01 -1.63646288e-01 4.58077459e-02 1.00000000e+00 1.00000000e+00 -1.27240073e+00 1.15456219e+00 -1.81353331e-01 1.90080886e-01 -1.63646288e-01 4.58077459e-02 0.00000000e+00 0.00000000e+00
3.12000006e-01 3.90821272e-01 5.00000000e-01 1.23524310e+00 -3.69749987e-01 4.17667906e+00 5.67169229e+00 4.29052791e+00 5.75988319e+00 4.06283021e+00 5.58350138e+00 -3.65036893e-01 7.65939824e-02 2.49156521e-01 4.50812113e-01 1.00000000e+00 1.00000000e+00 -9.55943476e-01 1.65591211e+00 -3.65036893e-01 7.65939824e-02 2.49156521e-01 4.50812113e-01 0.00000000e+00 0.00000000e+00
3.12000006e-01 3.22261375e-01 5.00000000e-01 1.30473580e+00 -1.68292216e-01 -5.35166384e-01 -8.75004501e-01 -1.02515303e-01 -8.61379772e-01 -9.67817465e-01 -8.88629230e-01 -7.34177765e-01 -9.04376853e-02 -1.24637666e+00 -6.02083572e-01 1.00000000e+00 1.00000000e+00 -2.67364480e+00 8.25184576e-01 -7.34177765e-01 -9.04376853e-02 -1.24637666e+00 -6.02083572e-01 0.00000000e+00 0.00000000e+00
3.12000006e-01 2.59217129e-01 5.00000000e-01 1.11937415e+00 6.11642113e-01 6.21723283e-01 -4.99277314e+00 1.61555589e+00 -5.37582701e+00 -3.72109327e-01 -4.60971927e+00 -3.00916963e-01 8.36307668e-01 -1.03046830e+00 4.67954571e-01 1.00000000e+00 1.00000000e+00 -2.74247986e+00 2.17996613e+00 -3.00916963e-01 8.36307668e-01 -1.03046830e+00 4.67954571e-01 0.00000000e+00 0.00000000e+00
3.12000006e-01 9.94591437e-01 5.00000000e-01 1.12059310e+00 -6.11637910e-01 -1.27765298e+00 -2.41514005e+00 -1.07688924e-01 -1.65302728e+00 -2.44761704e+00 -3.17725282e+00 -2.71614944e-01 -1.12212010e-02 6.91638700e-01 8.94124076e-01 1.00000000e+00 1.00000000e+00 1.94068394e-01 1.39169438e+00 -2.71614944e-01 -1.12212010e-02 6.91638700e-01 8.94124076e-01 0.00000000e+00 1.00000000e+00
3.12000006e-01 3.63147487e-01 5.00000000e-01 1.33303679e+00 -9.20146250e-02 -9.30071289e-01 8.82198598e+00 -1.15235891e+00 8.00678867e+00 -7.07783666e-01 9.63718330e+00 -5.60067565e-01 6.80142371e-03 -9.91652156e-01 -3.75447646e-01 1.00000000e+00 1.00000000e+00 -2.27796938e+00 9.10869574e-01 -5.60067565e-01 6.80142371e-03 -9.91652156e-01 -3.75447646e-01 0.00000000e+00 0.00000000e+00
3.12000006e-01 2.44675932e-01 5.00000000e-01 1.12761525e+00 -6.05432136e-01 -1.99301335e+00 -2.90402359e+00 -3.11773737e+00 -3.34760134e+00 -8.68289337e-01 -2.46044585e+00 -1.08617442e+00 -8.26660535e-03 -1.15750813e+00 2.49337449e-01 1.00000000e+00 1.00000000e+00 -2.95086134e+00 2.04269066e+00 -1.08617442e+00 -8.26660535e-03 -1.15750813e+00 2.49337449e-01 0.00000000e+00 0.00000000e+00
3.12000006e-01 2.33204979e-01 5.00000000e-01 9.01027624e-01 9.51924371e-01 -1.61631604e+00 1.36934772e+00 -1.65037691e+00 8.00841479e-01 -1.58225518e+00 1.93785396e+00 1.10432020e-01 1.07230759e+00 -2.59920557e-01 3.56698108e-01 0.00000000e+00 0.00000000e+00 -2.12270576e+00 2.21948331e+00 1.10432020e-01 1.07230759e+00 -2.59920557e-01 3.56698108e-01 0.00000000e+00 0.00000000e+00
3.12000006e-01 2.75662485e-01 5.00000000e-01 9.01027624e-01 9.51924371e-01 -2.10447999e+00 1.46987661e-01 -2.75510655e+00 -6.96602783e-01 -1.45385342e+00 9.90578104e-01 4.02511885e-01 1.17493167e+00 3.06683991e-01 7.55809275e-01 0.00000000e+00 1.00000000e+00 -1.32129885e+00 2.38379212e+00 4.02511885e-01 1.17493167e+00 3.06683991e-01 7.55809275e-01 0.00000000e+00 1.00000000e+00
3.12000006e-01 2.89122582e-01 5.00000000e-01 9.01027624e-01 9.51924371e-01 -2.44024222e+00 6.37937492e-01 -1.93599367e+00 5.78101600e-01 -2.94449078e+00 6.97773384e-01 -2.20356801e-01 6.70601219e-01 -1.13268611e+00 -6.05193044e-01 1.00000000e+00 1.00000000e+00 -2.69745839e+00 9.59579231e-01 -2.20356801e-01 6.70601219e-01 -1.13268611e+00 -6.05193044e-01 1.00000000e+00 0.00000000e+00
3.12000006e-01 3.22806983e-01 5.00000000e-01 1.27149705e+00 3.38299914e-01 2.32620303e+00 8.09624305e+00 2.68455123e+00 7.84789045e+00 1.96785482e+00 8.34459565e+00 6.55553025e-02 6.45681436e-01 1.23669322e-01 6.61088714e-01 1.00000000e+00 1.00000000e+00 -1.30152615e+00 2.08628419e+00 6.55553025e-02 6.45681436e-01 1.23669322e-01 6.61088714e-01 0.00000000e+00 0.00000000e+00
3.12000006e-01 2.75992021e-01 5.00000000e-01 1.27149705e+00 3.38299914e-01 2.62258495e+00 7.85450858e+00 2.84574315e+00 7.84533535e+00 2.39942674e+00 7.86368182e+00 -3.05664640e-01 7.35310461e-01 -8.19935516e-01 8.28950113e-01 1.00000000e+00 1.00000000e+00 -2.44631369e+00 2.45532829e+00 -3.05664640e-01 7.35310461e-01 -8.19935516e-01 8.28950113e-01 0.00000000e+00 0.00000000e+00
3.12000006e-01 2.89286384e-01 5.00000000e-01 1.09034819e+00 -6.72596084e-01 -1.42821595e-01 -2.07510685e-01 -1.22087754e+00 -5.83206238e-01 9.35234348e-01 1.68184868e-01 -7.37331784e-01 -7.42054403e-02 -9.61178767e-02 2.72536743e-01 0.00000000e+00 1.00000000e+00 -1.66014935e+00 1.83656822e+00 -7.37331784e-01 -7.42054403e-02 -9.61178767e-02 2.72536743e-01 0.00000000e+00 0.00000000e+00
3.12000006e-01 2.46909800e-01 5.00000000e-01 1.25639444e+00 3.88220508e-01 -3.72079007e+00 -5.52901192e-01 -3.18357879e+00 1.09756934e-01 -4.25800134e+00 -1.21555932e+00 -2.05893027e-01 4.95521328e-01 -5.55245541e-01 -1.27714675e-01 1.00000000e+00 1.00000000e+00 -2.33563704e+00 1.65267683e+00 -2.05893027e-01 4.95521328e-01 -5.55245541e-01 -1.27714675e-01 0.00000000e+00 0.00000000e+00
3.12000006e-01 2.75526584e-01 5.00000000e-01 1.03635156e+00 7.70821670e-01 -5.94716576e-01 2.49892971e+00 -6.50690535e-01 2.43277808e+00 -5.38742617e-01 2.56508134e+00 3.05137362e-01 1.16888483e+00 2.37738431e-01 1.12353436e+00 1.00000000e+00 1.00000000e+00 -1.39090704e+00 2.75217983e+00 3.05137362e-01 1.16888483e+00 2.37738431e-01 1.12353436e+00 0.00000000e+00 0.00000000e+00
3.12000006e-01 2.56312770e-01 5.00000000e-01 1.36251577e+00 -8.40510716e-03 4.71180260e+00 2.19451251e+00 4.65990726e+00 2.45849111e+00 4.76369794e+00 1.93053391e+00 -3.00156636e-01 4.00052393e-01 -1.73932220e-01 5.16002044e-01 1.00000000e+00 1.00000000e+00 -1.90163315e+00 2.24370298e+00 -3.00156636e-01 4.00052393e-01 -1.73932220e-01 5.16002044e-01 0.00000000e+00 0.00000000e+00
3.12000006e-01 2.48224617e-01 5.00000000e-01 1.36251577e+00 -8.40510716e-03 4.59127058e+00 3.28006759e-01 3.82559862e+00 8.78179758e-01 5.35694253e+00 -2.22166240e-01 -4.25152871e-01 3.24264549e-01 -5.34582809e-01 2.63964191e-01 1.00000000e+00 1.00000000e+00 -2.30742683e+00 2.03680821e+00 -4.25152871e-01 3.24264549e-01 -5.34582809e-01 2.63964191e-01 0.00000000e+00 0.00000000e+00
3.12000006e-01 3.84603665e-01 5.00000000e-01 1.36251577e+00 -8.40510716e-03 4.02922908e+00 5.22669587e-01 4.31038833e+00 1.39638449e+00 3.74806982e+00 -3.51045313e-01 -1.05355533e-01 4.05053586e-01 2.44272757e-01 7.83313321e-01 0.00000000e+00 1.00000000e+00 -9.78209086e-01 2.00579516e+00 -1.05355533e-01 4.05053586e-01 2.44272757e-01 7.83313321e-01 0.00000000e+00 0.00000000e+00
3.12000006e-01 1.29352278e+00 5.00000000e-01 1.36251577e+00 -8.40510716e-03 3.94328731e+00 1.77728442e+00 4.31038833e+00 1.39638449e+00 3.57618629e+00 2.15818435e+00 1.12309783e-01 2.45271786e-01 6.28447200e-01 7.04798595e-01 1.00000000e+00 1.00000000e+00 2.44272757e-01 1.08897304e+00 1.12309783e-01 2.45271786e-01 6.28447200e-01 7.04798595e-01 0.00000000e+00 0.00000000e+00
3.12000006e-01 2.80276490e-01 5.00000000e-01 1.09920946e+00 -6.80029337e-01 -5.76155317e-01 -1.11450996e+00 -9.86557484e-01 -1.06828642e+00 -1.65753150e-01 -1.16073350e+00 -7.67726973e-01 6.64046879e-02 -1.56699935e-01 6.12816618e-01 1.00000000e+00 0.00000000e+00 -1.76248212e+00 2.21859880e+00 -7.67726973e-01 6.64046879e-02 -1.56699935e-01 6.12816618e-01 0.00000000e+00 0.00000000e+00
3.12000006e-01 4.27758206e-01 5.00000000e-01 1.34119448e+00 2.03098453e-01 -5.87635733e+00 -3.28379826e+00 -5.48432377e+00 -3.11194357e+00 -6.26839089e+00 -3.45565295e+00 -6.27597950e-02 3.11538316e-01 -1.77565626e-01 4.35721561e-02 1.00000000e+00 1.00000000e+00 -1.28844283e+00 1.15444936e+00 -6.27597950e-02 3.11538316e-01 -1.77565626e-01 4.35721561e-02 0.00000000e+00 0.00000000e+00
3.12000006e-01 2.62204405e-01 5.00000000e-01 1.34119448e+00 2.03098453e-01 -4.66136652e+00 -3.70833361e+00 -4.68909125e+00 -3.68238747e+00 -4.63364180e+00 -3.73427976e+00 -3.32894306e-01 5.15558052e-01 -6.83778425e-01 4.40123939e-01 1.00000000e+00 0.00000000e+00 -2.37992869e+00 2.13627420e+00 -3.32894306e-01 5.15558052e-01 -6.83778425e-01 4.40123939e-01 0.00000000e+00 0.00000000e+00
3.12000006e-01 7.84902874e-01 5.00000000e-01 1.17306307e+00 -5.70786641e-01 4.96439814e+00 4.11396731e+00 5.35021653e+00 3.55018018e+00 4.57857974e+00 4.67775445e+00 -4.90659824e-01 -2.19120810e-01 9.79283966e-03 2.32776789e-01 1.00000000e+00 1.00000000e+00 -6.16921705e-01 8.59491333e-01 -4.90659824e-01 -2.19120810e-01 9.79283966e-03 2.32776789e-01 0.00000000e+00 0.00000000e+00
3.12000006e-01 2.54999022e-01 5.00000000e-01 1.35752165e+00 1.41054762e-01 -6.12499319e+00 -1.65206630e+00 -6.29959960e+00 -1.15646107e+00 -5.95038678e+00 -2.14767153e+00 -2.13432854e-01 5.08606990e-01 -2.15100999e-01 5.36987974e-01 1.00000000e+00 1.00000000e+00 -1.94998749e+00 2.27187447e+00 -2.13432854e-01 5.08606990e-01 -2.15100999e-01 5.36987974e-01 0.00000000e+00 0.00000000e+00
3.12000006e-01 5.58988679e-01 5.00000000e-01 1.36340977e+00 1.21068960e-01 -6.48307507e-01 4.49927179e+00 -4.35809074e-02 4.96112218e+00 -1.25303411e+00 4.03742141e+00 -1.89535137e-01 1.54329688e-01 -5.35334533e-01 -1.88609580e-01 1.00000000e+00 1.00000000e+00 -1.40239062e+00 6.78446507e-01 -1.89535137e-01 1.54329688e-01 -5.35334533e-01 -1.88609580e-01 0.00000000e+00 0.00000000e+00
3.12000006e-01 2.68927932e-01 5.00000000e-01 1.18265134e+00 5.62842350e-01 2.15617113e+00 3.48453783e+00 1.79785041e+00 3.76665021e+00 2.51449184e+00 3.20242545e+00 -2.98505178e-01 6.84341152e-01 -1.03757928e+00 1.37867367e-01 1.00000000e+00 0.00000000e+00 -2.69901862e+00 1.79930670e+00 -2.98505178e-01 6.84341152e-01 -1.03757928e+00 1.37867367e-01 0.00000000e+00 0.00000000e+00
3.12000006e-01 7.06217783e-01 5.00000000e-01 1.18265134e+00 5.62842350e-01 2.75662496e+00 3.59349380e+00 2.99875808e+00 3.98456215e+00 2.51449184e+00 3.20242545e+00 -1.47631458e-03 3.27235743e-01 -7.96391571e-01 -5.56118966e-01 1.00000000e+00 1.00000000e+00 -1.49037790e+00 1.37867367e-01 -1.47631458e-03 3.27235743e-01 -7.96391571e-01 -5.56118966e-01 0.00000000e+00 0.00000000e+00
3.12000006e-01 2.73341861e-01 5.00000000e-01 1.18265134e+00 5.62842350e-01 1.35495190e+00 2.82448184e+00 1.44410380e+00 4.28466782e+00 1.26580000e+00 1.36429587e+00 8.84303848e-02 7.66198880e-01 -8.50603892e-02 4.13660067e-01 1.00000000e+00 1.00000000e+00 -1.72442810e+00 2.05302777e+00 8.84303848e-02 7.66198880e-01 -8.50603892e-02 4.13660067e-01 0.00000000e+00 0.00000000e+00
3.12000006e-01 2.77534060e-01 5.00000000e-01 1.32910317e+00 -2.97918372e-01 4.22818730e-01 1.43110041e-02 2.57162699e-01 1.87714557e-01 5.88474760e-01 -1.59092549e-01 -5.94909684e-01 2.94225329e-02 -5.18998861e-01 1.82151487e-02 1.00000000e+00 1.00000000e+00 -2.13790741e+00 1.63712370e+00 -5.94909684e-01 2.94225329e-02 -5.18998861e-01 1.82151487e-02 0.00000000e+00 0.00000000e+00
3.12000006e-01 5.26922162e-01 5.00000000e-01 1.06667251e+00 -7.63188864e-01 1.49951672e+00 -5.77319540e-01 2.09154121e+00 1.63763653e-01 9.07492237e-01 -1.31840273e+00 -6.32008742e-01 -1.86464188e-01 1.03333696e-01 4.33558183e-01 1.00000000e+00 1.00000000e+00 -8.13158929e-01 1.35005081e+00 -6.32008742e-01 -1.86464188e-01 1.03333696e-01 4.33558183e-01 0.00000000e+00 0.00000000e+00
3.12000006e-01 4.77779346e-01 5.00000000e-01 1.31648219e+00 3.41998599e-01 -2.82821780e+00 1.16235995e+00 -3.38553653e+00 1.29676866e+00 -2.27089907e+00 1.02795125e+00 3.31374460e-02 4.32284139e-01 -2.17954568e-01 1.66219630e-01 1.00000000e+00 1.00000000e+00 -1.22178179e+00 1.17004685e+00 3.31374460e-02 4.32284139e-01 -2.17954568e-01 1.66219630e-01 0.00000000e+00 0.00000000e+00
3.12000006e-01 2.33868176e-01 5.00000000e-01 1.24718822e+00 4.92208840e-01 -2.49034737e+00 -1.59599642e+00 -2.57113654e+00 -1.62709982e+00 -2.40955820e+00 -1.56489303e+00 2.09340295e-01 9.74837177e-01 4.73723320e-01 1.09382465e+00 1.00000000e+00 0.00000000e+00 -1.38491146e+00 2.95245943e+00 2.09340295e-01 9.74837177e-01 4.73723320e-01 1.09382465e+00 0.00000000e+00 0.00000000e+00
3.12000006e-01 4.03907750e-01 5.00000000e-01 1.40443564e+00 8.09418771e-03 4.23980117e+00 -3.04414542e+00 3.65388091e+00 -3.10995832e+00 4.82572143e+00 -2.97833253e+00 -1.46525592e-01 2.71043860e-01 1.51976257e-02 3.76886488e-01 1.00000000e+00 1.00000000e+00 -1.15482049e+00 1.54690460e+00 -1.46525592e-01 2.71043860e-01 1.51976257e-02 3.76886488e-01 1.00000000e+00 0.00000000e+00
3.12000006e-01 2.29419223e-01 5.00000000e-01 1.37982357e+00 -1.91146367e-01 -1.75982491e+00 1.03320950e+00 -1.82154869e+00 1.00573728e+00 -1.69810112e+00 1.06068172e+00 -5.55908435e-01 1.89865627e-01 -5.14293620e-01 1.81303172e-01 1.00000000e+00 0.00000000e+00 -2.40110587e+00 2.06811542e+00 -5.55908435e-01 1.89865627e-01 -5.14293620e-01 1.81303172e-01 0.00000000e+00 0.00000000e+00
3.12000006e-01 3.09383885e-01 5.00000000e-01 1.06096135e+00 7.85175373e-01 2.20940949e+00 -4.16042001e+00 2.16476746e+00 -4.31740618e+00 2.25405153e+00 -4.00343383e+00 2.16437377e-01 9.65725213e-01 -1.06457657e-01 6.03034265e-01 0.00000000e+00 1.00000000e+00 -1.58435331e+00 2.08092992e+00 2.16437377e-01 9.65725213e-01 -1.06457657e-01 6.03034265e-01 0.00000000e+00 0.00000000e+00
3.12000006e-01 2.71704540e-01 5.00000000e-01 1.38705451e+00 1.80276734e-01 4.93017247e-01 2.89322571e+00 3.08714906e-01 3.69481844e+00 6.77319587e-01 2.09163298e+00 -1.51547397e-01 5.11056838e-01 -1.64285552e-01 5.21563352e-01 1.00000000e+00 1.00000000e+00 -1.81177612e+00 2.16905392e+00 -1.51547397e-01 5.11056838e-01 -1.64285552e-01 5.21563352e-01 0.00000000e+00 0.00000000e+00
3.12000006e-01 4.47356858e-01 5.00000000e-01 1.25755368e+00 -4.97178872e-01 -2.11063942e+00 -2.58665507e+00 -1.32021134e+00 -1.69371058e+00 -2.90106750e+00 -3.47959956e+00 -8.23780801e-01 -3.56151530e-01 -1.05119680e+00 -5.40599070e-01 1.00000000e+00 0.00000000e+00 -2.11761670e+00 5.25820825e-01 -8.23780801e-01 -3.56151530e-01 -1.05119680e+00 -5.40599070e-01 0.00000000e+00 0.00000000e+00
3.12000006e-01 2.22481671e-01 5.00000000e-01 1.28277976e+00 -4.58495934e-01 -4.59256399e+00 3.79842808e+00 -5.17903099e+00 3.39695750e+00 -4.00609700e+00 4.19989866e+00 -3.76006087e-01 3.69686199e-01 8.00500396e-01 1.00370753e+00 1.00000000e+00 1.00000000e+00 -1.13187510e+00 2.93608303e+00 -3.76006087e-01 3.69686199e-01 8.00500396e-01 1.00370753e+00 0.00000000e+00 0.00000000e+00
3.12000006e-01 4.48931908e-01 5.00000000e-01 1.35424897e+00 -3.15910685e-01 -3.21856488e-01 -9.09177892e-01 -2.71956284e-01 -6.25503865e-01 -3.71756691e-01 -1.19285192e+00 -2.10430608e-01 2.12632949e-01 6.03519100e-01 8.75426637e-01 1.00000000e+00 1.00000000e+00 -4.59476317e-01 1.93842205e+00 -2.10430608e-01 2.12632949e-01 6.03519100e-01 8.75426637e-01 0.00000000e+00 0.00000000e+00
3.12000006e-01 2.46876145e-01 5.00000000e-01 1.37315142e+00 -2.69965705e-01 -1.55000399e+00 1.43673368e+00 -1.02136750e+00 1.61265222e+00 -2.07864049e+00 1.26081514e+00 -3.07386628e-01 3.75578120e-01 4.80293111e-01 8.82623615e-01 1.00000000e+00 1.00000000e+00 -1.30029237e+00 2.66320909e+00 -3.07386628e-01 3.75578120e-01 4.80293111e-01 8.82623615e-01 0.00000000e+00 0.00000000e+00
3.12000006e-01 2.42681270e-01 5.00000000e-01 1.18549667e+00 -6.30211267e-01 2.92547185e+00 1.14889596e+00 2.41351694e+00 7.32258123e-01 3.43742676e+00 1.56553379e+00 -9.06464535e-01 5.10786000e-02 -6.26315827e-01 4.71072791e-01 1.00000000e+00 1.00000000e+00 -2.43139264e+00 2.27614960e+00 -9.06464535e-01 5.10786000e-02 -6.26315827e-01 4.71072791e-01 0.00000000e+00 0.00000000e+00
3.12000006e-01 2.87302742e-01 5.00000000e-01 1.15866568e+00 6.70343060e-01 9.29464807e-01 -4.51683146e+00 9.53248664e-01 -4.89446680e+00 9.05680951e-01 -4.13919612e+00 5.63629947e-02 8.53193246e-01 -3.59555485e-01 4.80818227e-01 1.00000000e+00 1.00000000e+00 -1.93260265e+00 2.05386539e+00 5.63629947e-02 8.53193246e-01 -3.59555485e-01 4.80818227e-01 0.00000000e+00 0.00000000e+00
3.12000006e-01 2.01648038e-01 5.00000000e-01 1.16725186e+00 6.61442152e-01 4.21288930e+00 -8.62365083e-01 4.42020556e+00 -6.48666759e-01 4.00557304e+00 -1.07606341e+00 -2.17265518e-01 8.02714899e-01 -7.56552444e-01 8.66604783e-02 1.00000000e+00 1.00000000e+00 -2.83894275e+00 2.16905079e+00 -2.17265518e-01 8.02714899e-01 -7.56552444e-01 8.66604783e-02 0.00000000e+00 0.00000000e+00
3.12000006e-01 3.12145248e-01 5.00000000e-01 1.43575669e+00 -1.81916781e-02 -1.47793726e+00 -4.72374065e+00 -1.50133283e+00 -4.91612335e+00 -1.45454169e+00 -4.53135795e+00 -2.53640133e-01 2.67385821e-01 -1.58415349e-01 2.90878368e-01 1.00000000e+00 0.00000000e+00 -1.62517147e+00 1.75763449e+00 -2.53640133e-01 2.67385821e-01 -1.58415349e-01 2.90878368e-01 0.00000000e+00 0.00000000e+00
3.12000006e-01 3.94242346e-01 5.00000000e-01 1.42301699e+00 1.44793693e-01 -3.92992888e+00 -2.56467204e+00 -3.73153264e+00 -3.24443467e+00 -4.12832512e+00 -1.88490942e+00 -4.14002850e-01 1.03841734e-01 -1.10391340e+00 -6.10347110e-01 1.00000000e+00 1.00000000e+00 -2.29964957e+00 5.85389067e-01 -4.14002850e-01 1.03841734e-01 -1.10391340e+00 -6.10347110e-01 0.00000000e+00 1.00000000e+00
3.12000006e-01 4.45416682e-01 5.00000000e-01 9.40643591e-01 9.88670884e-01 -1.80296689e+00 1.45806026e+00 -2.02367860e+00 9.78266564e-01 -1.58225518e+00 1.93785396e+00 -7.57127675e-02 5.67098227e-01 -1.15078122e+00 -7.13969438e-01 1.00000000e+00 1.00000000e+00 -2.22144877e+00 3.56698108e-01 -7.57127675e-02 5.67098227e-01 -1.15078122e+00 -7.13969438e-01 0.00000000e+00 0.00000000e+00
3.12000006e-01 4.76784029e-01 5.00000000e-01 1.43930088e+00 -3.94544304e-02 2.39911921e+00 -6.13273945e+00 2.11665862e+00 -7.24397564e+00 2.68157981e+00 -5.02150326e+00 -2.52047454e-01 1.24926165e-01 -3.32165484e-01 8.10742155e-02 0.00000000e+00 1.00000000e+00 -1.33792794e+00 1.08683667e+00 -2.52047454e-01 1.24926165e-01 -3.32165484e-01 8.10742155e-02 0.00000000e+00 0.00000000e+00
3.12000006e-01 2.50316376e-01 5.00000000e-01 1.43181469e+00 1.11969968e-01 -3.82543117e+00 2.91172267e+00 -3.07016414e+00 2.72922289e+00 -4.58069820e+00 3.09422244e+00 -4.09194684e-01 5.18149706e-01 -7.56794889e-01 6.50692619e-01 1.00000000e+00 1.00000000e+00 -2.51775407e+00 2.41165180e+00 -4.09194684e-01 5.18149706e-01 -7.56794889e-01 6.50692619e-01 0.00000000e+00 1.00000000e+00
3.12000006e-01 2.45110748e-01 5.00000000e-01 1.37642065e+00 -3.09525620e-01 2.21018310e+00 1.39527758e+00 2.74966457e+00 1.66315845e+00 1.67070163e+00 1.12739671e+00 -3.98816713e-01 3.34782729e-01 2.52880265e-01 8.36893058e-01 0.00000000e+00 0.00000000e+00 -1.53793618e+00 2.62770951e+00 -3.98816713e-01 3.34782729e-01 2.52880265e-01 8.36893058e-01 0.00000000e+00 0.00000000e+00
3.12000006e-01 3.67604032e-01 5.00000000e-01 1.24746007e+00 5.59771498e-01 3.99071796e-01 3.84730214e+00 -5.19074601e-01 4.20985230e+00 1.31721819e+00 3.48475198e+00 1.37301754e-01 7.45856267e-01 -1.67095920e-01 5.61043516e-01 0.00000000e+00 0.00000000e+00 -1.43963749e+00 1.83358509e+00 1.37301754e-01 7.45856267e-01 -1.67095920e-01 5.61043516e-01 0.00000000e+00 0.00000000e+00
3.12000006e-01 4.70451952e-01 5.00000000e-01 1.28763393e+00 4.99432733e-01 2.89546263e-01 2.27353376e+00 6.89212514e-01 2.12024727e+00 -1.10119989e-01 2.42682026e+00 3.29517780e-01 6.95944335e-01 4.12015062e-01 6.76366124e-01 1.00000000e+00 0.00000000e+00 -6.06229931e-01 1.69461112e+00 3.29517780e-01 6.95944335e-01 4.12015062e-01 6.76366124e-01 0.00000000e+00 0.00000000e+00
3.12000006e-01 2.91207255e-01 5.00000000e-01 1.10968291e+00 -7.72881932e-01 -2.71556598e+00 2.61846102e+00 -3.17206969e+00 2.66670089e+00 -2.25906227e+00 2.57022116e+00 -8.99192570e-01 -6.22130098e-02 -3.98996177e-01 4.67680653e-01 1.00000000e+00 0.00000000e+00 -1.95438943e+00 2.02307390e+00 -8.99192570e-01 -6.22130098e-02 -3.98996177e-01 4.67680653e-01 0.00000000e+00 0.00000000e+00
3.12000006e-01 3.07069620e-01 5.00000000e-01 1.45390773e+00 -7.57902683e-02 9.73517870e-01 -1.01147561e+00 7.74544367e-01 -2.16080205e+00 1.17249137e+00 1.37850834e-01 -5.02948723e-01 3.93503144e-01 -8.25602452e-01 7.96647044e-01 0.00000000e+00 1.00000000e+00 -2.31295767e+00 2.28400226e+00 -5.02948723e-01 3.93503144e-01 -8.25602452e-01 7.96647044e-01 0.00000000e+00 0.00000000e+00
3.12000006e-01 2.16761261e-01 5.00000000e-01 1.35176658e+00 -3.96896329e-01 3.84931906e+00 4.71075653e+00 4.12654354e+00 4.49687064e+00 3.57209458e+00 4.92464242e+00 -6.50705167e-01 1.10660727e-01 -3.12339690e-01 2.81274649e-01 0.00000000e+00 1.00000000e+00 -2.28385508e+00 2.25279004e+00 -6.50705167e-01 1.10660727e-01 -3.12339690e-01 2.81274649e-01 0.00000000e+00 0.00000000e+00
3.12000006e-01 2.71863799e-01 5.00000000e-01 1.35176658e+00 -3.96896329e-01 2.53845061e+00 4.07827412e+00 2.29148087e+00 4.51275009e+00 2.78542035e+00 3.64379815e+00 -5.92620721e-01 1.64395828e-01 -2.79390847e-01 5.89190868e-01 0.00000000e+00 1.00000000e+00 -1.92608801e+00 2.23588803e+00 -5.92620721e-01 1.64395828e-01 -2.79390847e-01 5.89190868e-01 0.00000000e+00 0.00000000e+00
3.12000006e-01 4.17943834e-01 5.00000000e-01 1.35176658e+00 -3.96896329e-01 2.42938240e+00 4.42341229e+00 2.29148087e+00 4.51275009e+00 2.56728394e+00 4.33407448e+00 -2.07302937e-01 2.68470003e-01 8.55113251e-01 1.11518836e+00 1.00000000e+00 1.00000000e+00 -2.79390847e-01 2.24969245e+00 -2.07302937e-01 2.68470003e-01 8.55113251e-01 1.11518836e+00 0.00000000e+00 1.00000000e+00
3.12000006e-01 3.30407069e-01 5.00000000e-01 1.43384721e+00 1.98396114e-01 1.48085718e+00 5.60725519e+00 2.15872024e+00 5.99977207e+00 8.02994122e-01 5.21473831e+00 1.03507399e-01 7.16236520e-01 5.32704909e-01 1.24119765e+00 1.00000000e+00 0.00000000e+00 -8.64200366e-01 2.63810292e+00 1.03507399e-01 7.16236520e-01 5.32704909e-01 1.24119765e+00 0.00000000e+00 0.00000000e+00
3.12000006e-01 2.50510920e-01 5.00000000e-01 1.43384721e+00 1.98396114e-01 1.47250423e+00 4.56015496e+00 2.14201434e+00 3.90557161e+00 8.02994122e-01 5.21473831e+00 -4.90288125e-01 2.40573234e-01 -1.11269926e+00 -5.18663750e-01 1.00000000e+00 1.00000000e+00 -2.87256066e+00 1.24119765e+00 -4.90288125e-01 2.40573234e-01 -1.11269926e+00 -5.18663750e-01 0.00000000e+00 0.00000000e+00
3.12000006e-01 3.15927498e-01 5.00000000e-01 1.46066220e+00 -5.38335219e-02 -8.18627885e-02 -4.93000128e+00 5.12271651e-01 -3.80052460e+00 -6.75997228e-01 -6.05947796e+00 -4.62841960e-01 4.23139325e-01 -7.71018794e-01 8.62166134e-01 0.00000000e+00 1.00000000e+00 -2.22277196e+00 2.31391930e+00 -4.62841960e-01 4.23139325e-01 -7.71018794e-01 8.62166134e-01 0.00000000e+00 0.00000000e+00
3.12000006e-01 2.83021815e-01 5.00000000e-01 1.46066220e+00 -5.38335219e-02 5.10519445e-01 -5.45325968e+00 1.18491622e+00 -5.11885274e+00 -1.63877327e-01 -5.78766662e+00 -5.63385566e-01 1.05722579e-01 -9.91218677e-01 -2.38202781e-01 1.00000000e+00 1.00000000e+00 -2.58405941e+00 1.35463795e+00 -5.63385566e-01 1.05722579e-01 -9.91218677e-01 -2.38202781e-01 1.00000000e+00 0.00000000e+00
3.12000006e-01 8.24327953e-01 5.00000000e-01 1.46066220e+00 -5.38335219e-02 1.68867164e+00 -7.02338228e+00 2.11665862e+00 -7.24397564e+00 1.26068467e+00 -6.80278892e+00 -4.86109692e-02 1.54472565e-01 2.65456043e-01 4.35550979e-01 1.00000000e+00 1.00000000e+00 -3.32165484e-01 1.03317251e+00 -4.86109692e-02 1.54472565e-01 2.65456043e-01 4.35550979e-01 0.00000000e+00 0.00000000e+00
3.12000006e-01 2.13908742e-01 5.00000000e-01 1.36750884e+00 3.78321320e-01 -2.54176572e+00 1.17214629e+00 -2.98723292e+00 1.17815206e+00 -2.09629852e+00 1.16614053e+00 -1.09678097e-01 7.82712483e-01 -2.45043532e-01 7.61535783e-01 1.00000000e+00 0.00000000e+00 -2.23663324e+00 2.75312549e+00 -1.09678097e-01 7.82712483e-01 -2.45043532e-01 7.61535783e-01 0.00000000e+00 0.00000000e+00
3.12000006e-01 2.25376806e-01 5.00000000e-01 1.45820626e+00 -1.25961776e-01 3.38079663e+00 1.26312895e+00 2.61655158e+00 -1.50171465e-01 4.14504168e+00 2.67642936e+00 -5.66531680e-01 2.06833804e-01 -7.04693893e-01 1.23554974e-01 1.00000000e+00 0.00000000e+00 -2.61780822e+00 2.03666930e+00 -5.66531680e-01 2.06833804e-01 -7.04693893e-01 1.23554974e-01 0.00000000e+00 0.00000000e+00
3.12000006e-01 2.66591123e-01 5.00000000e-01 1.15635636e+00 7.47229009e-01 2.73360200e+00 1.62217090e+00 2.65147775e+00 1.82126821e+00 2.81572625e+00 1.42307360e+00 1.92520401e-01 1.04774691e+00 -7.91930902e-02 8.68254197e-01 0.00000000e+00 1.00000000e+00 -1.75254442e+00 2.54160552e+00 1.92520401e-01 1.04774691e+00 -7.91930902e-02 8.68254197e-01 0.00000000e+00 0.00000000e+00
3.12000006e-01 2.46954228e-01 5.00000000e-01 1.31301955e+00 5.21390284e-01 2.47669246e+00 -2.34308818e+00 2.27430866e+00 -2.27051372e+00 2.67907627e+00 -2.41566264e+00 1.34073563e-01 7.93796846e-01 1.12873199e-01 5.76132917e-01 1.00000000e+00 1.00000000e+00 -1.66726229e+00 2.35626841e+00 1.34073563e-01 7.93796846e-01 1.12873199e-01 5.76132917e-01 0.00000000e+00 0.00000000e+00
3.12000006e-01 3.52568145e-01 5.00000000e-01 1.46641543e+00 -2.05159118e-01 -1.95059699e+00 1.15354946e+00 -2.58063602e+00 2.51852015e-01 -1.32055797e+00 2.05524690e+00 -4.37489216e-01 -1.44561907e-02 -4.19819544e-01 -1.37973076e-01 0.00000000e+00 1.00000000e+00 -1.74000273e+00 1.18221011e+00 -4.37489216e-01 -1.44561907e-02 -4.19819544e-01 -1.37973076e-01 0.00000000e+00 0.00000000e+00
3.12000006e-01 1.38118907e+00 5.00000000e-01 1.46641543e+00 -2.05159118e-01 -1.81976943e+00 9.20845122e-01 -2.58063602e+00 2.51852015e-01 -1.05890284e+00 1.58983823e+00 -2.13965385e-01 -5.89972150e-02 -5.97607327e-02 1.78896993e-01 1.00000000e+00 0.00000000e+00 -4.19819544e-01 5.38955804e-01 -2.13965385e-01 -5.89972150e-02 -5.97607327e-02 1.78896993e-01 0.00000000e+00 0.00000000e+00
3.12000006e-01 3.38063079e-01 5.00000000e-01 1.10113584e+00 8.25128956e-01 2.64690946e-01 3.02304292e+00 -1.29691427e-02 2.91081711e+00 5.42351035e-01 3.13526873e+00 1.59530960e-01 7.78798556e-01 -3.92190271e-01 -7.82528048e-03 1.00000000e+00 1.00000000e+00 -1.76165347e+00 1.36163792e+00 1.59530960e-01 7.78798556e-01 -3.92190271e-01 -7.82528048e-03 0.00000000e+00 0.00000000e+00
3.12000006e-01 2.35232334e-01 5.00000000e-01 1.20949207e+00 -6.77861224e-01 -1.44764156e-02 1.35477112e+00 4.07286611e-01 1.40883722e+00 -4.36239442e-01 1.30070503e+00 -8.47640228e-01 -1.24187282e-01 -3.24336372e-01 9.38316940e-02 1.00000000e+00 1.00000000e+00 -2.17448802e+00 1.94398334e+00 -8.47640228e-01 -1.24187282e-01 -3.24336372e-01 9.38316940e-02 0.00000000e+00 0.00000000e+00
3.12000006e-01 2.25699135e-01 5.00000000e-01 1.49791510e+00 -3.27229888e-02 1.76583271e-03 -3.24994914e+00 -9.95501826e-02 -4.09498745e+00 1.03081848e-01 -2.40491084e+00 -3.87972158e-01 3.84134289e-01 -3.73909996e-01 4.98105370e-01 0.00000000e+00 0.00000000e+00 -2.28490203e+00 2.40909741e+00 -3.87972158e-01 3.84134289e-01 -3.73909996e-01 4.98105370e-01 0.00000000e+00 0.00000000e+00
3.12000006e-01 2.32296794e-01 5.00000000e-01 1.31527582e+00 5.23571800e-01 -1.89031789e+00 -9.27521009e-01 -2.13085840e+00 -1.15037993e+00 -1.64977738e+00 -7.04662086e-01 -5.02089138e-02 9.07637273e-01 -3.61522180e-01 8.79522072e-01 0.00000000e+00 1.00000000e+00 -2.23001912e+00 2.74801901e+00 -5.02089138e-02 9.07637273e-01 -3.61522180e-01 8.79522072e-01 0.00000000e+00 0.00000000e+00
3.12000006e-01 2.55625432e-01 5.00000000e-01 1.35709667e+00 -4.56886767e-01 -2.33043991e+00 3.39804005e+00 -2.13693204e+00 3.21159745e+00 -2.52394778e+00 3.58448265e+00 -8.10981173e-01 -1.12462277e-01 -8.13336600e-01 -1.30133417e-01 1.00000000e+00 1.00000000e+00 -2.54478998e+00 1.60131996e+00 -8.10981173e-01 -1.12462277e-01 -8.13336600e-01 -1.30133417e-01 1.00000000e+00 0.00000000e+00
3.12000006e-01 2.77887586e+02 5.00000000e-01 1.38044332e+00 4.16962683e-01 1.23747402e+00 2.19602734e+00 1.23221556e+00 1.72809210e+00 1.24273248e+00 2.66396258e+00 7.92429321e-02 8.00068507e-02 -7.65597949e-01 -7.65015683e-01 1.00000000e+00 1.00000000e+00 -7.67397237e-01 -7.63216395e-01 7.92429321e-02 8.00068507e-02 -7.65597949e-01 -7.65015683e-01 0.00000000e+00 0.00000000e+00
3.12000006e-01 3.28358973e-01 5.00000000e-01 1.38341563e+00 4.19004650e-01 9.55160457e-01 3.38491707e+00 1.59079483e-01 3.69259222e+00 1.75124143e+00 3.07724192e+00 -3.90165578e-01 1.00534804e+00 -1.33194039e+00 1.61248488e+00 1.00000000e+00 1.00000000e+00 -2.73636418e+00 3.01690867e+00 -3.90165578e-01 1.00534804e+00 -1.33194039e+00 1.61248488e+00 0.00000000e+00 1.00000000e+00
3.12000006e-01 2.56535807e-01 5.00000000e-01 1.38610052e+00 -4.20762081e-01 8.73234437e-01 -1.06316196e+00 5.82851718e-01 -8.41357757e-01 1.16361716e+00 -1.28496616e+00 -5.88770947e-01 2.50990413e-01 -1.77889716e-01 8.33832005e-01 0.00000000e+00 1.00000000e+00 -1.90437627e+00 2.56031856e+00 -5.88770947e-01 2.50990413e-01 -1.77889716e-01 8.33832005e-01 0.00000000e+00 0.00000000e+00
3.12000006e-01 3.30165508e-01 5.00000000e-01 1.41839724e+00 3.64777695e-01 -2.25275041e+00 -3.96633629e-01 -3.27480899e+00 -1.66206862e+00 -1.23069183e+00 8.68801364e-01 9.18065017e-02 6.43864428e-01 7.05625657e-02 6.79222608e-01 1.00000000e+00 1.00000000e+00 -1.32722551e+00 2.07701068e+00 9.18065017e-02 6.43864428e-01 7.05625657e-02 6.79222608e-01 0.00000000e+00 0.00000000e+00
3.12000006e-01 2.38529207e-01 5.00000000e-01 1.41354736e+00 3.80232128e-01 1.18244398e+00 -4.82625449e+00 1.92977618e+00 -4.84371669e+00 4.35111787e-01 -4.80879229e+00 1.38785727e-01 8.10211216e-01 4.09926292e-01 9.44951438e-01 0.00000000e+00 0.00000000e+00 -1.42001899e+00 2.77489672e+00 1.38785727e-01 8.10211216e-01 4.09926292e-01 9.44951438e-01 0.00000000e+00 0.00000000e+00
3.12000006e-01 4.30664814e-01 5.00000000e-01 1.52174418e+00 -3.67023713e-02 -3.64443102e+00 2.12587262e+00 -4.06785566e+00 2.15748764e+00 -3.22100639e+00 2.09425760e+00 -2.69740338e-01 8.83181254e-02 -3.83179267e-01 -9.09167942e-02 1.00000000e+00 1.00000000e+00 -1.48723961e+00 1.01314355e+00 -2.69740338e-01 8.83181254e-02 -3.83179267e-01 -9.09167942e-02 0.00000000e+00 0.00000000e+00
3.12000006e-01 3.55095266e-01 5.00000000e-01 1.39632294e+00 -4.27099996e-01 -3.46482901e-02 -4.02380549e-01 -5.70708259e-02 -5.61571629e-01 -1.22257544e-02 -2.43189469e-01 -2.13530115e-01 4.26298718e-01 1.01209608e+00 1.48354358e+00 1.00000000e+00 1.00000000e+00 -2.99844308e-01 2.79548398e+00 -2.13530115e-01 4.26298718e-01 1.01209608e+00 1.48354358e+00 0.00000000e+00 0.00000000e+00
3.12000006e-01 2.47735491e-01 5.00000000e-01 1.49008139e+00 -2.20474065e-01 -1.88592401e+00 -3.02124243e+00 -2.37571507e+00 -3.03729949e+00 -1.39613296e+00 -3.00518537e+00 -2.40719343e-01 5.04773829e-01 5.86801245e-01 1.20928439e+00 1.00000000e+00 0.00000000e+00 -1.18884352e+00 2.98492915e+00 -2.40719343e-01 5.04773829e-01 5.86801245e-01 1.20928439e+00 0.00000000e+00 0.00000000e+00
3.12000006e-01 2.24684290e-01 5.00000000e-01 1.51885384e+00 -1.08381289e-01 -2.91563500e+00 4.97027507e+00 -2.97400392e+00 5.41760279e+00 -2.85726608e+00 4.52294734e+00 -4.92967896e-01 2.21876298e-01 -5.48350513e-01 1.59570665e-01 1.00000000e+00 1.00000000e+00 -2.46603945e+00 2.07725960e+00 -4.92967896e-01 2.21876298e-01 -5.48350513e-01 1.59570665e-01 0.00000000e+00 0.00000000e+00
3.12000006e-01 2.81212656e-01 5.00000000e-01 1.52352563e+00 -9.51211352e-02 -6.49407793e-01 -1.53944428e+00 -7.86264063e-02 -2.34039897e+00 -1.22018918e+00 -7.38489595e-01 -3.41898408e-01 3.88738777e-01 -2.42033117e-01 8.00750648e-01 1.00000000e+00 1.00000000e+00 -1.84338009e+00 2.40209762e+00 -3.41898408e-01 3.88738777e-01 -2.42033117e-01 8.00750648e-01 0.00000000e+00 0.00000000e+00
3.12000006e-01 5.57606480e-01 5.00000000e-01 1.46854335e+00 2.90534263e-01 -5.13072309e+00 -3.24315639e+00 -5.62780439e+00 -2.75203302e+00 -4.63364180e+00 -3.73427976e+00 -1.96818410e-01 2.17800723e-01 -9.50777494e-01 -4.28955752e-01 1.00000000e+00 1.00000000e+00 -1.81985718e+00 4.40123939e-01 -1.96818410e-01 2.17800723e-01 -9.50777494e-01 -4.28955752e-01 1.00000000e+00 0.00000000e+00
3.12000006e-01 2.37834388e-01 5.00000000e-01 1.52350914e+00 -1.67551631e-01 -1.72957737e+00 2.26634280e+00 -2.39546478e+00 1.74327227e+00 -1.06368996e+00 2.78941333e+00 -6.77427479e-01 1.86214484e-01 -1.02082234e+00 2.19851240e-01 1.00000000e+00 0.00000000e+00 -2.85499178e+00 2.05402067e+00 -6.77427479e-01 1.86214484e-01 -1.02082234e+00 2.19851240e-01 0.00000000e+00 0.00000000e+00
3.12000006e-01 7.65062059e-01 5.00000000e-01 1.52350914e+00 -1.67551631e-01 -1.88749694e+00 2.17412707e+00 -2.71130392e+00 1.55884081e+00 -1.06368996e+00 2.78941333e+00 -3.73918296e-01 -1.51193190e-01 -6.49848318e-01 -4.22585474e-01 1.00000000e+00 1.00000000e+00 -1.29228503e+00 2.19851240e-01 -3.73918296e-01 -1.51193190e-01 -6.49848318e-01 -4.22585474e-01 0.00000000e+00 0.00000000e+00
3.12000006e-01 2.80129439e-01 5.00000000e-01 1.44055817e+00 3.79150072e-01 4.37283694e+00 -1.69037949e+00 4.58377968e+00 -2.62552581e+00 4.16189420e+00 -7.55233173e-01 9.61707473e-02 7.31114817e-01 1.46398396e-01 8.33863440e-01 1.00000000e+00 1.00000000e+00 -1.46008256e+00 2.44034439e+00 9.61707473e-02 7.31114817e-01 1.46398396e-01 8.33863440e-01 0.00000000e+00 0.00000000e+00
3.12000006e-01 3.90027519e-01 5.00000000e-01 1.17110631e+00 7.88754150e-01 -1.22457100e+00 6.29374225e+00 -4.73187226e-01 6.34543461e+00 -1.97595478e+00 6.24204989e+00 2.33579172e-01 7.32127023e-01 -2.82117228e-01 -3.83652981e-03 1.00000000e+00 1.00000000e+00 -1.48940987e+00 1.20345611e+00 2.33579172e-01 7.32127023e-01 -2.82117228e-01 -3.83652981e-03 0.00000000e+00 1.00000000e+00
3.12000006e-01 5.81099098e-01 5.00000000e-01 1.53784000e+00 1.81280340e-01 -3.55425477e+00 3.97130873e+00 -2.82816368e+00 4.16109027e+00 -4.28034586e+00 3.78152718e+00 5.43978053e-02 3.15355512e-01 9.03990078e-02 3.00051667e-01 1.00000000e+00 1.00000000e+00 -7.45490755e-01 1.13594143e+00 5.43978053e-02 3.15355512e-01 9.03990078e-02 3.00051667e-01 1.00000000e+00 0.00000000e+00
3.12000006e-01 3.18836251e-01 5.00000000e-01 1.56175926e+00 9.09674171e-02 6.74872722e+00 2.13344652e+00 6.80754764e+00 1.89916139e+00 6.68990679e+00 2.36773164e+00 -2.09741018e-01 2.49121726e-01 -3.37634958e-01 6.60115414e-03 1.00000000e+00 1.00000000e+00 -1.77804588e+00 1.44701208e+00 -2.09741018e-01 2.49121726e-01 -3.37634958e-01 6.60115414e-03 0.00000000e+00 0.00000000e+00
3.12000006e-01 2.67547754e-01 5.00000000e-01 1.48877047e+00 3.29069152e-01 -1.53866309e-01 -1.43301526e+00 2.35023603e-01 -9.76847066e-01 -5.42756221e-01 -1.88918346e+00 -2.58909283e-01 6.52588557e-01 -8.00748571e-01 6.85652858e-01 0.00000000e+00 1.00000000e+00 -2.46920413e+00 2.35410842e+00 -2.58909283e-01 6.52588557e-01 -8.00748571e-01 6.85652858e-01 0.00000000e+00 0.00000000e+00
3.12000006e-01 3.11138197e-01 5.00000000e-01 1.48877047e+00 3.29069152e-01 -6.86905557e-01 -1.33454273e+00 2.58617073e-01 -9.36820626e-01 -1.63242819e+00 -1.73226484e+00 -1.11718436e-01 4.20734947e-01 -4.88088044e-01 -4.46376050e-02 0.00000000e+00 1.00000000e+00 -1.95888827e+00 1.42616262e+00 -1.11718436e-01 4.20734947e-01 -4.88088044e-01 -4.46376050e-02 0.00000000e+00 1.00000000e+00
3.12000006e-01 3.91479347e-01 5.00000000e-01 1.48877047e+00 3.29069152e-01 -2.63996432e-01 -1.20070988e+00 2.35023603e-01 -9.76847066e-01 -7.63016467e-01 -1.42457269e+00 1.94022110e-01 6.56623124e-01 4.02539336e-01 9.31280450e-01 1.00000000e+00 1.00000000e+00 -8.00748571e-01 2.13456836e+00 1.94022110e-01 6.56623124e-01 4.02539336e-01 9.31280450e-01 0.00000000e+00 0.00000000e+00
3.12000006e-01 9.93219348e-01 5.00000000e-01 1.37108633e+00 5.34238717e-01 -3.03017319e+00 -2.70969395e-01 -2.75510655e+00 -6.96602783e-01 -3.30523983e+00 1.54663992e-01 5.40002147e-01 7.36148135e-01 8.04927801e-01 1.01901557e+00 1.00000000e+00 1.00000000e+00 3.06683991e-01 1.51725938e+00 5.40002147e-01 7.36148135e-01 8.04927801e-01 1.01901557e+00 0.00000000e+00 0.00000000e+00
3.12000006e-01 3.55618695e-01 5.00000000e-01 1.52476564e+00 2.53443720e-01 -6.72987268e+00 -1.62831597e+00 -6.59022821e+00 -1.52031997e+00 -6.86951716e+00 -1.73631196e+00 -4.07000458e-02 4.18466312e-01 -2.01852531e-01 2.49495064e-01 1.00000000e+00 1.00000000e+00 -1.51209785e+00 1.55974039e+00 -4.07000458e-02 4.18466312e-01 -2.01852531e-01 2.49495064e-01 0.00000000e+00 0.00000000e+00
3.12000006e-01 2.10248962e-01 5.00000000e-01 1.47045390e+00 -3.75086498e-01 1.07095281e+00 -2.10686131e+00 7.46207041e-01 -1.46464251e+00 1.39569859e+00 -2.74908010e+00 -7.15462044e-01 2.79995175e-01 -6.02270399e-01 7.44379385e-01 1.00000000e+00 1.00000000e+00 -2.62018005e+00 2.76228903e+00 -7.15462044e-01 2.79995175e-01 -6.02270399e-01 7.44379385e-01 0.00000000e+00 0.00000000e+00
3.12000006e-01 4.24951631e-01 5.00000000e-01 1.52065641e+00 -2.84974007e-01 -1.30137436e+00 -8.99652834e-01 -4.85740541e-01 -1.72716401e-02 -2.11700819e+00 -1.78203403e+00 -2.55853442e-01 1.82571812e-01 3.91376712e-01 8.04241885e-01 1.00000000e+00 1.00000000e+00 -7.26159911e-01 1.92177851e+00 -2.55853442e-01 1.82571812e-01 3.91376712e-01 8.04241885e-01 0.00000000e+00 0.00000000e+00
3.12000006e-01 2.93481268e-01 5.00000000e-01 1.25726547e+00 -7.05674897e-01 -1.17817121e+00 -4.45875548e+00 -1.04038340e+00 -5.26296402e+00 -1.31595903e+00 -3.65454693e+00 -8.08940744e-01 -1.63203574e-01 -2.93578782e-01 2.20570773e-01 1.00000000e+00 1.00000000e+00 -1.83886107e+00 1.76585306e+00 -8.08940744e-01 -1.63203574e-01 -2.93578782e-01 2.20570773e-01 0.00000000e+00 0.00000000e+00
3.12000006e-01 3.15632668e-01 5.00000000e-01 1.29249044e+00 -6.60744130e-01 5.37459384e+00 3.42624744e+00 5.85243784e+00 1.66493930e+00 4.89674984e+00 5.18755558e+00 -3.34186291e-01 3.35335884e-01 1.17052340e+00 1.43434197e+00 1.00000000e+00 1.00000000e+00 -2.82388839e-01 2.88725420e+00 -3.34186291e-01 3.35335884e-01 1.17052340e+00 1.43434197e+00 0.00000000e+00 0.00000000e+00
3.12000006e-01 2.79882499e-01 5.00000000e-01 1.57996299e+00 8.95070082e-02 -3.03130164e+00 7.83876163e+00 -2.98795366e+00 7.89409539e+00 -3.07464963e+00 7.78342787e+00 -3.00802016e-01 2.45401007e-01 -5.53842642e-01 -8.20400377e-02 1.00000000e+00 1.00000000e+00 -2.16149832e+00 1.52561564e+00 -3.00802016e-01 2.45401007e-01 -5.53842642e-01 -8.20400377e-02 0.00000000e+00 0.00000000e+00
3.12000006e-01 4.60030336e-01 5.00000000e-01 1.58648855e+00 7.10375394e-03 -4.95956005e+00 7.92242226e-01 -5.43081325e+00 1.46580432e+00 -4.48830685e+00 1.18680130e-01 -2.01854119e-01 1.88323427e-01 -3.08260265e-01 2.18602576e-01 1.00000000e+00 1.00000000e+00 -1.34771356e+00 1.25805587e+00 -2.01854119e-01 1.88323427e-01 -3.08260265e-01 2.18602576e-01 0.00000000e+00 0.00000000e+00
3.12000006e-01 2.70707343e-01 5.00000000e-01 1.56641177e+00 1.60820217e-01 -1.26671252e+00 6.03898270e+00 -1.90484104e+00 6.11305272e+00 -6.28583998e-01 5.96491267e+00 -2.70686363e-01 3.11932529e-01 -5.79042207e-01 -5.53732982e-02 1.00000000e+00 1.00000000e+00 -2.23151702e+00 1.59710151e+00 -2.70686363e-01 3.11932529e-01 -5.79042207e-01 -5.53732982e-02 0.00000000e+00 0.00000000e+00
3.12000006e-01 5.60657956e-01 5.00000000e-01 1.27077852e+00 -6.94154816e-01 3.48342255e+00 2.51880510e+00 2.95602624e+00 1.78825499e+00 4.01081887e+00 3.24935520e+00 -4.20011665e-01 3.57132959e-02 6.69475733e-01 1.05778037e+00 1.00000000e+00 1.00000000e+00 -1.95148648e-01 1.92240475e+00 -4.20011665e-01 3.57132959e-02 6.69475733e-01 1.05778037e+00 0.00000000e+00 0.00000000e+00
3.12000006e-01 2.66218783e-01 5.00000000e-01 1.27077852e+00 -6.94154816e-01 2.92050011e+00 1.38785532e+00 2.68451477e+00 9.19597091e-01 3.15648544e+00 1.85611355e+00 -9.60070280e-01 -3.81867592e-01 -7.61809475e-01 -4.81639665e-01 1.00000000e+00 1.00000000e+00 -2.43707362e+00 1.19362448e+00 -9.60070280e-01 -3.81867592e-01 -7.61809475e-01 -4.81639665e-01 1.00000000e+00 0.00000000e+00
3.12000006e-01 3.51072134e-01 5.00000000e-01 1.52242412e+00 -3.12519397e-01 1.69039190e+00 5.03235430e+00 1.67977028e+00 5.06798724e+00 1.70101352e+00 4.99672135e+00 -4.06610621e-01 7.98301542e-02 -2.71748969e-02 4.49491674e-01 0.00000000e+00 1.00000000e+00 -1.35228421e+00 1.77460098e+00 -4.06610621e-01 7.98301542e-02 -2.71748969e-02 4.49491674e-01 0.00000000e+00 0.00000000e+00
3.12000006e-01 4.75649395e-01 5.00000000e-01 1.21808746e+00 -7.73510487e-01 -9.58809160e-01 -5.79086103e-01 -1.22087754e+00 -5.83206238e-01 -6.96740781e-01 -5.74965968e-01 -4.08243501e-01 1.21735498e-01 9.11859516e-01 1.25909582e+00 1.00000000e+00 1.00000000e+00 -9.61178767e-02 2.26707322e+00 -4.08243501e-01 1.21735498e-01 9.11859516e-01 1.25909582e+00 0.00000000e+00 0.00000000e+00
3.12000006e-01 2.80356654e-01 5.00000000e-01 1.49312784e+00 3.81559968e-01 -7.33037247e-01 4.74537748e+00 -9.79246892e-01 2.94297713e+00 -4.86827602e-01 6.54777783e+00 -3.60901573e-01 4.94608857e-01 -1.17781077e+00 2.40782987e-02 1.00000000e+00 1.00000000e+00 -2.78321227e+00 1.62947980e+00 -3.60901573e-01 4.94608857e-01 -1.17781077e+00 2.40782987e-02 0.00000000e+00 1.00000000e+00
3.12000006e-01 2.69997101e-01 5.00000000e-01 1.48100055e+00 4.05933933e-01 -2.68509869e+00 -9.42095633e-02 -2.86689518e+00 6.46323267e-01 -2.50330220e+00 -8.34742394e-01 -7.03259893e-02 6.50014348e-01 -4.17281198e-01 4.99198011e-01 0.00000000e+00 0.00000000e+00 -2.07332325e+00 2.15524006e+00 -7.03259893e-02 6.50014348e-01 -4.17281198e-01 4.99198011e-01 0.00000000e+00 0.00000000e+00
3.12000006e-01 7.34843279e-01 5.00000000e-01 1.56214830e+00 -2.45778242e-01 -8.76018741e-01 7.25124355e+00 -3.08267810e-01 7.09915106e+00 -1.44376967e+00 7.40333605e+00 -1.88006962e-01 8.58897393e-02 3.25586370e-01 6.71887036e-01 1.00000000e+00 1.00000000e+00 -3.42345306e-01 1.33981871e+00 -1.88006962e-01 8.58897393e-02 3.25586370e-01 6.71887036e-01 0.00000000e+00 0.00000000e+00
3.12000006e-01 3.35353493e-01 5.00000000e-01 1.61011807e+00 -5.81546733e-02 1.61087340e+00 -4.55451063e+00 2.11658222e+00 -4.32293103e+00 1.10516459e+00 -4.78609023e+00 -2.47683661e-01 2.30018991e-01 -1.38937754e-01 3.79439128e-01 1.00000000e+00 1.00000000e+00 -1.51799551e+00 1.75849688e+00 -2.47683661e-01 2.30018991e-01 -1.38937754e-01 3.79439128e-01 0.00000000e+00 0.00000000e+00
3.12000006e-01 2.44742619e-01 5.00000000e-01 1.54705334e+00 -2.96664757e-01 5.23424448e-01 5.13497525e+00 4.66122426e-01 5.48560363e+00 5.80726471e-01 4.78434688e+00 -4.71915985e-01 3.24718309e-01 -9.65516444e-02 8.93468940e-01 1.00000000e+00 0.00000000e+00 -1.88951536e+00 2.68643265e+00 -4.71915985e-01 3.24718309e-01 -9.65516444e-02 8.93468940e-01 0.00000000e+00 0.00000000e+00
3.12000006e-01 2.41182898e-01 5.00000000e-01 1.04032302e+00 1.00937670e+00 -1.93858219e+00 2.27025065e+00 -9.23547177e-01 1.98184474e+00 -2.95361720e+00 2.55865655e+00 1.02634157e-01 1.16588577e+00 -5.01665476e-01 5.80305371e-01 0.00000000e+00 1.00000000e+00 -2.31564351e+00 2.39428340e+00 1.02634157e-01 1.16588577e+00 -5.01665476e-01 5.80305371e-01 0.00000000e+00 0.00000000e+00
3.12000006e-01 3.27698158e-01 5.00000000e-01 1.04032302e+00 1.00937670e+00 -1.40420967e+00 1.13747863e+00 -1.01305370e+00 8.30930223e-01 -1.79536563e+00 1.44402703e+00 -7.75685301e-02 6.43534147e-01 -1.10490511e+00 -7.75518662e-01 0.00000000e+00 0.00000000e+00 -2.51177112e+00 6.31347340e-01 -7.75685301e-02 6.43534147e-01 -1.10490511e+00 -7.75518662e-01 0.00000000e+00 0.00000000e+00
3.12000006e-01 3.35276735e+00 5.00000000e-01 1.04032302e+00 1.00937670e+00 -1.40420967e+00 1.13747863e+00 -1.01305370e+00 8.30930223e-01 -1.79536563e+00 1.44402703e+00 2.66393858e-01 3.41752301e-01 -9.55912424e-01 -9.24511351e-01 1.00000000e+00 1.00000000e+00 -1.10490511e+00 -7.75518662e-01 2.66393858e-01 3.41752301e-01 -9.55912424e-01 -9.24511351e-01 0.00000000e+00 0.00000000e+00
3.12000006e-01 4.85255891e-01 5.00000000e-01 1.59640039e+00 1.66281326e-01 3.12580080e+00 -2.12868630e+00 3.25237918e+00 -2.09347248e+00 2.99922242e+00 -2.16390012e+00 2.11365342e-03 3.55111600e-01 -7.92627079e-03 4.34732270e-01 1.00000000e+00 1.00000000e+00 -9.97443469e-01 1.42424947e+00 2.11365342e-03 3.55111600e-01 -7.92627079e-03 4.34732270e-01 0.00000000e+00 0.00000000e+00
3.12000006e-01 3.44605723e-01 5.00000000e-01 1.48264278e+00 4.25619446e-01 2.41900062e-01 -5.14761800e+00 4.86883379e-02 -5.48644370e+00 4.35111787e-01 -4.80879229e+00 -1.60759238e-01 3.86707105e-01 -8.57129532e-01 -4.01858455e-01 1.00000000e+00 1.00000000e+00 -2.20393942e+00 9.44951438e-01 -1.60759238e-01 3.86707105e-01 -8.57129532e-01 -4.01858455e-01 1.00000000e+00 0.00000000e+00
3.12000006e-01 8.47848830e-01 5.00000000e-01 1.50388893e+00 -3.94234162e-01 2.60063452e+00 1.67344406e+00 2.74966457e+00 1.66315845e+00 2.45160447e+00 1.68372967e+00 -1.48004522e-01 9.07819765e-02 8.34380424e-01 1.00401919e+00 1.00000000e+00 1.00000000e+00 2.52880265e-01 1.58551935e+00 -1.48004522e-01 9.07819765e-02 8.34380424e-01 1.00401919e+00 0.00000000e+00 0.00000000e+00
3.12000006e-01 2.69033827e-01 5.00000000e-01 1.49606655e+00 4.15136772e-01 3.64823818e+00 -1.45227820e+00 3.23635393e+00 -1.02036898e+00 4.06012242e+00 -1.88418742e+00 1.03375521e-01 6.35411367e-01 8.96936774e-02 4.28246025e-01 1.00000000e+00 1.00000000e+00 -1.57120961e+00 2.08914932e+00 1.03375521e-01 6.35411367e-01 8.96936774e-02 4.28246025e-01 0.00000000e+00 0.00000000e+00
3.12000006e-01 2.71234474e-01 5.00000000e-01 1.62522182e+00 1.02779899e-01 -2.39535890e+00 -4.55760987e+00 -2.78792599e+00 -3.94360368e+00 -2.00279181e+00 -5.17161606e+00 -8.21452963e-02 4.74330454e-01 1.70075464e-01 6.88030596e-01 1.00000000e+00 0.00000000e+00 -1.47976110e+00 2.33786716e+00 -8.21452963e-02 4.74330454e-01 1.70075464e-01 6.88030596e-01 0.00000000e+00 0.00000000e+00
3.12000006e-01 4.24245154e-01 5.00000000e-01 1.51201824e+00 -3.99370094e-01 2.75682035e+00 2.15307648e+00 2.83319310e+00 2.96348155e+00 2.68044760e+00 1.34267140e+00 -5.57710001e-01 -2.21347333e-01 -4.62096823e-01 -2.63208460e-01 1.00000000e+00 1.00000000e+00 -1.58132187e+00 8.56016584e-01 -5.57710001e-01 -2.21347333e-01 -4.62096823e-01 -2.63208460e-01 1.00000000e+00 0.00000000e+00
3.12000006e-01 8.47355678e-01 5.00000000e-01 1.56524736e+00 2.96841045e-01 1.32117307e+00 3.38947601e+00 7.96056284e-01 2.88061501e+00 1.84628986e+00 3.89833702e+00 3.05094911e-01 4.94448544e-01 6.21845693e-01 7.91677835e-01 1.00000000e+00 1.00000000e+00 4.00163395e-02 1.37350719e+00 3.05094911e-01 4.94448544e-01 6.21845693e-01 7.91677835e-01 0.00000000e+00 0.00000000e+00
3.12000006e-01 2.27267624e-01 5.00000000e-01 1.62725941e+00 9.73087160e-02 -2.71270213e+00 -1.25079111e-01 -1.00573424e+00 1.03793571e-01 -4.41967003e+00 -3.53951794e-01 -4.25439071e-01 5.48553015e-01 -8.15684650e-01 8.03408658e-01 1.00000000e+00 0.00000000e+00 -2.71641174e+00 2.70413575e+00 -4.25439071e-01 5.48553015e-01 -8.15684650e-01 8.03408658e-01 0.00000000e+00 0.00000000e+00
3.12000006e-01 2.60727987e-01 5.00000000e-01 1.49472268e+00 4.32782121e-01 -6.25250326e-01 -4.22851003e+00 -1.66779257e+00 -4.29851641e+00 4.17291920e-01 -4.15850365e+00 -2.02561968e-01 8.73927633e-01 -8.07428907e-01 1.13762895e+00 1.00000000e+00 1.00000000e+00 -2.51138384e+00 2.84158388e+00 -2.02561968e-01 8.73927633e-01 -8.07428907e-01 1.13762895e+00 0.00000000e+00 0.00000000e+00
3.12000006e-01 4.23139792e-01 5.00000000e-01 1.63499731e+00 -1.06684141e-01 -4.07388885e+00 1.57595680e+00 -4.56921928e+00 1.60483055e+00 -3.57855842e+00 1.54708306e+00 -4.40110198e-01 3.53787421e-02 -8.36641092e-01 -7.48642843e-02 1.00000000e+00 1.00000000e+00 -1.95851770e+00 1.04701233e+00 -4.40110198e-01 3.53787421e-02 -8.36641092e-01 -7.48642843e-02 0.00000000e+00 0.00000000e+00
3.12000006e-01 3.02346655e-01 5.00000000e-01 1.63499731e+00 -1.06684141e-01 -2.18975620e+00 3.56435500e-01 -2.06400448e+00 3.69703978e-01 -2.31550792e+00 3.43167022e-01 -2.37850192e-01 2.55106212e-01 9.77842057e-02 5.23338372e-01 1.00000000e+00 1.00000000e+00 -1.40923471e+00 2.03035729e+00 -2.37850192e-01 2.55106212e-01 9.77842057e-02 5.23338372e-01 0.00000000e+00 0.00000000e+00
3.12000006e-01 2.90502873e-01 5.00000000e-01 1.63066660e+00 1.30910468e-01 -4.21577264e+00 4.02798847e-02 -3.51471900e+00 3.79896191e-01 -4.91682629e+00 -2.99336422e-01 -1.72851305e-01 3.58002166e-01 -2.79167505e-01 2.69475485e-01 1.00000000e+00 1.00000000e+00 -1.83771794e+00 1.82802593e+00 -1.72851305e-01 3.58002166e-01 -2.79167505e-01 2.69475485e-01 0.00000000e+00 0.00000000e+00
3.12000006e-01 3.20649315e-01 5.00000000e-01 1.63066660e+00 1.30910468e-01 -3.47249756e+00 8.89498103e-01 -3.70536835e+00 1.74078325e+00 -3.23962677e+00 3.82129521e-02 -2.46185339e-01 6.62078018e-01 -5.82793922e-01 1.30303382e+00 1.00000000e+00 1.00000000e+00 -2.01621945e+00 2.73645935e+00 -2.46185339e-01 6.62078018e-01 -5.82793922e-01 1.30303382e+00 0.00000000e+00 0.00000000e+00
3.12000006e-01 4.36612066e-01 5.00000000e-01 1.36197244e+00 6.36071486e-01 -5.83252039e+00 -2.33018990e+00 -5.66784420e+00 -2.91787612e+00 -5.99719658e+00 -1.74250369e+00 2.34918869e-01 6.54259665e-01 -1.85140284e-01 1.58605768e-01 1.00000000e+00 1.00000000e+00 -1.27550023e+00 1.24896572e+00 2.34918869e-01 6.54259665e-01 -1.85140284e-01 1.58605768e-01 0.00000000e+00 0.00000000e+00
3.12000006e-01 3.35469637e-01 5.00000000e-01 1.36197244e+00 6.36071486e-01 -5.89801407e+00 -3.27994000e+00 -5.09953969e+00 -3.09338286e+00 -6.69648846e+00 -3.46649714e+00 -1.39807751e-01 4.81125250e-01 -1.03343869e+00 -6.20197429e-01 1.00000000e+00 1.00000000e+00 -2.41208257e+00 7.58446453e-01 -1.39807751e-01 4.81125250e-01 -1.03343869e+00 -6.20197429e-01 0.00000000e+00 0.00000000e+00
3.12000006e-01 4.25807605e-01 5.00000000e-01 1.57115707e+00 -3.11666793e-01 9.53425466e-01 -4.30873142e+00 1.22414870e+00 -3.63574864e+00 6.82702235e-01 -4.98171419e+00 -4.61121397e-01 -1.14756011e-01 -3.58843892e-01 -8.42599307e-02 1.00000000e+00 1.00000000e+00 -1.47434136e+00 1.03123753e+00 -4.61121397e-01 -1.14756011e-01 -3.58843892e-01 -8.42599307e-02 0.00000000e+00 0.00000000e+00
3.12000006e-01 4.10497687e-01 5.00000000e-01 1.36004693e+00 6.39977041e-01 1.09315677e+00 3.50876029e+00 8.69095353e-01 3.53276861e+00 1.31721819e+00 3.48475198e+00 -9.99745451e-02 4.59634467e-01 -1.05371582e+00 -5.92039230e-01 1.00000000e+00 1.00000000e+00 -2.20679856e+00 5.61043516e-01 -9.99745451e-02 4.59634467e-01 -1.05371582e+00 -5.92039230e-01 0.00000000e+00 0.00000000e+00
3.12000006e-01 2.58639146e-01 5.00000000e-01 1.63946913e+00 1.04582610e-01 -2.66071698e+00 1.52878653e+00 -2.91911139e+00 1.73358076e+00 -2.40232258e+00 1.32399229e+00 -4.13876008e-01 3.39440481e-01 -8.95625844e-01 1.96636411e-01 1.00000000e+00 1.00000000e+00 -2.61073838e+00 1.91174895e+00 -4.13876008e-01 3.39440481e-01 -8.95625844e-01 1.96636411e-01 0.00000000e+00 0.00000000e+00
3.12000006e-01 3.78473987e-01 5.00000000e-01 1.40622717e+00 5.81894468e-01 7.11323762e-01 2.47933352e+00 1.53276751e+00 2.53184678e+00 -1.10119989e-01 2.42682026e+00 -8.46872694e-02 4.41851394e-01 -9.15711769e-01 -5.63726623e-01 1.00000000e+00 1.00000000e+00 -2.15580452e+00 6.76366124e-01 -8.46872694e-02 4.41851394e-01 -9.15711769e-01 -5.63726623e-01 0.00000000e+00 0.00000000e+00
3.12000006e-01 2.82644455e-01 5.00000000e-01 1.66248491e+00 5.96821607e-02 1.82812899e+00 -1.93537194e+00 1.73505638e+00 -1.77872174e+00 1.92120160e+00 -2.09202215e+00 -4.71966214e-01 2.84302224e-01 -1.05016362e+00 1.82664403e-01 1.00000000e+00 1.00000000e+00 -2.64477160e+00 1.77727238e+00 -4.71966214e-01 2.84302224e-01 -1.05016362e+00 1.82664403e-01 0.00000000e+00 0.00000000e+00
3.12000006e-01 5.85414975e-01 5.00000000e-01 1.67099329e+00 -3.03228896e-02 1.58465241e+00 -6.02233603e+00 2.01519368e+00 -6.18266612e+00 1.15411114e+00 -5.86200593e+00 -2.98271623e-01 -3.13269115e-02 -6.96736151e-01 -4.49712009e-01 1.00000000e+00 1.00000000e+00 -1.52679550e+00 3.80347342e-01 -2.98271623e-01 -3.13269115e-02 -6.96736151e-01 -4.49712009e-01 0.00000000e+00 0.00000000e+00
3.12000006e-01 1.99273272e+00 5.00000000e-01 1.49082046e+00 4.89691762e-01 1.84422473e+00 3.34286423e+00 1.10500981e+00 4.15049178e+00 2.58343966e+00 2.53523667e+00 2.14765582e-01 3.17775367e-01 -4.16103069e-01 -3.02049692e-01 1.00000000e+00 1.00000000e+00 -6.66361221e-01 -5.17915411e-02 2.14765582e-01 3.17775367e-01 -4.16103069e-01 -3.02049692e-01 0.00000000e+00 0.00000000e+00
3.12000006e-01 3.80925984e-01 5.00000000e-01 1.64936113e+00 -1.72229932e-01 -2.72325146e-01 -1.26520531e+00 -2.28355515e-01 -1.31109383e+00 -3.16294777e-01 -1.21931680e+00 -1.00356088e-01 3.12987607e-01 7.51262675e-01 9.78991489e-01 1.00000000e+00 1.00000000e+00 -4.81727567e-01 2.21198173e+00 -1.00356088e-01 3.12987607e-01 7.51262675e-01 9.78991489e-01 0.00000000e+00 0.00000000e+00
3.12000006e-01 3.33050506e-01 5.00000000e-01 1.66056098e+00 1.50583251e-01 6.57576821e+00 1.81026780e+00 6.53549874e+00 1.75072846e+00 6.61603768e+00 1.86980714e+00 -4.72418035e-01 5.01232751e-01 -1.31070757e+00 8.16205832e-01 1.00000000e+00 1.00000000e+00 -2.69802082e+00 2.20351908e+00 -4.72418035e-01 5.01232751e-01 -1.31070757e+00 8.16205832e-01 0.00000000e+00 0.00000000e+00
3.12000006e-01 2.51997635e-01 5.00000000e-01 1.53912398e+00 -4.25117128e-01 -1.21975542e+00 -5.21056477e+00 -8.90971900e-01 -6.17819875e+00 -1.54853895e+00 -4.24293079e+00 -8.02118409e-01 3.96208829e-02 -9.34751757e-01 3.48955448e-01 1.00000000e+00 1.00000000e+00 -2.68626593e+00 2.10046962e+00 -8.02118409e-01 3.96208829e-02 -9.34751757e-01 3.48955448e-01 0.00000000e+00 0.00000000e+00
3.12000006e-01 2.74693626e-01 5.00000000e-01 1.65934028e+00 -1.72665403e-01 -6.37360431e+00 3.31815292e+00 -6.71949310e+00 3.15262499e+00 -6.02771551e+00 3.48368084e+00 -2.11357344e-01 4.39726397e-01 4.76913916e-01 1.13709120e+00 1.00000000e+00 1.00000000e+00 -1.15580401e+00 2.76980913e+00 -2.11357344e-01 4.39726397e-01 4.76913916e-01 1.13709120e+00 0.00000000e+00 0.00000000e+00
3.12000006e-01 2.56493372e-01 5.00000000e-01 1.28999929e+00 7.68017184e-01 -1.83645631e-01 -3.63212422e+00 -8.64061161e-01 -4.65778730e+00 4.96769899e-01 -2.60646115e+00 1.34463907e-01 9.14299592e-01 -3.26154429e-01 4.21179987e-01 1.00000000e+00 1.00000000e+00 -2.05287191e+00 2.14789747e+00 1.34463907e-01 9.14299592e-01 -3.26154429e-01 4.21179987e-01 0.00000000e+00 0.00000000e+00
3.12000006e-01 3.19711028e-01 5.00000000e-01 1.47654675e+00 -5.38617477e-01 4.38977661e+00 5.08839310e+00 4.60223148e+00 4.88921921e+00 4.17732175e+00 5.28756699e+00 -8.13766748e-01 -2.69725859e-01 -8.45649125e-01 -2.52714128e-01 1.00000000e+00 1.00000000e+00 -2.28268169e+00 1.18431843e+00 -8.13766748e-01 -2.69725859e-01 -8.45649125e-01 -2.52714128e-01 0.00000000e+00 0.00000000e+00
3.12000006e-01 6.90165634e-01 5.00000000e-01 1.67596060e+00 1.57500791e-01 -4.03502474e+00 8.66418407e-01 -3.87735035e+00 1.00173688e+00 -4.19269913e+00 7.31099937e-01 1.14979499e-01 3.67812057e-01 3.27631688e-01 6.74033564e-01 1.00000000e+00 1.00000000e+00 -3.81857386e-01 1.38352264e+00 1.14979499e-01 3.67812057e-01 3.27631688e-01 6.74033564e-01 0.00000000e+00 0.00000000e+00
3.12000006e-01 5.65003787e-01 5.00000000e-01 1.50550707e+00 -4.98952623e-01 1.39385834e+00 -1.22504930e-01 5.82851718e-01 -8.41357757e-01 2.20486496e+00 5.96347897e-01 -3.05529034e-01 3.91958310e-02 6.80465769e-01 9.10698548e-01 1.00000000e+00 1.00000000e+00 -1.77889716e-01 1.76905403e+00 -3.05529034e-01 3.91958310e-02 6.80465769e-01 9.10698548e-01 0.00000000e+00 0.00000000e+00
3.12000006e-01 3.03611544e-01 5.00000000e-01 1.50550707e+00 -4.98952623e-01 -3.13501179e-01 -2.37714908e+00 4.88126155e-01 -2.15202405e+00 -1.11512851e+00 -2.60227412e+00 -4.20561832e-01 2.83167853e-01 5.64423165e-01 1.21696350e+00 1.00000000e+00 0.00000000e+00 -9.37281607e-01 2.71866827e+00 -4.20561832e-01 2.83167853e-01 5.64423165e-01 1.21696350e+00 0.00000000e+00 0.00000000e+00
3.12000006e-01 5.63963434e-01 5.00000000e-01 1.50550707e+00 -4.98952623e-01 3.05214528e-01 -2.93077645e+00 1.72555757e+00 -3.25927879e+00 -1.11512851e+00 -2.60227412e+00 -4.67947423e-01 -1.48252319e-01 5.52135526e-02 3.57115372e-01 1.00000000e+00 1.00000000e+00 -8.04634577e-01 1.21696350e+00 -4.67947423e-01 -1.48252319e-01 5.52135526e-02 3.57115372e-01 0.00000000e+00 0.00000000e+00
3.12000006e-01 5.34758884e-01 5.00000000e-01 1.69779391e+00 7.02684655e-02 -3.95277430e+00 9.68165224e-01 -3.92551573e+00 1.95778585e+00 -3.98003286e+00 -2.14554008e-02 -1.68884088e-02 2.42962957e-01 1.42917712e-01 3.50650813e-01 1.00000000e+00 1.00000000e+00 -7.60994463e-01 1.25456299e+00 -1.68884088e-02 2.42962957e-01 1.42917712e-01 3.50650813e-01 0.00000000e+00 0.00000000e+00
3.12000006e-01 3.04847270e-01 5.00000000e-01 1.19086231e+00 8.99738913e-01 -3.86624752e-01 -2.43884190e-01 -2.56979808e-01 1.01568695e+00 -5.16269696e-01 -1.50345533e+00 2.08579304e-01 1.11384101e+00 -3.84019515e-01 8.59121086e-01 1.00000000e+00 1.00000000e+00 -1.88056668e+00 2.35566825e+00 2.08579304e-01 1.11384101e+00 -3.84019515e-01 8.59121086e-01 0.00000000e+00 0.00000000e+00
3.12000006e-01 3.60574922e-01 5.00000000e-01 1.19086231e+00 8.99738913e-01 8.65755976e-01 1.57402042e-01 1.70504873e+00 1.05922265e+00 2.64632182e-02 -7.44418563e-01 3.92699262e-01 9.60779197e-01 -1.39524617e-02 4.58542758e-01 1.00000000e+00 1.00000000e+00 -1.30835172e+00 1.75294202e+00 3.92699262e-01 9.60779197e-01 -1.39524617e-02 4.58542758e-01 0.00000000e+00 0.00000000e+00
3.12000006e-01 2.84710117e-01 5.00000000e-01 1.67826536e+00 -1.89064756e-01 -1.10704240e+00 -1.99138336e+00 -5.94062678e-01 -2.24604518e+00 -1.62002211e+00 -1.73672155e+00 -6.64792140e-01 3.00253771e-01 -1.15148048e+00 8.13009132e-01 1.00000000e+00 1.00000000e+00 -2.73645946e+00 2.39798811e+00 -6.64792140e-01 3.00253771e-01 -1.15148048e+00 8.13009132e-01 0.00000000e+00 0.00000000e+00
3.12000006e-01 2.97416875e-01 5.00000000e-01 1.71002250e+00 3.54093581e-02 3.41305062e-01 -4.18547061e+00 3.59144612e-01 -4.52259127e+00 3.23465513e-01 -3.84834996e+00 -2.45025495e-01 6.48288661e-01 -3.42224070e-01 1.42616842e+00 0.00000000e+00 0.00000000e+00 -1.87029682e+00 2.95424118e+00 -2.45025495e-01 6.48288661e-01 -3.42224070e-01 1.42616842e+00 0.00000000e+00 0.00000000e+00
3.12000006e-01 2.64693717e-01 5.00000000e-01 1.71002250e+00 3.54093581e-02 8.38670699e-01 -4.86817033e+00 1.35387588e+00 -5.88799071e+00 3.23465513e-01 -3.84834996e+00 -5.22621798e-01 1.62261319e-01 -1.12874671e+00 -2.56973353e-01 1.00000000e+00 1.00000000e+00 -2.81188849e+00 1.42616842e+00 -5.22621798e-01 1.62261319e-01 -1.12874671e+00 -2.56973353e-01 0.00000000e+00 0.00000000e+00
3.12000006e-01 3.26700030e-01 5.00000000e-01 1.52685276e+00 -4.92570162e-01 3.11311982e+00 7.02050934e-02 2.64698335e+00 6.60459562e-01 3.57925629e+00 -5.20049376e-01 -4.56739159e-01 1.58272591e-01 3.57769347e-01 9.53633345e-01 1.00000000e+00 1.00000000e+00 -1.05280077e+00 2.36420346e+00 -4.56739159e-01 1.58272591e-01 3.57769347e-01 9.53633345e-01 0.00000000e+00 0.00000000e+00
3.12000006e-01 3.04585420e-01 5.00000000e-01 1.43254924e+00 -6.19680136e-01 -3.28263227e+00 -1.23681154e+00 -3.15228870e+00 -1.08280130e+00 -3.41297583e+00 -1.39082178e+00 -5.41836640e-01 2.05760408e-01 4.28422394e-01 1.15595074e+00 1.00000000e+00 0.00000000e+00 -1.06921487e+00 2.65358801e+00 -5.41836640e-01 2.05760408e-01 4.28422394e-01 1.15595074e+00 0.00000000e+00 0.00000000e+00
3.12000006e-01 4.53136916e-01 5.00000000e-01 1.44241329e+00 6.09092637e-01 1.08721701e+00 -2.44299172e+00 1.31304412e+00 -2.01904465e+00 8.61389887e-01 -2.86693879e+00 2.79089938e-01 6.45381676e-01 -5.34832280e-02 2.22923918e-01 1.00000000e+00 1.00000000e+00 -1.10743905e+00 1.27687974e+00 2.79089938e-01 6.45381676e-01 -5.34832280e-02 2.22923918e-01 1.00000000e+00 0.00000000e+00
3.12000006e-01 4.19342242e-01 5.00000000e-01 1.71919765e+00 -9.04817844e-02 1.81245330e+00 2.17768416e+00 1.78181124e+00 3.43066864e+00 1.84309536e+00 9.24699693e-01 -9.37548492e-02 3.61439279e-01 4.60530712e-01 1.04875549e+00 1.00000000e+00 0.00000000e+00 -6.70548157e-01 2.17983436e+00 -9.37548492e-02 3.61439279e-01 4.60530712e-01 1.04875549e+00 0.00000000e+00 0.00000000e+00
3.12000006e-01 4.07046118e-01 5.00000000e-01 1.69588440e+00 2.00489885e-01 -1.54730419e-02 -9.54861033e-01 2.58617073e-01 -9.36820626e-01 -2.89563157e-01 -9.72901439e-01 1.75962558e-01 5.95651723e-01 6.73805805e-01 1.13833580e+00 0.00000000e+00 1.00000000e+00 -4.88088044e-01 2.30022965e+00 1.75962558e-01 5.95651723e-01 6.73805805e-01 1.13833580e+00 0.00000000e+00 0.00000000e+00
3.12000006e-01 2.17765727e-01 5.00000000e-01 1.72722013e+00 -6.52964451e-02 -1.26010376e-01 2.45617880e+00 1.03926197e-01 2.93920780e+00 -3.55946948e-01 1.97314979e+00 -5.88173910e-01 3.31799958e-01 -9.99090468e-01 4.92202462e-01 1.00000000e+00 1.00000000e+00 -2.96362660e+00 2.45673859e+00 -5.88173910e-01 3.31799958e-01 -9.99090468e-01 4.92202462e-01 0.00000000e+00 1.00000000e+00
3.12000006e-01 2.60649279e-01 5.00000000e-01 1.64328160e+00 3.25361744e-01 -6.90483047e+00 -5.59478083e-01 -6.83756780e+00 -4.64383220e-01 -6.97209313e+00 -6.54572947e-01 -1.43894582e-01 4.68975182e-01 -5.40409279e-01 7.42808924e-02 1.00000000e+00 1.00000000e+00 -2.24478217e+00 1.77865379e+00 -1.43894582e-01 4.68975182e-01 -5.40409279e-01 7.42808924e-02 0.00000000e+00 1.00000000e+00
3.12000006e-01 3.92181813e-01 5.00000000e-01 1.54153555e+00 4.91854007e-01 -2.14827842e+00 1.49664031e+00 -2.20025833e+00 1.82714008e+00 -2.09629852e+00 1.16614053e+00 -1.50300101e-01 4.10221653e-01 -1.04511656e+00 -4.39823538e-01 0.00000000e+00 1.00000000e+00 -2.24647588e+00 7.61535783e-01 -1.50300101e-01 4.10221653e-01 -1.04511656e+00 -4.39823538e-01 0.00000000e+00 0.00000000e+00
3.12000006e-01 3.66569824e-01 5.00000000e-01 1.54153555e+00 4.91854007e-01 -1.94515437e+00 1.55303757e+00 -2.37800977e+00 2.67871187e+00 -1.51229898e+00 4.27363262e-01 2.89545338e-01 7.26454872e-01 3.34719847e-01 7.65623418e-01 0.00000000e+00 1.00000000e+00 -9.40993465e-01 2.04133673e+00 2.89545338e-01 7.26454872e-01 3.34719847e-01 7.65623418e-01 0.00000000e+00 0.00000000e+00
3.12000006e-01 2.78067164e-01 5.00000000e-01 1.66540467e+00 2.85995774e-01 2.51184813e+00 -2.92664500e-01 1.81547382e+00 -7.68027207e-02 3.20822244e+00 -5.08526279e-01 -1.42086094e-01 6.21821836e-01 -5.11814222e-01 7.90452539e-01 0.00000000e+00 1.00000000e+00 -2.12815538e+00 2.40679370e+00 -1.42086094e-01 6.21821836e-01 -5.11814222e-01 7.90452539e-01 0.00000000e+00 0.00000000e+00
3.12000006e-01 2.48682184e-01 5.00000000e-01 1.66540467e+00 2.85995774e-01 2.55405767e+00 -1.68542064e+00 1.90933895e+00 -2.23748551e+00 3.19877640e+00 -1.13335578e+00 -1.56492959e-01 4.25364088e-01 -4.78509666e-01 -9.41485516e-03 1.00000000e+00 1.00000000e+00 -2.24874112e+00 1.76081660e+00 -1.56492959e-01 4.25364088e-01 -4.78509666e-01 -9.41485516e-03 0.00000000e+00 0.00000000e+00
3.12000006e-01 4.44683946e-01 5.00000000e-01 1.66540467e+00 2.85995774e-01 2.77341665e+00 -2.89197012e+00 2.59039407e+00 -3.20796128e+00 2.95643924e+00 -2.57597896e+00 2.23350819e-01 5.63011751e-01 5.52184091e-01 8.61187813e-01 1.00000000e+00 1.00000000e+00 -5.20096130e-01 1.93346803e+00 2.23350819e-01 5.63011751e-01 5.52184091e-01 8.61187813e-01 0.00000000e+00 0.00000000e+00
3.12000006e-01 4.77221709e-01 5.00000000e-01 1.62110857e+00 -3.72639874e-01 2.14854918e+00 3.89936484e+00 1.67977028e+00 5.06798724e+00 2.61732808e+00 2.73074244e+00 -1.63481019e-01 2.53266960e-01 9.77735675e-01 1.26566086e+00 1.00000000e+00 1.00000000e+00 -2.71748969e-02 2.27057144e+00 -1.63481019e-01 2.53266960e-01 9.77735675e-01 1.26566086e+00 0.00000000e+00 0.00000000e+00
3.12000006e-01 3.56507550e-01 5.00000000e-01 1.69259524e+00 -2.23335546e-01 1.66120111e+00 -2.92183338e-02 1.77371078e+00 -7.76051701e-01 1.54869143e+00 7.17615033e-01 -3.79858105e-01 6.77462804e-02 -2.35840685e-01 2.94965827e-01 1.00000000e+00 1.00000000e+00 -1.54321707e+00 1.60234221e+00 -3.79858105e-01 6.77462804e-02 -2.35840685e-01 2.94965827e-01 0.00000000e+00 0.00000000e+00
3.12000006e-01 3.44650598e-01 5.00000000e-01 1.51893738e+00 5.30238840e-01 -2.44691151e-01 4.78091754e+00 -2.71193799e-01 4.97269841e+00 -2.18188503e-01 4.58913666e+00 -1.50740274e-01 4.81319645e-01 -1.02038489e+00 -3.40136222e-01 1.00000000e+00 0.00000000e+00 -2.36704187e+00 1.00652075e+00 -1.50740274e-01 4.81319645e-01 -1.02038489e+00 -3.40136222e-01 0.00000000e+00 0.00000000e+00
3.12000006e-01 5.30920070e-01 5.00000000e-01 1.32424747e+00 7.76284453e-01 3.26030831e+00 -1.80971498e+00 2.64571817e+00 -1.71154494e+00 3.87489846e+00 -1.90788502e+00 6.24654663e-01 1.00441010e+00 6.86729765e-01 1.12629980e+00 0.00000000e+00 1.00000000e+00 -2.23302743e-01 2.03633230e+00 6.24654663e-01 1.00441010e+00 6.86729765e-01 1.12629980e+00 0.00000000e+00 0.00000000e+00
3.12000006e-01 3.85080024e-01 5.00000000e-01 1.32424747e+00 7.76284453e-01 3.98361176e+00 -6.87032264e-01 4.09124741e+00 -5.92895820e-01 3.87597611e+00 -7.81168708e-01 2.40152047e-01 8.44448817e-01 -3.37900910e-01 4.13586239e-01 0.00000000e+00 1.00000000e+00 -1.55903413e+00 1.63471946e+00 2.40152047e-01 8.44448817e-01 -3.37900910e-01 4.13586239e-01 0.00000000e+00 0.00000000e+00
3.12000006e-01 3.30653671e-01 5.00000000e-01 1.73589048e+00 1.05505948e-01 -6.60109816e-01 -3.59508016e+00 -4.13588427e-01 -3.21708615e+00 -9.06631205e-01 -3.97307418e+00 -2.41235662e-01 2.78193008e-01 -5.77058378e-01 1.51171455e-01 1.00000000e+00 1.00000000e+00 -1.97306352e+00 1.54717660e+00 -2.41235662e-01 2.78193008e-01 -5.77058378e-01 1.51171455e-01 0.00000000e+00 0.00000000e+00
3.12000006e-01 3.69154745e-01 5.00000000e-01 1.65896825e+00 3.38701277e-01 3.14272391e+00 5.40009766e+00 2.58136139e+00 5.55231748e+00 3.70408642e+00 5.24787783e+00 -4.56868936e-01 1.53603258e-01 -1.61808396e+00 -1.06420970e+00 1.00000000e+00 1.00000000e+00 -2.88589781e+00 2.03604147e-01 -4.56868936e-01 1.53603258e-01 -1.61808396e+00 -1.06420970e+00 0.00000000e+00 0.00000000e+00
3.12000006e-01 2.99549056e-01 5.00000000e-01 1.73439680e+00 -1.55130760e-01 8.20592081e-01 -6.52730866e+00 5.21871043e-02 -6.72294527e+00 1.58899706e+00 -6.33167205e+00 -5.98702418e-01 3.42664462e-01 -1.08271867e+00 9.33146774e-01 1.00000000e+00 1.00000000e+00 -2.60161783e+00 2.45204593e+00 -5.98702418e-01 3.42664462e-01 -1.08271867e+00 9.33146774e-01 0.00000000e+00 0.00000000e+00
3.12000006e-01 5.93783246e-01 5.00000000e-01 1.73439680e+00 -1.55130760e-01 1.08630419e-01 -6.77775816e+00 5.24561521e-02 -6.87286366e+00 1.64804685e-01 -6.68265267e+00 -7.36523825e-02 1.91707206e-01 6.15135471e-01 8.15600234e-01 1.00000000e+00 0.00000000e+00 -2.03842140e-01 1.63457785e+00 -7.36523825e-02 1.91707206e-01 6.15135471e-01 8.15600234e-01 0.00000000e+00 0.00000000e+00
3.12000006e-01 5.22486061e-01 5.00000000e-01 1.37242747e+00 7.33400976e-01 -1.04569192e+00 1.89532112e+00 -9.23547177e-01 1.98184474e+00 -1.16783667e+00 1.80879751e+00 5.20184311e-01 9.21252251e-01 4.22100325e-01 9.57210751e-01 1.00000000e+00 1.00000000e+00 -5.01665476e-01 1.88097655e+00 5.20184311e-01 9.21252251e-01 4.22100325e-01 9.57210751e-01 0.00000000e+00 0.00000000e+00
3.12000006e-01 2.60990983e-01 5.00000000e-01 1.51497470e+00 5.64792406e-01 -3.97673764e+00 -8.08434394e-01 -3.42997595e+00 -1.06095368e+00 -4.52349933e+00 -5.55915110e-01 -2.59308484e-01 5.01559333e-01 -1.15767712e+00 -5.40285770e-01 1.00000000e+00 1.00000000e+00 -2.86023689e+00 1.16227399e+00 -2.59308484e-01 5.01559333e-01 -1.15767712e+00 -5.40285770e-01 0.00000000e+00 0.00000000e+00
3.12000006e-01 3.10869336e-01 5.00000000e-01 1.51497470e+00 5.64792406e-01 -3.00651237e+00 -1.95330986e+00 -2.51395428e+00 -1.94874319e+00 -3.49907047e+00 -1.95787653e+00 1.55265506e-01 6.67164672e-01 -1.72415618e-01 2.37153238e-01 0.00000000e+00 1.00000000e+00 -1.64429910e+00 1.70903672e+00 1.55265506e-01 6.67164672e-01 -1.72415618e-01 2.37153238e-01 0.00000000e+00 0.00000000e+00
3.12000006e-01 4.61872446e-01 5.00000000e-01 1.67174812e+00 3.33865089e-01 3.58346473e+00 -3.99789186e+00 2.67953813e+00 -3.18024787e+00 4.48739134e+00 -4.81553585e+00 -4.17862589e-01 1.90051058e-02 -1.63867275e+00 -1.42897739e+00 1.00000000e+00 1.00000000e+00 -2.67431552e+00 -3.93334614e-01 -4.17862589e-01 1.90051058e-02 -1.63867275e+00 -1.42897739e+00 0.00000000e+00 0.00000000e+00
3.12000006e-01 3.69204760e-01 5.00000000e-01 1.71932398e+00 -2.38468201e-01 2.05128309e+00 -1.80465969e+00 1.84514228e+00 -1.54545600e+00 2.25742391e+00 -2.06386338e+00 -3.04963948e-01 1.28518848e-01 1.01994258e-01 5.67306939e-01 1.00000000e+00 0.00000000e+00 -1.16566766e+00 1.83496886e+00 -3.04963948e-01 1.28518848e-01 1.01994258e-01 5.67306939e-01 0.00000000e+00 0.00000000e+00
3.12000006e-01 2.42284640e-01 5.00000000e-01 1.25180890e+00 -8.80212685e-01 -3.14030968e+00 3.46328920e+00 -3.95591275e+00 2.92965328e+00 -2.32470660e+00 3.99692511e+00 -8.33661326e-01 1.51284341e-01 1.86377594e-01 1.08650420e+00 1.00000000e+00 0.00000000e+00 -1.62104748e+00 2.89392927e+00 -8.33661326e-01 1.51284341e-01 1.86377594e-01 1.08650420e+00 0.00000000e+00 0.00000000e+00
3.12000006e-01 2.70555590e-01 5.00000000e-01 1.77596787e+00 -1.16870361e-02 1.64973614e+00 5.46101927e+00 3.42672731e+00 4.46563804e+00 -1.27255032e-01 6.45640050e+00 -1.56045331e-01 5.71522592e-01 1.76398939e-01 1.27082172e+00 1.00000000e+00 1.00000000e+00 -1.47683685e+00 2.92405751e+00 -1.56045331e-01 5.71522592e-01 1.76398939e-01 1.27082172e+00 0.00000000e+00 0.00000000e+00
3.12000006e-01 2.75160716e-01 5.00000000e-01 1.63849722e+00 -4.08670544e-01 -6.81867862e+00 5.94383206e-01 -6.77975711e+00 4.50108008e-01 -6.85760013e+00 7.38658405e-01 -5.88751028e-01 3.90781563e-02 -3.36621277e-01 4.27902840e-01 1.00000000e+00 1.00000000e+00 -1.96705319e+00 2.05833475e+00 -5.88751028e-01 3.90781563e-02 -3.36621277e-01 4.27902840e-01 0.00000000e+00 0.00000000e+00
3.12000006e-01 2.81901871e-01 5.00000000e-01 1.74189343e+00 -2.09865995e-01 1.58033939e+00 -3.61242085e+00 1.79999843e+00 -3.73007572e+00 1.36068035e+00 -3.49476598e+00 -4.77305058e-01 3.49000641e-01 -5.18634300e-01 1.01569121e+00 1.00000000e+00 0.00000000e+00 -2.11673071e+00 2.61378761e+00 -4.77305058e-01 3.49000641e-01 -5.18634300e-01 1.01569121e+00 0.00000000e+00 0.00000000e+00
3.12000006e-01 3.12772430e-01 5.00000000e-01 1.67144615e+00 3.59695754e-01 6.92405268e-01 3.84853345e+00 3.70040082e-01 3.85446259e+00 1.01477045e+00 3.84260431e+00 -3.90694795e-01 5.44386205e-01 -1.39505567e+00 3.98939662e-01 1.00000000e+00 1.00000000e+00 -2.85930376e+00 1.86318775e+00 -3.90694795e-01 5.44386205e-01 -1.39505567e+00 3.98939662e-01 0.00000000e+00 0.00000000e+00
3.12000006e-01 2.06292943e-01 5.00000000e-01 1.69387205e+00 3.41604989e-01 4.18269570e+00 -2.09316527e+00 4.20090830e+00 -2.36050093e+00 4.16448309e+00 -1.82582961e+00 -7.56664953e-02 6.17129912e-01 -2.21650931e-01 4.35714657e-01 1.00000000e+00 1.00000000e+00 -2.26874952e+00 2.48281324e+00 -7.56664953e-02 6.17129912e-01 -2.21650931e-01 4.35714657e-01 0.00000000e+00 0.00000000e+00
3.12000006e-01 2.17893658e-01 5.00000000e-01 1.60985015e+00 -4.80528409e-01 1.74649603e-01 4.66094819e-01 1.63429809e-01 5.17866856e-01 1.85869398e-01 4.14322782e-01 -7.12907309e-01 6.04246565e-02 -4.28178392e-01 4.42511935e-01 1.00000000e+00 1.00000000e+00 -2.39182893e+00 2.40616247e+00 -7.12907309e-01 6.04246565e-02 -4.28178392e-01 4.42511935e-01 0.00000000e+00 0.00000000e+00
3.12000006e-01 2.68656931e-01 5.00000000e-01 1.76725154e+00 -1.93553105e-01 -9.06691244e-01 -3.33105020e+00 -1.23993120e+00 -3.86940894e+00 -5.73451292e-01 -2.79269145e+00 -6.53846599e-01 -4.89976801e-02 -1.11561474e+00 -3.87850425e-01 1.00000000e+00 1.00000000e+00 -2.77842736e+00 1.27496219e+00 -6.53846599e-01 -4.89976801e-02 -1.11561474e+00 -3.87850425e-01 0.00000000e+00 0.00000000e+00
3.12000006e-01 5.96195809e-01 5.00000000e-01 1.76725154e+00 -1.93553105e-01 1.57479922e-01 -4.26262274e+00 -9.95501826e-02 -4.09498745e+00 4.14510027e-01 -4.43025804e+00 -1.43180547e-01 1.37566932e-01 4.41926190e-01 7.40393050e-01 1.00000000e+00 1.00000000e+00 -3.73909996e-01 1.55622924e+00 -1.43180547e-01 1.37566932e-01 4.41926190e-01 7.40393050e-01 0.00000000e+00 0.00000000e+00
3.12000006e-01 4.81675764e+00 5.00000000e-01 1.80217223e+00 -2.77716016e-03 -1.37521160e+00 1.20736191e+00 -1.69152036e+00 8.24885599e-01 -1.05890284e+00 1.58983823e+00 -3.33156851e-03 2.54476002e-02 4.65490136e-02 7.51392736e-02 1.00000000e+00 1.00000000e+00 -5.72087054e-02 1.78896993e-01 -3.33156851e-03 2.54476002e-02 4.65490136e-02 7.51392736e-02 0.00000000e+00 0.00000000e+00
3.12000006e-01 2.46432451e-01 5.00000000e-01 1.60035205e+00 -4.97562270e-01 8.31650701e-01 4.65591225e+00 -1.53323729e+00 4.47206153e+00 3.19653869e+00 4.83976297e+00 -6.30409558e-01 7.29880971e-02 -1.53322552e-01 5.91857044e-01 1.00000000e+00 1.00000000e+00 -1.93646907e+00 2.37500356e+00 -6.30409558e-01 7.29880971e-02 -1.53322552e-01 5.91857044e-01 0.00000000e+00 0.00000000e+00
3.12000006e-01 2.63369091e-01 5.00000000e-01 1.78786868e+00 -1.29752918e-01 1.20540738e-01 1.27321233e+00 -2.60802005e-01 1.09751120e+00 5.01883480e-01 1.44891346e+00 -4.19379900e-01 1.78374865e-01 -4.90767329e-01 2.96622889e-01 1.00000000e+00 1.00000000e+00 -2.18080790e+00 1.98666346e+00 -4.19379900e-01 1.78374865e-01 -4.90767329e-01 2.96622889e-01 0.00000000e+00 0.00000000e+00
3.12000006e-01 2.80253401e-01 5.00000000e-01 1.71840731e+00 -3.12983014e-01 -5.49845820e+00 2.15017884e-01 -5.51928724e+00 1.53198177e-01 -5.47762916e+00 2.76837591e-01 -4.99809411e-01 4.69165949e-03 -3.04587704e-01 1.58966804e-01 1.00000000e+00 1.00000000e+00 -1.91047957e+00 1.76485867e+00 -4.99809411e-01 4.69165949e-03 -3.04587704e-01 1.58966804e-01 0.00000000e+00 0.00000000e+00
3.12000006e-01 2.54357096e-01 5.00000000e-01 1.77794838e+00 -1.89684216e-01 1.68829300e+00 -4.23164950e+00 2.24082758e-01 -3.08410285e+00 3.15250324e+00 -5.37919616e+00 -4.01751140e-01 2.61130259e-01 -2.33473522e-01 6.71199441e-01 1.00000000e+00 1.00000000e+00 -1.97189141e+00 2.40961733e+00 -4.01751140e-01 2.61130259e-01 -2.33473522e-01 6.71199441e-01 0.00000000e+00 0.00000000e+00
3.12000006e-01 4.40790319e-01 5.00000000e-01 1.77794838e+00 -1.89684216e-01 -9.89360334e-02 -3.62638723e+00 -1.55855242e+00 -3.75800847e+00 1.36068035e+00 -3.49476598e+00 -3.80043780e-01 -3.91387220e-02 -4.76606557e-01 -6.52375146e-02 1.00000000e+00 1.00000000e+00 -1.55753528e+00 1.01569121e+00 -3.80043780e-01 -3.91387220e-02 -4.76606557e-01 -6.52375146e-02 1.00000000e+00 0.00000000e+00
3.12000006e-01 2.50122793e-01 5.00000000e-01 1.60314544e+00 -5.07979605e-01 -3.58232238e+00 -3.97524146e-01 -3.61680207e+00 -5.70261322e-01 -3.54784269e+00 -2.24786970e-01 -7.08737838e-01 2.41905025e-02 -4.37276449e-01 4.87751861e-01 1.00000000e+00 1.00000000e+00 -2.19932926e+00 2.24980467e+00 -7.08737838e-01 2.41905025e-02 -4.37276449e-01 4.87751861e-01 0.00000000e+00 0.00000000e+00
3.12000006e-01 2.88564381e-01 5.00000000e-01 1.62311810e+00 -4.88275790e-01 -1.95494581e-01 4.27539786e-01 1.31870069e-01 1.03946583e+00 -5.22859231e-01 -1.84386263e-01 -6.21236704e-01 1.04412476e-01 -2.57987864e-01 7.81547348e-01 1.00000000e+00 1.00000000e+00 -1.82528958e+00 2.34884907e+00 -6.21236704e-01 1.04412476e-01 -2.57987864e-01 7.81547348e-01 1.00000000e+00 0.00000000e+00
3.12000006e-01 2.95702340e-01 5.00000000e-01 1.81913356e+00 -4.23679825e-02 -4.41415162e+00 -1.76729025e-01 -5.21629258e+00 1.00787080e-01 -3.61201065e+00 -4.54245130e-01 -3.33954627e-01 1.33758773e-01 -5.00275445e-01 -2.77210976e-02 1.00000000e+00 1.00000000e+00 -2.03580091e+00 1.50780436e+00 -3.33954627e-01 1.33758773e-01 -5.00275445e-01 -2.77210976e-02 0.00000000e+00 0.00000000e+00
3.12000006e-01 2.33191562e-01 5.00000000e-01 1.77309257e+00 -2.31534042e-01 2.06257414e+00 2.36399867e+00 2.17600402e+00 2.51198280e+00 1.94914426e+00 2.21601453e+00 -5.39760528e-01 1.28881154e-01 -5.65662234e-01 2.79520079e-01 1.00000000e+00 1.00000000e+00 -2.42853157e+00 2.14238942e+00 -5.39760528e-01 1.28881154e-01 -5.65662234e-01 2.79520079e-01 0.00000000e+00 0.00000000e+00
3.12000006e-01 2.71811158e-01 5.00000000e-01 1.82353740e+00 2.71766335e-04 -2.92674869e+00 2.32878852e+00 -2.93167036e+00 1.96078566e+00 -2.92182703e+00 2.69679137e+00 -3.46574614e-01 1.48228510e-01 -5.95734885e-01 -1.57161322e-01 1.00000000e+00 1.00000000e+00 -2.24269422e+00 1.48979801e+00 -3.46574614e-01 1.48228510e-01 -5.95734885e-01 -1.57161322e-01 1.00000000e+00 1.00000000e+00
3.12000006e-01 8.40512871e-01 5.00000000e-01 1.61418855e+00 -5.05669330e-01 -5.44503098e-01 2.84929108e+00 -4.59043875e-01 3.43689885e+00 -6.29962321e-01 2.26168330e+00 -4.06451521e-01 -1.71512802e-01 2.02340474e-01 4.84924693e-01 1.00000000e+00 0.00000000e+00 -3.84094926e-01 1.07136009e+00 -4.06451521e-01 -1.71512802e-01 2.02340474e-01 4.84924693e-01 0.00000000e+00 0.00000000e+00
3.12000006e-01 3.39401040e-01 5.00000000e-01 1.84528929e+00 -6.82988909e-02 -5.93995397e+00 4.77910893e+00 -5.47490498e+00 5.05729522e+00 -6.40500295e+00 4.50092264e+00 -2.28232604e-01 1.86226462e-01 -1.08459734e-01 3.49065821e-01 1.00000000e+00 1.00000000e+00 -1.47323180e+00 1.71383789e+00 -2.28232604e-01 1.86226462e-01 -1.08459734e-01 3.49065821e-01 0.00000000e+00 0.00000000e+00
3.12000006e-01 2.83769229e-01 5.00000000e-01 1.85017886e+00 -3.37011464e-02 4.16581895e+00 -9.52039604e-01 3.68294664e+00 5.23854654e-02 4.64869125e+00 -1.95646467e+00 -4.39242806e-01 2.93673972e-01 -8.62470937e-01 5.36028046e-01 0.00000000e+00 1.00000000e+00 -2.45182224e+00 2.12537935e+00 -4.39242806e-01 2.93673972e-01 -8.62470937e-01 5.36028046e-01 0.00000000e+00 0.00000000e+00
3.12000006e-01 4.23767447e-01 5.00000000e-01 1.85575475e+00 -4.62054821e-02 2.69166023e+00 -7.94594923e-01 2.84914785e+00 -5.95692118e-01 2.53417262e+00 -9.93497729e-01 9.09359641e-03 4.52423705e-01 7.73209567e-01 1.30334844e+00 1.00000000e+00 1.00000000e+00 -3.47159932e-01 2.42371794e+00 9.09359641e-03 4.52423705e-01 7.73209567e-01 1.30334844e+00 0.00000000e+00 0.00000000e+00
3.12000006e-01 3.44937874e-01 5.00000000e-01 1.76179258e+00 -3.36882850e-01 -6.20850093e+00 4.17196702e-01 -6.38410134e+00 7.24434873e-01 -6.03290052e+00 1.09958532e-01 -6.08260229e-01 -2.13523812e-01 -7.93986116e-01 -4.63325174e-01 1.00000000e+00 1.00000000e+00 -2.13966493e+00 8.82353638e-01 -6.08260229e-01 -2.13523812e-01 -7.93986116e-01 -4.63325174e-01 0.00000000e+00 0.00000000e+00
3.12000006e-01 2.90354965e-01 5.00000000e-01 1.82944973e+00 1.94179933e-01 2.83238602e+00 -5.15173932e+00 2.46233337e+00 -5.28290463e+00 3.20243867e+00 -5.02057401e+00 -1.44899229e-01 3.70982960e-01 -4.21952870e-01 2.02834618e-01 1.00000000e+00 1.00000000e+00 -1.98116780e+00 1.76204954e+00 -1.44899229e-01 3.70982960e-01 -4.21952870e-01 2.02834618e-01 0.00000000e+00 0.00000000e+00
3.12000006e-01 3.21512561e-01 5.00000000e-01 1.51514535e+00 6.73248207e-01 -2.61059678e+00 -1.28463479e+00 -2.81163536e+00 -1.00437655e+00 -2.40955820e+00 -1.56489303e+00 -2.23087763e-02 5.99782510e-01 -8.70266352e-01 -3.36297413e-01 1.00000000e+00 1.00000000e+00 -2.30038842e+00 1.09382465e+00 -2.23087763e-02 5.99782510e-01 -8.70266352e-01 -3.36297413e-01 0.00000000e+00 0.00000000e+00
3.12000006e-01 3.64955150e-01 5.00000000e-01 1.86610839e+00 -8.32175313e-02 3.89307408e-02 -6.35490760e+00 -8.69432037e-02 -6.02716253e+00 1.64804685e-01 -6.68265267e+00 -4.35857037e-01 -2.83222970e-02 -9.00251488e-01 -4.65095229e-01 1.00000000e+00 1.00000000e+00 -2.18094695e+00 8.15600234e-01 -4.35857037e-01 -2.83222970e-02 -9.00251488e-01 -4.65095229e-01 0.00000000e+00 0.00000000e+00
3.12000006e-01 2.77823776e-01 5.00000000e-01 1.80596760e+00 2.81284089e-01 -4.27373013e+00 -1.50569514e+00 -3.07760473e+00 -1.65577499e+00 -5.46985554e+00 -1.35561528e+00 1.99117044e-01 6.95028361e-01 7.14963533e-01 1.10161504e+00 1.00000000e+00 0.00000000e+00 -9.02548814e-01 2.71912739e+00 1.99117044e-01 6.95028361e-01 7.14963533e-01 1.10161504e+00 1.00000000e+00 0.00000000e+00
3.12000006e-01 5.25543124e-01 5.00000000e-01 1.86772539e+00 -1.11098690e-01 9.25635864e-01 4.73291080e+00 1.27054526e+00 4.68147473e+00 5.80726471e-01 4.78434688e+00 -2.77345895e-01 6.59286227e-03 -4.07162632e-01 -2.52727383e-02 1.00000000e+00 1.00000000e+00 -1.32590431e+00 8.93468940e-01 -2.77345895e-01 6.59286227e-03 -4.07162632e-01 -2.52727383e-02 1.00000000e+00 0.00000000e+00
3.12000006e-01 5.68852906e-01 5.00000000e-01 1.82145339e+00 -2.57494598e-01 2.06622366e+00 3.09611591e+00 2.23437477e+00 2.61920868e+00 1.89807256e+00 3.57302314e+00 -3.28821496e-01 -1.64171809e-02 -1.59595321e-01 3.56133397e-01 1.00000000e+00 1.00000000e+00 -1.01247190e+00 1.20900998e+00 -3.28821496e-01 -1.64171809e-02 -1.59595321e-01 3.56133397e-01 0.00000000e+00 0.00000000e+00
3.12000006e-01 2.95045653e-01 5.00000000e-01 1.87876316e+00 -6.42384640e-02 -5.07048605e-02 7.34044273e+00 1.06095368e+00 7.73395182e+00 -1.16236340e+00 6.94693365e+00 -3.71773239e-01 4.57956306e-02 -6.01712214e-01 -3.20132307e-01 1.00000000e+00 1.00000000e+00 -2.14011030e+00 1.21826578e+00 -3.71773239e-01 4.57956306e-02 -6.01712214e-01 -3.20132307e-01 0.00000000e+00 0.00000000e+00
3.12000006e-01 2.63880965e-01 5.00000000e-01 1.83015172e+00 -2.53889620e-01 -9.17988236e-01 -4.96253883e+00 -1.62898756e+00 -5.16275540e+00 -2.06988909e-01 -4.76232227e+00 -4.85363091e-01 2.08615030e-01 -4.16606926e-01 6.92767519e-01 1.00000000e+00 0.00000000e+00 -2.10397533e+00 2.38013592e+00 -4.85363091e-01 2.08615030e-01 -4.16606926e-01 6.92767519e-01 0.00000000e+00 0.00000000e+00
3.12000006e-01 1.99570228e+00 5.00000000e-01 1.83555057e+00 2.45441923e-01 -2.47964725e+00 2.14383512e-01 -1.65037691e+00 8.00841479e-01 -3.30891758e+00 -3.72074454e-01 1.63124718e-01 2.28748346e-01 -1.00328568e-02 4.25561396e-02 1.00000000e+00 1.00000000e+00 -2.59920557e-01 2.92443839e-01 1.63124718e-01 2.28748346e-01 -1.00328568e-02 4.25561396e-02 0.00000000e+00 0.00000000e+00
3.12000006e-01 8.29228318e-01 5.00000000e-01 1.88550627e+00 9.61028320e-02 1.69487534e+00 -4.77274875e+00 1.92977618e+00 -4.84371669e+00 1.45997449e+00 -4.70178082e+00 2.27740508e-01 4.19849063e-01 1.00411678e+00 1.16552118e+00 1.00000000e+00 1.00000000e+00 4.09926292e-01 1.75971166e+00 2.27740508e-01 4.19849063e-01 1.00411678e+00 1.16552118e+00 0.00000000e+00 0.00000000e+00
3.12000006e-01 5.10122415e-01 5.00000000e-01 1.84788427e+00 2.27225582e-01 -2.58887474e+00 -5.30852257e+00 -3.72320780e+00 -6.08568719e+00 -1.45454169e+00 -4.53135795e+00 -2.11750367e-01 1.39111404e-01 -1.02748620e+00 -6.53761942e-01 1.00000000e+00 1.00000000e+00 -1.97212651e+00 2.90878368e-01 -2.11750367e-01 1.39111404e-01 -1.02748620e+00 -6.53761942e-01 0.00000000e+00 0.00000000e+00
3.12000006e-01 3.52909762e-01 5.00000000e-01 1.87188882e+00 1.70715987e-01 1.61550084e+00 -5.63626567e-01 1.81547382e+00 -7.68027207e-02 1.41552787e+00 -1.05045041e+00 1.65867626e-01 5.70568746e-01 8.07248952e-01 1.12624300e+00 1.00000000e+00 1.00000000e+00 -5.11814222e-01 2.44530617e+00 1.65867626e-01 5.70568746e-01 8.07248952e-01 1.12624300e+00 0.00000000e+00 0.00000000e+00
3.12000006e-01 2.68235988e-01 5.00000000e-01 1.80680268e+00 3.48678870e-01 2.53097645e+00 7.66130883e-02 2.61098438e+00 -1.50636610e-01 2.45096852e+00 3.03862787e-01 -3.13008884e-01 3.17885568e-01 -1.15324265e+00 -6.25653361e-01 0.00000000e+00 1.00000000e+00 -2.81819260e+00 1.03929659e+00 -3.13008884e-01 3.17885568e-01 -1.15324265e+00 -6.25653361e-01 0.00000000e+00 1.00000000e+00
3.12000006e-01 3.74596741e-01 5.00000000e-01 1.90251207e+00 1.42425792e-01 2.09901024e-02 4.45030174e+00 -5.19074601e-01 4.20985230e+00 5.61054805e-01 4.69075119e+00 2.08740717e-01 6.70092063e-01 1.08438840e+00 1.53280412e+00 1.00000000e+00 1.00000000e+00 -1.67095920e-01 2.78428844e+00 2.08740717e-01 6.70092063e-01 1.08438840e+00 1.53280412e+00 0.00000000e+00 0.00000000e+00
3.12000006e-01 3.92666705e-01 5.00000000e-01 1.90691903e+00 -1.36496186e-01 2.46837407e+00 -1.13435767e+00 2.54988000e+00 -9.73952209e-01 2.38686814e+00 -1.29476314e+00 -3.24485608e-01 3.52290792e-02 -3.94410817e-01 5.32632706e-02 1.00000000e+00 1.00000000e+00 -1.59444234e+00 1.25329479e+00 -3.24485608e-01 3.52290792e-02 -3.94410817e-01 5.32632706e-02 0.00000000e+00 0.00000000e+00
3.12000006e-01 4.21111624e-01 5.00000000e-01 1.85017342e+00 2.84462287e-01 1.00509159e+00 -3.13430440e+00 2.28045304e+00 -2.75534530e+00 -2.70269856e-01 -3.51326350e+00 9.10202420e-02 4.61396511e-01 -1.47906597e-02 5.16045908e-01 1.00000000e+00 1.00000000e+00 -1.14156399e+00 1.64281923e+00 9.10202420e-02 4.61396511e-01 -1.47906597e-02 5.16045908e-01 0.00000000e+00 0.00000000e+00
3.12000006e-01 2.84985357e-01 5.00000000e-01 1.54498343e+00 -6.88556102e-01 -1.81635727e+00 -9.21431953e-01 -2.65187403e+00 -6.38642750e-01 -9.80840517e-01 -1.20422116e+00 -8.40077047e-01 -2.15458427e-01 -5.02433694e-01 1.96846923e-01 1.00000000e+00 0.00000000e+00 -2.08613789e+00 1.78055112e+00 -8.40077047e-01 -2.15458427e-01 -5.02433694e-01 1.96846923e-01 0.00000000e+00 0.00000000e+00
3.12000006e-01 2.85013239e-01 5.00000000e-01 1.93340437e+00 1.72421071e-02 -5.04547518e+00 2.49745319e-01 -4.32676594e+00 1.59424834e-01 -5.76418441e+00 3.40065803e-01 -5.73124178e-01 1.01411754e-01 -1.39758786e+00 -3.70030676e-01 0.00000000e+00 1.00000000e+00 -2.98116303e+00 1.21354450e+00 -5.73124178e-01 1.01411754e-01 -1.39758786e+00 -3.70030676e-01 0.00000000e+00 0.00000000e+00
3.12000006e-01 3.55986430e-01 5.00000000e-01 1.93340437e+00 1.72421071e-02 -5.25876690e+00 6.84603222e-01 -4.85306163e+00 1.08983909e-01 -5.66447217e+00 1.26022254e+00 -2.68184788e-01 9.64212495e-02 -5.76549486e-01 -2.56222875e-01 1.00000000e+00 0.00000000e+00 -1.88560643e+00 1.05283407e+00 -2.68184788e-01 9.64212495e-02 -5.76549486e-01 -2.56222875e-01 0.00000000e+00 0.00000000e+00
3.12000006e-01 2.51326102e-01 5.00000000e-01 1.93340437e+00 1.72421071e-02 -4.49898003e+00 3.64573966e-01 -4.32676594e+00 1.59424834e-01 -4.67119412e+00 5.69723099e-01 -9.55870717e-02 5.03685340e-01 3.57687478e-01 1.04985241e+00 1.00000000e+00 1.00000000e+00 -1.39758786e+00 2.80512774e+00 -9.55870717e-02 5.03685340e-01 3.57687478e-01 1.04985241e+00 0.00000000e+00 0.00000000e+00
3.12000006e-01 2.38013299e-01 5.00000000e-01 1.93174804e+00 -8.70447584e-02 2.92189956e+00 -4.46461601e+00 3.65722915e+00 -2.87116114e+00 2.18656996e+00 -6.05807088e+00 -3.52444811e-01 3.48599453e-01 -3.43514510e-01 7.51417243e-01 1.00000000e+00 1.00000000e+00 -2.17659451e+00 2.58449725e+00 -3.52444811e-01 3.48599453e-01 -3.43514510e-01 7.51417243e-01 0.00000000e+00 0.00000000e+00
3.12000006e-01 3.11394976e-01 5.00000000e-01 1.93174804e+00 -8.70447584e-02 2.01551862e+00 -3.56261461e+00 1.99763213e+00 -3.15499412e+00 2.03340512e+00 -3.97023511e+00 -2.51369032e-01 2.00477452e-01 -1.17390937e-01 4.33456974e-01 1.00000000e+00 0.00000000e+00 -1.58715800e+00 1.90322404e+00 -2.51369032e-01 2.00477452e-01 -1.17390937e-01 4.33456974e-01 0.00000000e+00 0.00000000e+00
3.12000006e-01 3.46218328e-01 5.00000000e-01 1.79602467e+00 -3.99886332e-01 -3.04428714e+00 3.53317324e+00 -3.03825535e+00 4.05748108e+00 -3.05031894e+00 3.00886539e+00 -4.15076269e-01 3.46653936e-02 2.01053308e-01 6.18545442e-01 1.00000000e+00 1.00000000e+00 -1.14028197e+00 1.95988072e+00 -4.15076269e-01 3.46653936e-02 2.01053308e-01 6.18545442e-01 0.00000000e+00 0.00000000e+00
3.12000006e-01 3.27520786e-01 5.00000000e-01 1.61736179e+00 -6.23508526e-01 3.80229844e+00 4.68458160e+00 3.31186962e+00 4.47329789e+00 4.29272727e+00 4.89586532e+00 -9.00165226e-01 -4.44371446e-01 -1.00999623e+00 -5.94317440e-01 1.00000000e+00 1.00000000e+00 -2.41751913e+00 8.13205457e-01 -9.00165226e-01 -4.44371446e-01 -1.00999623e+00 -5.94317440e-01 0.00000000e+00 1.00000000e+00
3.12000006e-01 2.37359294e-01 5.00000000e-01 1.91486010e+00 1.72910238e-01 1.12779287e+00 -2.87713482e+00 3.77611816e-01 -3.40613585e+00 1.87797392e+00 -2.34813379e+00 -1.37011122e-01 4.09314293e-01 -2.38288304e-01 3.09882675e-01 1.00000000e+00 1.00000000e+00 -2.07535657e+00 2.14695094e+00 -1.37011122e-01 4.09314293e-01 -2.38288304e-01 3.09882675e-01 0.00000000e+00 0.00000000e+00
3.12000006e-01 1.97206044e-01 5.00000000e-01 1.93884765e+00 -6.99155892e-02 -2.48171783e+00 -2.39765179e+00 -2.65856321e+00 -2.32440510e+00 -2.30487245e+00 -2.47089849e+00 -5.13462345e-01 3.25861353e-01 -7.94016733e-01 5.02955866e-01 1.00000000e+00 1.00000000e+00 -2.91123379e+00 2.62017293e+00 -5.13462345e-01 3.25861353e-01 -7.94016733e-01 5.02955866e-01 0.00000000e+00 0.00000000e+00
3.12000006e-01 2.78275778e-01 5.00000000e-01 1.92678123e+00 1.46330251e-01 2.40702683e+00 1.40502180e+00 2.97648823e+00 1.52806405e+00 1.83756543e+00 1.28197955e+00 -2.24477379e-01 3.85299640e-01 -5.90250925e-01 4.08391155e-01 0.00000000e+00 0.00000000e+00 -2.20558949e+00 2.02372972e+00 -2.24477379e-01 3.85299640e-01 -5.90250925e-01 4.08391155e-01 0.00000000e+00 0.00000000e+00
3.12000006e-01 2.52688429e-01 5.00000000e-01 1.94735012e+00 -4.07236014e-02 2.88222979e+00 -7.25468150e+00 3.33314905e+00 -6.99815630e+00 2.43131054e+00 -7.51120670e+00 -2.24511166e-01 3.54137420e-01 -1.95202290e-02 7.17647755e-01 1.00000000e+00 1.00000000e+00 -1.76718107e+00 2.46530859e+00 -2.24511166e-01 3.54137420e-01 -1.95202290e-02 7.17647755e-01 0.00000000e+00 0.00000000e+00
3.12000006e-01 2.25101232e-01 5.00000000e-01 1.85969785e+00 3.09443960e-01 -3.33253593e+00 -2.44318253e+00 -2.28725145e+00 -2.68301711e+00 -4.37782041e+00 -2.20334794e+00 -1.99719563e-01 5.57707794e-01 -6.75408340e-01 4.33368364e-01 1.00000000e+00 0.00000000e+00 -2.59034061e+00 2.34830064e+00 -1.99719563e-01 5.57707794e-01 -6.75408340e-01 4.33368364e-01 0.00000000e+00 0.00000000e+00
3.12000006e-01 4.13562185e-01 5.00000000e-01 1.85969785e+00 3.09443960e-01 -3.27579630e+00 -2.96291473e+00 -2.17377219e+00 -3.72248151e+00 -4.37782041e+00 -2.20334794e+00 -2.06729082e-01 2.12920994e-01 -1.08047170e+00 -7.11998073e-01 0.00000000e+00 1.00000000e+00 -2.22583813e+00 4.33368364e-01 -2.06729082e-01 2.12920994e-01 -1.08047170e+00 -7.11998073e-01 0.00000000e+00 0.00000000e+00
3.12000006e-01 4.06482048e-01 5.00000000e-01 1.65602339e+00 -5.87667881e-01 3.49347218e-01 -1.82060165e-01 -5.00990981e-01 -1.22788204e-01 1.19968542e+00 -2.41332127e-01 -4.87085998e-01 3.93876879e-03 4.22379219e-01 8.99271331e-01 1.00000000e+00 1.00000000e+00 -7.40966857e-01 2.06261741e+00 -4.87085998e-01 3.93876879e-03 4.22379219e-01 8.99271331e-01 0.00000000e+00 0.00000000e+00
3.12000006e-01 4.34894043e-01 5.00000000e-01 1.69339926e+00 5.50336028e-01 -5.44194577e-01 -4.30970698e+00 -8.61050131e-01 -3.83787345e+00 -2.27339022e-01 -4.78154050e+00 1.30746305e-01 5.50522661e-01 -4.96248812e-01 4.01276250e-03 1.00000000e+00 1.00000000e+00 -1.59053279e+00 1.09829674e+00 1.30746305e-01 5.50522661e-01 -4.96248812e-01 4.01276250e-03 0.00000000e+00 1.00000000e+00
3.12000006e-01 4.08672543e-01 5.00000000e-01 1.93716241e+00 1.40866857e-01 -2.15634831e+00 -8.17583748e-01 -2.13085840e+00 -1.15037993e+00 -2.18183822e+00 -4.84787564e-01 1.56563154e-01 5.22256070e-01 7.96203742e-01 1.14573681e+00 1.00000000e+00 0.00000000e+00 -3.61522180e-01 2.30346273e+00 1.56563154e-01 5.22256070e-01 7.96203742e-01 1.14573681e+00 0.00000000e+00 0.00000000e+00
3.12000006e-01 2.05043497e+00 5.00000000e-01 1.93716241e+00 1.40866857e-01 -2.28249815e+00 8.53502495e-01 -2.86689518e+00 6.46323267e-01 -1.69810112e+00 1.06068172e+00 4.99903384e-02 1.24201832e-01 -1.74030665e-01 -6.19473608e-02 1.00000000e+00 1.00000000e+00 -4.17281198e-01 1.81303172e-01 4.99903384e-02 1.24201832e-01 -1.74030665e-01 -6.19473608e-02 0.00000000e+00 0.00000000e+00
3.12000006e-01 5.43343029e-01 5.00000000e-01 1.56037913e+00 7.00161632e-01 -2.41015771e+00 -2.36785703e+00 -2.28814854e+00 -2.23123007e+00 -2.53216688e+00 -2.50448398e+00 -1.09361503e-01 3.74925866e-01 -1.42117474e+00 -9.74826355e-01 1.00000000e+00 1.00000000e+00 -2.31168628e+00 -8.43148182e-02 -1.09361503e-01 3.74925866e-01 -1.42117474e+00 -9.74826355e-01 0.00000000e+00 0.00000000e+00
3.12000006e-01 2.58364892e-01 5.00000000e-01 1.95139205e+00 8.68204653e-02 -7.95789365e+00 4.15336235e-02 -8.74172046e+00 6.45786139e-01 -7.17406684e+00 -5.62718892e-01 -2.45629802e-01 2.46530166e-01 -4.78836706e-01 -2.08012415e-02 1.00000000e+00 1.00000000e+00 -2.19542434e+00 1.69578639e+00 -2.45629802e-01 2.46530166e-01 -4.78836706e-01 -2.08012415e-02 0.00000000e+00 1.00000000e+00
3.12000006e-01 3.32439964e-01 5.00000000e-01 1.86509407e+00 3.16297066e-01 2.11272130e+00 -3.90686529e+00 2.32407778e+00 -4.14854856e+00 1.90136483e+00 -3.66518201e+00 -1.10349171e-01 3.79726471e-01 -6.85685846e-01 -8.04280154e-02 1.00000000e+00 1.00000000e+00 -2.07520342e+00 1.30908956e+00 -1.10349171e-01 3.79726471e-01 -6.85685846e-01 -8.04280154e-02 0.00000000e+00 0.00000000e+00
3.12000006e-01 2.69043424e-01 5.00000000e-01 1.94683997e+00 -1.20458023e-01 -5.70126074e+00 5.15840347e+00 -4.68938083e+00 4.83571591e+00 -6.71314066e+00 5.48109102e+00 -4.17842621e-01 7.17229039e-02 -5.87325928e-01 -6.32343416e-02 1.00000000e+00 1.00000000e+00 -2.24818066e+00 1.59762039e+00 -4.17842621e-01 7.17229039e-02 -5.87325928e-01 -6.32343416e-02 0.00000000e+00 0.00000000e+00
3.12000006e-01 2.84052509e-01 5.00000000e-01 1.95745847e+00 6.40942330e-02 -2.70978449e+00 -7.67478373e+00 -2.71665172e+00 -7.41587034e+00 -2.70291727e+00 -7.93369713e+00 -3.18868407e-01 2.22967615e-01 -7.39520365e-01 1.87523557e-02 1.00000000e+00 1.00000000e+00 -2.32755288e+00 1.60678487e+00 -3.18868407e-01 2.22967615e-01 -7.39520365e-01 1.87523557e-02 0.00000000e+00 0.00000000e+00
3.12000006e-01 3.89396150e-01 5.00000000e-01 1.90047910e+00 2.53269454e-01 -1.05527727e+00 6.47432891e+00 -6.81658881e-01 6.75409132e+00 -1.42889567e+00 6.19456651e+00 -2.15658773e-02 3.33317783e-01 -3.38730738e-01 2.88589688e-02 1.00000000e+00 1.00000000e+00 -1.54777292e+00 1.23790115e+00 -2.15658773e-02 3.33317783e-01 -3.38730738e-01 2.88589688e-02 0.00000000e+00 0.00000000e+00
3.12000006e-01 4.32822784e-01 5.00000000e-01 1.66619549e+00 -5.93957751e-01 3.44026390e+00 4.73089447e+00 4.12654354e+00 4.49687064e+00 2.75398426e+00 4.96491830e+00 -3.93315492e-01 2.13353655e-01 7.86711364e-01 1.47979930e+00 1.00000000e+00 1.00000000e+00 -3.12339690e-01 2.57885036e+00 -3.93315492e-01 2.13353655e-01 7.86711364e-01 1.47979930e+00 0.00000000e+00 0.00000000e+00
3.12000006e-01 2.40934910e-01 5.00000000e-01 1.93184780e+00 1.95684165e-01 -4.40312915e+00 7.56362702e-01 -3.66594792e+00 9.79125389e-01 -5.14031039e+00 5.33600015e-01 -2.46672529e-01 6.60626917e-01 -6.72465794e-01 1.13297335e+00 1.00000000e+00 1.00000000e+00 -2.48792494e+00 2.94843249e+00 -2.46672529e-01 6.60626917e-01 -6.72465794e-01 1.13297335e+00 0.00000000e+00 0.00000000e+00
3.12000006e-01 2.59416955e-01 5.00000000e-01 1.97103557e+00 1.82676267e-02 -3.46507865e+00 2.67942390e-01 -3.90339084e+00 3.78423818e-01 -3.02676646e+00 1.57460962e-01 -2.79116492e-01 3.79117551e-01 -4.32985666e-01 6.92375394e-01 1.00000000e+00 1.00000000e+00 -2.14392757e+00 2.40331730e+00 -2.79116492e-01 3.79117551e-01 -4.32985666e-01 6.92375394e-01 0.00000000e+00 0.00000000e+00
3.12000006e-01 6.68481933e-01 5.00000000e-01 1.97031278e+00 -5.41354846e-02 -2.36840959e+00 -3.36987654e+00 -1.83575169e+00 -3.26015352e+00 -2.90106750e+00 -3.47959956e+00 -5.36790933e-01 -2.36210646e-01 -1.60417529e+00 -1.27214100e+00 1.00000000e+00 1.00000000e+00 -2.33571723e+00 -5.40599070e-01 -5.36790933e-01 -2.36210646e-01 -1.60417529e+00 -1.27214100e+00 0.00000000e+00 0.00000000e+00
3.12000006e-01 6.80023867e-01 5.00000000e-01 1.71441581e+00 5.44019801e-01 -1.81678165e+00 -1.42857596e+00 -1.13026110e+00 -2.02240952e+00 -2.50330220e+00 -8.34742394e-01 2.07488304e-01 4.51605425e-01 -4.33089479e-01 -2.20440854e-01 0.00000000e+00 1.00000000e+00 -1.15272834e+00 4.99198011e-01 2.07488304e-01 4.51605425e-01 -4.33089479e-01 -2.20440854e-01 0.00000000e+00 0.00000000e+00
3.12000006e-01 2.27617210e-01 5.00000000e-01 1.98196525e+00 -2.43794061e-02 -1.88529013e+00 -8.62110770e-01 -1.40831199e+00 -1.12075571e+00 -2.36226828e+00 -6.03465827e-01 -3.92319791e-01 2.86468845e-01 -6.33200121e-01 3.86159244e-01 1.00000000e+00 1.00000000e+00 -2.53165335e+00 2.28461248e+00 -3.92319791e-01 2.86468845e-01 -6.33200121e-01 3.86159244e-01 0.00000000e+00 0.00000000e+00
3.12000006e-01 5.84681575e-01 5.00000000e-01 1.98333423e+00 -2.50541035e-02 -1.24193398e+00 -3.09206585e+00 -3.88713553e-01 -2.92435582e+00 -2.09515441e+00 -3.25977587e+00 -2.08444232e-01 5.83814224e-03 -4.71229458e-01 -2.87430090e-01 1.00000000e+00 1.00000000e+00 -1.30227397e+00 5.43614425e-01 -2.08444232e-01 5.83814224e-03 -4.71229458e-01 -2.87430090e-01 1.00000000e+00 0.00000000e+00
3.12000006e-01 3.74826496e-01 5.00000000e-01 1.97631570e+00 1.41821801e-01 7.58068638e-01 -4.20508643e+00 1.67924561e+00 -5.20834461e+00 -1.63108332e-01 -3.20182825e+00 -2.78313160e-02 3.50882692e-01 -3.34981354e-02 4.83229207e-01 1.00000000e+00 1.00000000e+00 -1.28430186e+00 1.73403294e+00 -2.78313160e-02 3.50882692e-01 -3.34981354e-02 4.83229207e-01 0.00000000e+00 0.00000000e+00
3.12000006e-01 2.47386064e-01 5.00000000e-01 1.67916053e+00 -6.14285319e-01 4.51535640e+00 -4.22840526e+00 5.07911182e+00 -5.14014492e+00 3.95160097e+00 -3.31666560e+00 -7.99690083e-01 -2.59269528e-01 -5.02044499e-01 -1.20991982e-01 1.00000000e+00 1.00000000e+00 -2.27969517e+00 1.65665868e+00 -7.99690083e-01 -2.59269528e-01 -5.02044499e-01 -1.20991982e-01 0.00000000e+00 1.00000000e+00
3.12000006e-01 3.68374483e-01 5.00000000e-01 1.67916053e+00 -6.14285319e-01 4.13667014e+00 -3.18342423e+00 3.64049792e+00 -4.41726530e+00 4.63284236e+00 -1.94958317e+00 -5.75717645e-01 -3.35829283e-02 1.88571631e-01 8.02195378e-01 1.00000000e+00 1.00000000e+00 -1.08161684e+00 2.07238385e+00 -5.75717645e-01 -3.35829283e-02 1.88571631e-01 8.02195378e-01 0.00000000e+00 0.00000000e+00
3.12000006e-01 3.97137233e-01 5.00000000e-01 1.95872039e+00 2.28200632e-01 1.17261430e+00 -1.65433182e+00 2.24214675e+00 -9.03752800e-01 1.03081848e-01 -2.40491084e+00 -2.78872566e-01 1.61758972e-01 -1.16057643e+00 -6.89815266e-01 1.00000000e+00 1.00000000e+00 -2.34849706e+00 4.98105370e-01 -2.78872566e-01 1.61758972e-01 -1.16057643e+00 -6.89815266e-01 0.00000000e+00 0.00000000e+00
3.12000006e-01 3.31528191e-01 5.00000000e-01 1.94604366e+00 -2.59448483e-01 4.92887697e-01 2.05997352e+00 -6.82321727e-01 2.86300690e+00 1.66809712e+00 1.25694014e+00 -5.36865798e-01 -9.66983455e-02 -7.86513606e-01 -1.93460016e-01 1.00000000e+00 1.00000000e+00 -2.17933546e+00 1.19936184e+00 -5.36865798e-01 -9.66983455e-02 -7.86513606e-01 -1.93460016e-01 0.00000000e+00 0.00000000e+00
3.12000006e-01 4.33077603e-01 5.00000000e-01 1.94222811e+00 2.68593881e-01 -3.48859977e+00 -6.61347911e-01 -2.55752951e+00 -9.68744028e-01 -4.41967003e+00 -3.53951794e-01 -7.21829221e-02 2.65642341e-01 -6.31227894e-01 -2.95053769e-01 1.00000000e+00 1.00000000e+00 -1.72969032e+00 8.03408658e-01 -7.21829221e-02 2.65642341e-01 -6.31227894e-01 -2.95053769e-01 0.00000000e+00 0.00000000e+00
3.12000006e-01 3.05747240e-01 5.00000000e-01 1.91097405e+00 3.35500447e-01 -5.13949277e+00 -1.49027952e+00 -4.80913001e+00 -1.62494376e+00 -5.46985554e+00 -1.35561528e+00 -1.01351614e-01 3.39587849e-01 -6.67489790e-01 -3.91196849e-01 1.00000000e+00 1.00000000e+00 -2.16030168e+00 1.10161504e+00 -1.01351614e-01 3.39587849e-01 -6.67489790e-01 -3.91196849e-01 0.00000000e+00 0.00000000e+00
3.12000006e-01 3.61480993e-01 5.00000000e-01 1.55070356e+00 7.59688320e-01 -9.34906777e-01 4.51856584e+00 -7.04805897e-01 4.22872415e+00 -1.16500766e+00 4.80840752e+00 1.71994680e-02 5.89084445e-01 -9.91755632e-01 -5.66054928e-01 1.00000000e+00 1.00000000e+00 -2.28329735e+00 7.25486795e-01 1.71994680e-02 5.89084445e-01 -9.91755632e-01 -5.66054928e-01 0.00000000e+00 0.00000000e+00
3.12000006e-01 2.15161521e-01 5.00000000e-01 2.02210523e+00 2.75990232e-02 6.61173035e-01 1.47635875e-01 6.65316836e-01 1.01698742e-01 6.57029234e-01 1.93573008e-01 -2.50167296e-01 3.09592491e-01 -2.34371122e-01 3.05475184e-01 1.00000000e+00 1.00000000e+00 -2.21709780e+00 2.28820186e+00 -2.50167296e-01 3.09592491e-01 -2.34371122e-01 3.05475184e-01 1.00000000e+00 0.00000000e+00
3.12000006e-01 2.58456181e-01 5.00000000e-01 2.01480335e+00 9.22253052e-02 -1.91614335e+00 -6.05226150e+00 -2.20300637e+00 -5.17611129e+00 -1.62928033e+00 -6.92841171e+00 -3.99466419e-01 2.97832660e-01 -1.01249846e+00 1.99064211e-01 1.00000000e+00 1.00000000e+00 -2.72859482e+00 1.91516058e+00 -3.99466419e-01 2.97832660e-01 -1.01249846e+00 1.99064211e-01 0.00000000e+00 0.00000000e+00
3.12000006e-01 7.59618024e-01 5.00000000e-01 2.02399168e+00 6.19238374e-02 -5.56360371e+00 1.24685628e+00 -5.46273525e+00 1.23349002e+00 -5.66447217e+00 1.26022254e+00 -3.10414994e-01 -6.93182835e-02 -1.20496593e+00 -9.03110185e-01 1.00000000e+00 1.00000000e+00 -1.85185324e+00 -2.56222875e-01 -3.10414994e-01 -6.93182835e-02 -1.20496593e+00 -9.03110185e-01 0.00000000e+00 0.00000000e+00
3.12000006e-01 2.57219476e-01 5.00000000e-01 2.03005225e+00 5.46247454e-03 -3.52066537e+00 5.43074451e+00 -3.63610519e+00 6.01944463e+00 -3.40522555e+00 4.84204439e+00 -3.00452217e-01 4.60251860e-01 -4.93827678e-01 1.00188516e+00 1.00000000e+00 1.00000000e+00 -2.21660178e+00 2.72465926e+00 -3.00452217e-01 4.60251860e-01 -4.93827678e-01 1.00188516e+00 0.00000000e+00 0.00000000e+00
3.12000006e-01 6.74500866e-01 5.00000000e-01 2.03005225e+00 5.46247454e-03 -3.53331589e+00 5.31613289e+00 -4.54290663e+00 5.29594079e+00 -2.52372515e+00 5.33632499e+00 -1.58471629e-01 2.73973238e-02 -4.22560263e-01 -2.46298548e-01 1.00000000e+00 1.00000000e+00 -1.14784718e+00 4.78988371e-01 -1.58471629e-01 2.73973238e-02 -4.22560263e-01 -2.46298548e-01 0.00000000e+00 0.00000000e+00
3.12000006e-01 3.38336923e-01 5.00000000e-01 2.02209650e+00 -1.29812364e-01 1.83996108e+00 -4.29844846e-01 1.55908924e+00 -4.91763178e-01 2.12083292e+00 -3.67926514e-01 -2.43588938e-01 9.45341734e-02 -5.51480083e-03 2.30207697e-01 1.00000000e+00 1.00000000e+00 -1.37401537e+00 1.59870827e+00 -2.43588938e-01 9.45341734e-02 -5.51480083e-03 2.30207697e-01 0.00000000e+00 0.00000000e+00
3.12000006e-01 3.11064427e-01 5.00000000e-01 1.97273531e+00 -2.59134990e-01 -1.50503474e+00 -3.75153609e+00 -2.14789912e+00 -4.20166486e+00 -8.62170362e-01 -3.30140732e+00 -6.65030169e-01 -1.62294230e-01 -1.20248364e+00 -5.23936517e-01 1.00000000e+00 1.00000000e+00 -2.67358094e+00 9.47160784e-01 -6.65030169e-01 -1.62294230e-01 -1.20248364e+00 -5.23936517e-01 0.00000000e+00 1.00000000e+00
3.12000006e-01 5.95479905e-01 5.00000000e-01 1.93749109e+00 -3.24887595e-01 -2.06085051e+00 2.84121913e+00 -1.64755103e+00 3.90715981e+00 -2.47415000e+00 1.77527844e+00 -7.75071401e-02 2.37088302e-01 1.18972884e+00 1.39662614e+00 1.00000000e+00 0.00000000e+00 3.72962924e-01 2.21339205e+00 -7.75071401e-02 2.37088302e-01 1.18972884e+00 1.39662614e+00 0.00000000e+00 0.00000000e+00
3.12000006e-01 2.77424830e-01 5.00000000e-01 2.03612740e+00 -7.21233245e-02 3.27871008e+00 -2.94364780e+00 3.12595483e+00 -2.86215818e+00 3.43146533e+00 -3.02513742e+00 -5.16765370e-01 4.29576083e-01 -1.09143575e+00 1.12009639e+00 1.00000000e+00 1.00000000e+00 -2.71087128e+00 2.73953193e+00 -5.16765370e-01 4.29576083e-01 -1.09143575e+00 1.12009639e+00 0.00000000e+00 1.00000000e+00
3.12000006e-01 7.13124472e-01 5.00000000e-01 2.02686341e+00 -1.30489269e-01 -8.81957734e-01 -4.99742834e+00 -1.09125634e+00 -5.00866025e+00 -6.72659129e-01 -4.98619643e+00 -2.69826208e-01 -1.04670547e-01 -4.66096382e-01 -3.43946527e-01 1.00000000e+00 1.00000000e+00 -1.15361527e+00 3.43572364e-01 -2.69826208e-01 -1.04670547e-01 -4.66096382e-01 -3.43946527e-01 0.00000000e+00 0.00000000e+00
3.12000006e-01 3.03454691e-01 5.00000000e-01 2.03012274e+00 -1.33661903e-01 3.64031973e+00 6.05499342e-01 3.27860701e+00 8.36767378e-01 4.00203245e+00 3.74231305e-01 -1.52883621e-01 3.87494215e-01 5.20326623e-01 1.17138851e+00 1.00000000e+00 1.00000000e+00 -9.82035212e-01 2.67375035e+00 -1.52883621e-01 3.87494215e-01 5.20326623e-01 1.17138851e+00 0.00000000e+00 0.00000000e+00
3.12000006e-01 3.31121661e-01 5.00000000e-01 2.03156770e+00 -1.42744507e-01 2.49547424e+00 4.32511784e+00 3.43825784e+00 4.27871190e+00 1.55269063e+00 4.37152377e+00 -1.72581925e-01 2.54959977e-01 4.03611737e-01 8.37584084e-01 1.00000000e+00 1.00000000e+00 -9.90688190e-01 2.23188401e+00 -1.72581925e-01 2.54959977e-01 4.03611737e-01 8.37584084e-01 0.00000000e+00 0.00000000e+00
3.12000006e-01 5.34383822e-01 5.00000000e-01 2.04313001e+00 9.87906512e-02 -1.56491432e+00 2.48116536e+00 -5.90792959e-01 2.81848211e+00 -2.53903568e+00 2.14384862e+00 -2.35235300e-01 4.73777487e-02 -9.15394952e-01 -6.13537139e-01 1.00000000e+00 1.00000000e+00 -1.81990157e+00 2.90969481e-01 -2.35235300e-01 4.73777487e-02 -9.15394952e-01 -6.13537139e-01 0.00000000e+00 0.00000000e+00
3.12000006e-01 5.26330396e-01 5.00000000e-01 2.04003559e+00 -1.28873773e-01 3.60505835e+00 4.92213028e-01 3.83681907e+00 3.45833229e-01 3.37329763e+00 6.38592827e-01 -3.90260966e-01 -1.34256517e-01 -8.67451103e-01 -6.14945043e-01 0.00000000e+00 1.00000000e+00 -1.78490752e+00 3.02511373e-01 -3.90260966e-01 -1.34256517e-01 -8.67451103e-01 -6.14945043e-01 0.00000000e+00 0.00000000e+00
3.12000006e-01 2.65642880e-01 5.00000000e-01 2.04003559e+00 -1.28873773e-01 3.71177538e+00 -3.20162514e-01 3.79969469e+00 2.62958782e-01 3.62385607e+00 -9.03283811e-01 -3.31996230e-01 1.51153458e-01 -2.52235900e-01 3.00530591e-01 1.00000000e+00 1.00000000e+00 -1.93046670e+00 1.97876139e+00 -3.31996230e-01 1.51153458e-01 -2.52235900e-01 3.00530591e-01 0.00000000e+00 0.00000000e+00
3.12000006e-01 4.46703017e-01 5.00000000e-01 2.04003559e+00 -1.28873773e-01 4.26901837e+00 2.74202822e-01 5.92979823e+00 8.42451205e-01 2.60823850e+00 -2.94045561e-01 -2.16861721e-01 7.40739729e-02 -3.50755268e-02 2.98946447e-01 1.00000000e+00 1.00000000e+00 -1.10292325e+00 1.36679418e+00 -2.16861721e-01 7.40739729e-02 -3.50755268e-02 2.98946447e-01 0.00000000e+00 0.00000000e+00
3.12000006e-01 2.88815220e-01 5.00000000e-01 1.91210315e+00 -3.87017988e-01 5.66720678e-01 1.59072414e+00 1.14091165e-03 1.20198141e+00 1.13230044e+00 1.97946686e+00 -4.98619157e-01 -3.69683262e-02 -1.31141377e-01 2.98109148e-01 1.00000000e+00 1.00000000e+00 -1.69730549e+00 1.86427326e+00 -4.98619157e-01 -3.69683262e-02 -1.31141377e-01 2.98109148e-01 0.00000000e+00 0.00000000e+00
3.12000006e-01 3.28998319e-01 5.00000000e-01 2.02241103e+00 1.93268305e-01 1.37649110e+00 2.08760844e+00 9.15416765e-01 2.89323733e+00 1.83756543e+00 1.28197955e+00 -4.01025663e-01 9.51348461e-02 -1.36484179e+00 -9.93677401e-01 1.00000000e+00 1.00000000e+00 -2.76691035e+00 4.08391155e-01 -4.01025663e-01 9.51348461e-02 -1.36484179e+00 -9.93677401e-01 0.00000000e+00 0.00000000e+00
3.12000006e-01 2.81944734e-01 5.00000000e-01 2.05676471e+00 -6.05512025e-02 4.56942813e-01 -1.25438712e+00 2.07685095e-03 -6.09529055e-01 9.11808775e-01 -1.89924518e+00 -1.66989027e-01 3.68442349e-01 2.06269567e-01 9.29272885e-01 0.00000000e+00 1.00000000e+00 -1.39162509e+00 2.52716754e+00 -1.66989027e-01 3.68442349e-01 2.06269567e-01 9.29272885e-01 0.00000000e+00 0.00000000e+00
3.12000006e-01 2.41580568e-01 5.00000000e-01 2.01685737e+00 -2.13183177e-01 2.57728643e+00 -5.86991079e+00 2.39881488e+00 -5.67898097e+00 2.75575797e+00 -6.06084061e+00 -5.13563422e-01 1.78966074e-01 -6.42766848e-01 5.34101537e-01 1.00000000e+00 1.00000000e+00 -2.45437450e+00 2.34570919e+00 -5.13563422e-01 1.78966074e-01 -6.42766848e-01 5.34101537e-01 0.00000000e+00 0.00000000e+00
3.12000006e-01 1.04172577e+00 5.00000000e-01 2.05066357e+00 -1.41832119e-01 7.60778516e-02 -4.64245677e+00 3.59144612e-01 -4.52259127e+00 -2.06988909e-01 -4.76232227e+00 -1.34509946e-01 -2.14896272e-02 1.33256946e-01 2.17286504e-01 1.00000000e+00 1.00000000e+00 -3.42224070e-01 6.92767519e-01 -1.34509946e-01 -2.14896272e-02 1.33256946e-01 2.17286504e-01 0.00000000e+00 0.00000000e+00
3.12000006e-01 3.64495217e-01 5.00000000e-01 2.07408227e+00 1.58042026e-02 7.26196672e-01 1.04760610e+00 -9.47910077e-02 2.03173704e+00 1.54718435e+00 6.34751498e-02 -5.74046629e-01 3.21364732e-01 -1.61355473e+00 7.51007388e-01 1.00000000e+00 1.00000000e+00 -2.89567613e+00 2.03312878e+00 -5.74046629e-01 3.21364732e-01 -1.61355473e+00 7.51007388e-01 0.00000000e+00 0.00000000e+00
3.12000006e-01 3.37008376e-01 5.00000000e-01 2.05541437e+00 1.71447993e-01 1.23645790e+00 -6.44716323e+00 1.52563032e+00 -6.10978665e+00 9.47285472e-01 -6.78453982e+00 1.78514375e-01 5.86067843e-01 8.94150614e-01 1.22720221e+00 0.00000000e+00 1.00000000e+00 -4.79032173e-01 2.60038500e+00 1.78514375e-01 5.86067843e-01 8.94150614e-01 1.22720221e+00 0.00000000e+00 0.00000000e+00
3.12000006e-01 3.12173274e-01 5.00000000e-01 2.08031119e+00 1.06516384e-01 -1.89177781e+00 -2.81104067e+00 -1.50787364e+00 -2.72142171e+00 -2.27568199e+00 -2.90065963e+00 -3.32214066e-01 1.33740675e-01 -9.89656634e-01 -4.86538189e-01 0.00000000e+00 0.00000000e+00 -2.45630051e+00 9.80105688e-01 -3.32214066e-01 1.33740675e-01 -9.89656634e-01 -4.86538189e-01 0.00000000e+00 0.00000000e+00
3.12000006e-01 5.33712481e-01 5.00000000e-01 2.08031119e+00 1.06516384e-01 -1.45200330e+00 -2.86330354e+00 -1.50787364e+00 -2.72142171e+00 -1.39613296e+00 -3.00518537e+00 -2.23265100e-02 2.36765176e-01 -8.40840910e-02 3.03711844e-01 1.00000000e+00 1.00000000e+00 -9.89656634e-01 1.20928439e+00 -2.23265100e-02 2.36765176e-01 -8.40840910e-02 3.03711844e-01 0.00000000e+00 0.00000000e+00
3.12000006e-01 3.17478956e-01 5.00000000e-01 2.02836484e+00 -2.51926384e-01 9.94242503e-01 -8.67090573e-01 1.17807553e+00 -8.30595603e-01 8.10409481e-01 -9.03585543e-01 -4.88356419e-01 2.12247711e-01 -6.24146530e-01 9.11084440e-01 1.00000000e+00 1.00000000e+00 -2.06982911e+00 2.35676702e+00 -4.88356419e-01 2.12247711e-01 -6.24146530e-01 9.11084440e-01 0.00000000e+00 0.00000000e+00
3.12000006e-01 2.39947883e-01 5.00000000e-01 2.07501754e+00 1.41420484e-01 5.25052511e+00 -2.10072198e+00 5.24651629e+00 -2.05490584e+00 5.25453393e+00 -2.14653812e+00 -2.66584070e-01 3.24213848e-01 -6.77122303e-01 1.16905530e-01 1.00000000e+00 1.00000000e+00 -2.49849892e+00 1.93828214e+00 -2.66584070e-01 3.24213848e-01 -6.77122303e-01 1.16905530e-01 0.00000000e+00 0.00000000e+00
3.12000006e-01 2.50789302e-01 5.00000000e-01 2.07501754e+00 1.41420484e-01 5.00171472e+00 -1.50316818e-01 4.68855827e+00 2.50561798e-01 5.31487117e+00 -5.51195435e-01 -9.82002780e-02 4.96974556e-01 -1.03237812e-01 8.16384405e-01 1.00000000e+00 1.00000000e+00 -1.86153057e+00 2.57467716e+00 -9.82002780e-02 4.96974556e-01 -1.03237812e-01 8.16384405e-01 0.00000000e+00 0.00000000e+00
3.12000006e-01 2.51628457e-01 5.00000000e-01 2.02539628e+00 -2.64482625e-01 1.60487501e+00 4.47001517e+00 1.33532398e+00 5.08272879e+00 1.87442603e+00 3.85730156e+00 -6.05806821e-01 -6.06258344e-02 -8.72587494e-01 -1.80328717e-01 1.00000000e+00 1.00000000e+00 -2.62616752e+00 1.57325131e+00 -6.05806821e-01 -6.06258344e-02 -8.72587494e-01 -1.80328717e-01 1.00000000e+00 0.00000000e+00
3.12000006e-01 8.81902061e-01 5.00000000e-01 2.02539628e+00 -2.64482625e-01 2.82695085e-01 4.54728915e+00 1.53522533e-01 4.83638571e+00 4.11867637e-01 4.25819260e+00 -3.24207184e-01 -1.59038757e-01 -2.84166250e-01 -2.30164323e-02 1.00000000e+00 1.00000000e+00 -8.43791342e-01 5.36608659e-01 -3.24207184e-01 -1.59038757e-01 -2.84166250e-01 -2.30164323e-02 0.00000000e+00 0.00000000e+00
3.12000006e-01 2.36275904e-01 5.00000000e-01 2.02539628e+00 -2.64482625e-01 6.24902032e-01 5.23432488e+00 9.68242724e-01 6.18203810e+00 2.81561340e-01 4.28661166e+00 -4.25048312e-01 1.22227590e-01 -1.17112257e-01 4.52435604e-01 1.00000000e+00 1.00000000e+00 -1.96082302e+00 2.29614637e+00 -4.25048312e-01 1.22227590e-01 -1.17112257e-01 4.52435604e-01 0.00000000e+00 0.00000000e+00
3.12000006e-01 3.11483223e-01 5.00000000e-01 2.10149447e+00 5.08979469e-02 -1.51729169e+00 -4.80578678e+00 -8.67248701e-01 -4.82908005e+00 -2.16733468e+00 -4.78249352e+00 2.18970327e-02 4.42104266e-01 6.34995530e-01 1.00135227e+00 1.00000000e+00 1.00000000e+00 -8.34416776e-01 2.47076457e+00 2.18970327e-02 4.42104266e-01 6.34995530e-01 1.00135227e+00 0.00000000e+00 0.00000000e+00
3.12000006e-01 3.26004971e-01 5.00000000e-01 1.89853908e+00 4.66913318e-01 2.75514169e+00 4.54339760e+00 2.11275442e+00 5.32614028e+00 3.39752896e+00 3.76065492e+00 1.39875574e-01 6.11305531e-01 -2.09879354e-01 4.30359667e-01 1.00000000e+00 1.00000000e+00 -1.62303979e+00 1.84352011e+00 1.39875574e-01 6.11305531e-01 -2.09879354e-01 4.30359667e-01 0.00000000e+00 0.00000000e+00
3.12000006e-01 5.21092123e-01 5.00000000e-01 1.72973545e+00 6.51017523e-01 -6.71598982e-01 3.90012452e+00 -1.12500946e+00 3.21111238e+00 -2.18188503e-01 4.58913666e+00 -2.27846044e-01 2.81012780e-01 -1.71592244e+00 -1.26621063e+00 1.00000000e+00 1.00000000e+00 -2.64199685e+00 -3.40136222e-01 -2.27846044e-01 2.81012780e-01 -1.71592244e+00 -1.26621063e+00 0.00000000e+00 0.00000000e+00
3.12000006e-01 3.20255859e-01 5.00000000e-01 1.72973545e+00 6.51017523e-01 -1.61016952e+00 3.65956613e+00 -1.48498544e+00 3.45244158e+00 -1.73535361e+00 3.86669067e+00 4.98100624e-01 9.92025349e-01 7.06735988e-01 1.29226034e+00 1.00000000e+00 1.00000000e+00 -7.28200010e-01 2.72719634e+00 4.98100624e-01 9.92025349e-01 7.06735988e-01 1.29226034e+00 0.00000000e+00 1.00000000e+00
3.12000006e-01 3.31612645e-01 5.00000000e-01 2.06164864e+00 2.18380770e-01 2.77973145e+00 -1.04162010e+00 2.17130560e+00 -1.67933616e+00 3.38815731e+00 -4.03904037e-01 -1.63216153e-01 2.43775665e-01 -7.22233592e-01 -3.47950435e-01 0.00000000e+00 1.00000000e+00 -2.11474876e+00 1.04456473e+00 -1.63216153e-01 2.43775665e-01 -7.22233592e-01 -3.47950435e-01 0.00000000e+00 0.00000000e+00
3.12000006e-01 3.02783449e-01 5.00000000e-01 2.08035726e+00 -1.72907285e-01 -4.78967866e+00 1.05744576e+00 -4.71975294e+00 1.74038687e+00 -4.85960439e+00 3.74504652e-01 -2.36651004e-01 2.63880214e-01 2.53560675e-01 8.97908595e-01 1.00000000e+00 0.00000000e+00 -1.25161915e+00 2.40308842e+00 -2.36651004e-01 2.63880214e-01 2.53560675e-01 8.97908595e-01 0.00000000e+00 0.00000000e+00
3.12000006e-01 4.40680804e-01 5.00000000e-01 2.07067432e+00 2.05427430e-01 -1.89912530e+00 -3.57266888e-01 -1.61641239e+00 -2.29746212e-01 -2.18183822e+00 -4.84787564e-01 -1.57714640e-02 2.84185835e-01 -3.01454107e-01 6.45628951e-02 1.00000000e+00 1.00000000e+00 -1.38262802e+00 1.14573681e+00 -1.57714640e-02 2.84185835e-01 -3.01454107e-01 6.45628951e-02 0.00000000e+00 0.00000000e+00
3.12000006e-01 3.23167381e-01 5.00000000e-01 2.04797141e+00 2.61855062e-01 2.80269065e+00 -2.08434053e+00 2.35501787e+00 -2.15358571e+00 3.25036344e+00 -2.01509536e+00 4.76570626e-02 5.06684624e-01 -3.74052282e-02 6.85205053e-01 1.00000000e+00 1.00000000e+00 -1.46123473e+00 2.10903455e+00 4.76570626e-02 5.06684624e-01 -3.74052282e-02 6.85205053e-01 0.00000000e+00 0.00000000e+00
3.12000006e-01 3.62816580e-01 5.00000000e-01 2.12048140e+00 3.65139831e-02 -4.33880656e+00 4.73640253e+00 -4.36365586e+00 4.69843446e+00 -4.31395726e+00 4.77437060e+00 -1.75108507e-01 2.38348234e-01 -3.43416048e-01 3.74870930e-01 1.00000000e+00 0.00000000e+00 -1.63076747e+00 1.66222235e+00 -1.75108507e-01 2.38348234e-01 -3.43416048e-01 3.74870930e-01 0.00000000e+00 0.00000000e+00
3.12000006e-01 4.85505550e-01 5.00000000e-01 2.12048140e+00 3.65139831e-02 -4.67478861e+00 4.83903923e+00 -5.03561996e+00 4.90370785e+00 -4.31395726e+00 4.77437060e+00 -3.31865655e-01 6.65621836e-03 -1.08519087e+00 -6.14175228e-01 1.00000000e+00 1.00000000e+00 -2.07423703e+00 3.74870930e-01 -3.31865655e-01 6.65621836e-03 -1.08519087e+00 -6.14175228e-01 0.00000000e+00 0.00000000e+00
3.12000006e-01 4.36678192e-01 5.00000000e-01 2.06979006e+00 2.24025517e-01 -1.26461699e-02 5.07592583e+00 -4.31590590e-01 5.98532287e+00 4.06298250e-01 4.16652879e+00 4.50177043e-02 4.03207160e-01 -9.90047342e-02 5.47815830e-01 1.00000000e+00 1.00000000e+00 -1.18921419e+00 1.63802529e+00 4.50177043e-02 4.03207160e-01 -9.90047342e-02 5.47815830e-01 0.00000000e+00 0.00000000e+00
3.12000006e-01 6.23921469e-01 5.00000000e-01 2.02254750e+00 3.14110428e-01 -1.81997710e+00 -5.53720479e+00 -1.63716239e+00 -5.90279351e+00 -2.00279181e+00 -5.17161606e+00 9.86939827e-02 3.10788894e-01 -3.03154945e-01 -9.33238868e-02 1.00000000e+00 1.00000000e+00 -1.08450943e+00 6.88030596e-01 9.86939827e-02 3.10788894e-01 -3.03154945e-01 -9.33238868e-02 1.00000000e+00 0.00000000e+00
3.12000006e-01 4.08219825e-01 5.00000000e-01 2.10399342e+00 -1.39218341e-01 -2.27818731e+00 2.61558448e+00 -2.17744025e+00 2.41357334e+00 -2.37893437e+00 2.81759562e+00 -1.19267685e-01 2.73576280e-01 5.44033257e-01 1.03814103e+00 1.00000000e+00 1.00000000e+00 -6.14849934e-01 2.19702423e+00 -1.19267685e-01 2.73576280e-01 5.44033257e-01 1.03814103e+00 0.00000000e+00 0.00000000e+00
3.12000006e-01 2.65793115e-01 5.00000000e-01 2.12414356e+00 4.33347363e-02 -3.38018875e+00 -7.13888637e-01 -3.38388049e+00 -5.39720601e-01 -3.37649701e+00 -8.88056673e-01 -1.43242376e-01 3.23335551e-01 -3.50259165e-02 5.03859505e-01 0.00000000e+00 1.00000000e+00 -1.71248186e+00 2.18131545e+00 -1.43242376e-01 3.23335551e-01 -3.50259165e-02 5.03859505e-01 0.00000000e+00 0.00000000e+00
3.12000006e-01 2.49539178e-01 5.00000000e-01 2.12757565e+00 4.58247026e-02 2.57142419e+00 -5.81884305e+00 2.83746019e+00 -6.47914256e+00 2.30538819e+00 -5.15854354e+00 -3.62928802e-01 9.34057711e-02 -8.24920387e-01 -5.88091818e-01 1.00000000e+00 0.00000000e+00 -2.59027797e+00 1.17726577e+00 -3.62928802e-01 9.34057711e-02 -8.24920387e-01 -5.88091818e-01 0.00000000e+00 0.00000000e+00
3.12000006e-01 2.04029164e-01 5.00000000e-01 2.12844080e+00 8.81462495e-02 -4.98124668e+00 -4.61770012e+00 -5.17932656e+00 -4.50195355e+00 -4.78316679e+00 -4.73344668e+00 -3.19698459e-01 2.87738807e-01 -6.30595554e-01 3.09258755e-02 1.00000000e+00 1.00000000e+00 -2.69475371e+00 2.09508403e+00 -3.19698459e-01 2.87738807e-01 -6.30595554e-01 3.09258755e-02 0.00000000e+00 0.00000000e+00
3.12000006e-01 2.66987977e-01 5.00000000e-01 2.11180573e+00 1.57077744e-01 2.89011815e+00 7.28594401e+00 3.21145577e+00 6.98872962e+00 2.56878052e+00 7.58315840e+00 -2.28095362e-01 3.05305802e-01 -6.76582156e-01 6.26319928e-02 1.00000000e+00 1.00000000e+00 -2.34789923e+00 1.73394907e+00 -2.28095362e-01 3.05305802e-01 -6.76582156e-01 6.26319928e-02 0.00000000e+00 0.00000000e+00
3.12000006e-01 2.72790646e-01 5.00000000e-01 2.12958559e+00 -9.64455609e-02 2.52015469e+00 4.76969916e+00 2.33930399e+00 5.84318511e+00 2.70100540e+00 3.69621321e+00 -4.11523365e-01 2.79499112e-01 -7.07522468e-01 7.28029044e-01 1.00000000e+00 1.00000000e+00 -2.34961639e+00 2.37012296e+00 -4.11523365e-01 2.79499112e-01 -7.07522468e-01 7.28029044e-01 0.00000000e+00 0.00000000e+00
3.12000006e-01 2.87730391e-01 5.00000000e-01 2.11736725e+00 -1.48807709e-01 -4.55997540e+00 -4.95208290e-01 -4.00733140e+00 1.09466258e-02 -5.11261941e+00 -1.00136321e+00 -3.71714740e-01 3.34539181e-01 -4.33036006e-01 1.04822666e+00 1.00000000e+00 1.00000000e+00 -2.00413124e+00 2.61932190e+00 -3.71714740e-01 3.34539181e-01 -4.33036006e-01 1.04822666e+00 0.00000000e+00 0.00000000e+00
3.12000006e-01 3.40612865e-01 5.00000000e-01 2.11449222e+00 -1.63688410e-01 3.72655082e+00 -8.14470317e-01 3.68294664e+00 5.23854654e-02 3.77015500e+00 -1.68132610e+00 -1.67227978e-01 2.51010496e-01 4.98078479e-01 9.23338648e-01 1.00000000e+00 1.00000000e+00 -8.62470937e-01 2.28388806e+00 -1.67227978e-01 2.51010496e-01 4.98078479e-01 9.23338648e-01 0.00000000e+00 0.00000000e+00
3.12000006e-01 2.14693911e-01 5.00000000e-01 2.13430366e+00 -9.94426847e-02 -7.20396219e+00 8.95802726e-01 -6.78524665e+00 1.29755846e+00 -7.62267773e+00 4.94046990e-01 -5.47444541e-01 3.08337662e-01 -9.87714782e-01 6.60555878e-01 1.00000000e+00 1.00000000e+00 -2.97374104e+00 2.64658214e+00 -5.47444541e-01 3.08337662e-01 -9.87714782e-01 6.60555878e-01 0.00000000e+00 0.00000000e+00
3.12000006e-01 8.55951860e-01 5.00000000e-01 2.13430366e+00 -9.94426847e-02 -5.25406995e+00 6.27593170e-01 -5.69511117e+00 1.93566464e-01 -4.81302874e+00 1.06161988e+00 -5.15015345e-02 1.35829472e-01 4.39886790e-01 7.38697987e-01 1.00000000e+00 1.00000000e+00 -1.36256514e-01 1.31484129e+00 -5.15015345e-02 1.35829472e-01 4.39886790e-01 7.38697987e-01 0.00000000e+00 0.00000000e+00
3.12000006e-01 3.66463790e-01 5.00000000e-01 2.14710615e+00 -4.74133342e-03 -2.47165214e+00 4.56787564e+00 -3.04093655e+00 3.76106866e+00 -1.90236772e+00 5.37468261e+00 -3.26896471e-01 5.84346440e-01 -8.31185040e-01 1.65789808e+00 0.00000000e+00 1.00000000e+00 -2.10722439e+00 2.93393743e+00 -3.26896471e-01 5.84346440e-01 -8.31185040e-01 1.65789808e+00 0.00000000e+00 0.00000000e+00
3.12000006e-01 3.04071888e-01 5.00000000e-01 1.93033544e+00 4.70544443e-01 4.30730341e+00 -4.02516705e+00 4.46973282e+00 -4.00616498e+00 4.14487400e+00 -4.04416911e+00 -1.54318019e-01 3.99775359e-01 -1.07824258e+00 -6.20260799e-01 1.00000000e+00 1.00000000e+00 -2.57802208e+00 8.79518702e-01 -1.54318019e-01 3.99775359e-01 -1.07824258e+00 -6.20260799e-01 0.00000000e+00 1.00000000e+00
3.12000006e-01 2.39409051e-01 5.00000000e-01 2.08233026e+00 2.53931875e-01 1.84027341e+00 -4.04080540e+00 1.31483640e+00 -5.05357148e+00 2.36571043e+00 -3.02803932e+00 -2.18293425e-01 4.71957675e-01 -7.67615579e-01 3.79779452e-01 1.00000000e+00 0.00000000e+00 -2.59223784e+00 2.20440172e+00 -2.18293425e-01 4.71957675e-01 -7.67615579e-01 3.79779452e-01 0.00000000e+00 0.00000000e+00
3.12000006e-01 4.00466179e-01 5.00000000e-01 2.08233026e+00 2.53931875e-01 7.98953079e-01 -3.77124173e+00 -7.67804273e-01 -4.51444413e+00 2.36571043e+00 -3.02803932e+00 -2.52963606e-01 1.62577994e-01 -1.19418083e+00 -7.99273784e-01 1.00000000e+00 1.00000000e+00 -2.37323406e+00 3.79779452e-01 -2.52963606e-01 1.62577994e-01 -1.19418083e+00 -7.99273784e-01 0.00000000e+00 0.00000000e+00
3.12000006e-01 2.45300696e-01 5.00000000e-01 2.12235712e+00 1.63302783e-01 5.74833236e+00 -2.76992575e+00 5.99295625e+00 -2.39597382e+00 5.50370847e+00 -3.14387769e+00 -1.35825393e-01 3.39389336e-01 -3.12533324e-01 1.38725523e-01 1.00000000e+00 1.00000000e+00 -2.10224370e+00 1.92843590e+00 -1.35825393e-01 3.39389336e-01 -3.12533324e-01 1.38725523e-01 0.00000000e+00 0.00000000e+00
3.12000006e-01 3.44756567e-01 5.00000000e-01 2.12214562e+00 -1.67193779e-01 3.94067684e+00 8.38422207e-01 3.83681907e+00 3.45833229e-01 4.04453462e+00 1.33101119e+00 -1.72363398e-01 2.50328297e-01 4.78844894e-01 9.39228152e-01 1.00000000e+00 0.00000000e+00 -8.67451103e-01 2.28552415e+00 -1.72363398e-01 2.50328297e-01 4.78844894e-01 9.39228152e-01 0.00000000e+00 0.00000000e+00
3.12000006e-01 6.34782630e-01 5.00000000e-01 2.15417678e+00 -1.69188568e-02 3.15423486e+00 -2.65313323e+00 4.05104582e+00 -3.24240309e+00 2.25742391e+00 -2.06386338e+00 -2.33494818e-01 2.08692340e-02 -6.87783135e-01 -2.01304574e-01 1.00000000e+00 1.00000000e+00 -1.45639465e+00 5.67306939e-01 -2.33494818e-01 2.08692340e-02 -6.87783135e-01 -2.01304574e-01 0.00000000e+00 0.00000000e+00
3.12000006e-01 6.23768169e-01 5.00000000e-01 2.00381940e+00 -3.85460541e-01 2.26138779e+00 -1.64848506e+00 7.74544367e-01 -2.16080205e+00 3.74823120e+00 -1.13616807e+00 -3.95322055e-01 -1.89784410e-01 -4.40651510e-02 1.43669970e-01 1.00000000e+00 1.00000000e+00 -8.25602452e-01 9.25207270e-01 -3.95322055e-01 -1.89784410e-01 -4.40651510e-02 1.43669970e-01 0.00000000e+00 0.00000000e+00
3.12000006e-01 2.59824520e-01 5.00000000e-01 2.14823113e+00 -9.15712458e-02 3.76760161e+00 3.58372881e+00 3.52204909e+00 3.24042928e+00 4.01315413e+00 3.92702834e+00 -4.46754009e-01 1.22498352e-01 -8.19055025e-01 9.67585725e-02 1.00000000e+00 1.00000000e+00 -2.52781913e+00 1.80552268e+00 -4.46754009e-01 1.22498352e-01 -8.19055025e-01 9.67585725e-02 0.00000000e+00 0.00000000e+00
3.12000006e-01 2.54958287e-01 5.00000000e-01 2.14823113e+00 -9.15712458e-02 5.04654777e+00 5.08840947e+00 5.18061543e+00 5.52314540e+00 4.91248012e+00 4.65367354e+00 -2.97199114e-01 1.87789741e-01 -2.30843987e-01 3.46370497e-01 0.00000000e+00 1.00000000e+00 -1.96595418e+00 2.08148069e+00 -2.97199114e-01 1.87789741e-01 -2.30843987e-01 3.46370497e-01 0.00000000e+00 1.00000000e+00
3.12000006e-01 2.53641542e-01 5.00000000e-01 2.03475388e+00 3.49514445e-01 3.81461294e+00 2.06750803e+00 4.03700489e+00 1.99862110e+00 3.59222100e+00 2.13639496e+00 -1.95326346e-02 7.49620412e-01 -3.63004717e-01 1.16498506e+00 1.00000000e+00 1.00000000e+00 -2.10537492e+00 2.90735527e+00 -1.95326346e-02 7.49620412e-01 -3.63004717e-01 1.16498506e+00 0.00000000e+00 0.00000000e+00
3.12000006e-01 4.16008036e-01 5.00000000e-01 2.16446615e+00 -3.79187652e-03 -6.05399284e+00 2.35818620e-01 -5.72856714e+00 8.21418037e-01 -6.37941854e+00 -3.49780797e-01 -2.27546893e-01 6.68341266e-02 -5.22725807e-01 -2.01400040e-01 1.00000000e+00 1.00000000e+00 -1.66200438e+00 9.37878532e-01 -2.27546893e-01 6.68341266e-02 -5.22725807e-01 -2.01400040e-01 0.00000000e+00 1.00000000e+00
3.12000006e-01 3.22310254e-01 5.00000000e-01 2.16796959e+00 1.51067141e-02 3.95470304e+00 -4.44730079e+00 3.88672063e+00 -4.77166383e+00 4.02268544e+00 -4.12293775e+00 -5.93634526e-02 3.28830280e-01 3.36358532e-01 7.43180434e-01 1.00000000e+00 1.00000000e+00 -1.09072370e+00 2.17026267e+00 -5.93634526e-02 3.28830280e-01 3.36358532e-01 7.43180434e-01 0.00000000e+00 0.00000000e+00
3.12000006e-01 3.24154278e-01 5.00000000e-01 2.16150689e+00 9.32953771e-02 -4.07676558e+00 -1.12598362e+00 -4.21014294e+00 -9.66632001e-01 -3.94338821e+00 -1.28533524e+00 1.48657333e-02 4.92872518e-01 3.91716183e-01 1.12042413e+00 1.00000000e+00 1.00000000e+00 -1.02838544e+00 2.54052575e+00 1.48657333e-02 4.92872518e-01 3.91716183e-01 1.12042413e+00 0.00000000e+00 0.00000000e+00
3.12000006e-01 1.27576814e+00 5.00000000e-01 2.15562944e+00 1.30484337e-01 2.16108969e+00 1.47433246e+00 2.65147775e+00 1.82126821e+00 1.67070163e+00 1.12739671e+00 1.27669504e-01 2.28927564e-01 3.10261711e-01 4.47438257e-01 1.00000000e+00 1.00000000e+00 -7.91930902e-02 8.36893058e-01 1.27669504e-01 2.28927564e-01 3.10261711e-01 4.47438257e-01 0.00000000e+00 0.00000000e+00
3.12000006e-01 4.23657271e-01 5.00000000e-01 2.15562944e+00 1.30484337e-01 2.48463128e+00 1.43532621e+00 3.12616720e+00 1.94595273e+00 1.84309536e+00 9.24699693e-01 -1.01047272e-01 1.98604165e-01 -4.27140174e-01 -7.18782779e-02 1.00000000e+00 1.00000000e+00 -1.54777394e+00 1.04875549e+00 -1.01047272e-01 1.98604165e-01 -4.27140174e-01 -7.18782779e-02 0.00000000e+00 0.00000000e+00
3.12000006e-01 6.60711316e-01 5.00000000e-01 2.16247076e+00 1.22300600e-01 1.10231154e+00 4.02625236e+00 2.81162953e-01 4.22828633e+00 1.92346012e+00 3.82421839e+00 2.57859039e-03 2.05552684e-01 -1.25700064e-01 1.88758572e-01 1.00000000e+00 1.00000000e+00 -8.65475482e-01 9.28533990e-01 2.57859039e-03 2.05552684e-01 -1.25700064e-01 1.88758572e-01 0.00000000e+00 0.00000000e+00
3.12000006e-01 2.64021142e-01 5.00000000e-01 2.17858275e+00 -5.61742834e-02 -1.18403866e-01 3.99139981e+00 3.46421174e-02 4.29793893e+00 -2.71449849e-01 3.68486068e+00 -5.59678702e-01 1.03452317e-01 -1.28173509e+00 -8.84482606e-02 0.00000000e+00 0.00000000e+00 -2.96837310e+00 1.59818975e+00 -5.59678702e-01 1.03452317e-01 -1.28173509e+00 -8.84482606e-02 0.00000000e+00 0.00000000e+00
3.12000006e-01 5.38821035e-01 5.00000000e-01 2.17858275e+00 -5.61742834e-02 -1.82045578e+00 4.55780922e+00 -2.33843484e+00 3.61773581e+00 -1.30247672e+00 5.49788263e+00 -3.54094367e-02 1.85474323e-01 5.03711066e-01 6.62063827e-01 1.00000000e+00 1.00000000e+00 -3.93811211e-01 1.55958610e+00 -3.54094367e-02 1.85474323e-01 5.03711066e-01 6.62063827e-01 0.00000000e+00 0.00000000e+00
3.12000006e-01 9.99154945e-01 5.00000000e-01 2.17858275e+00 -5.61742834e-02 -1.18403866e-01 3.99139981e+00 3.46421174e-02 4.29793893e+00 -2.71449849e-01 3.68486068e+00 -2.52963059e-01 -1.08777337e-01 -7.86391920e-01 -5.83791432e-01 1.00000000e+00 1.00000000e+00 -1.28173509e+00 -8.84482606e-02 -2.52963059e-01 -1.08777337e-01 -7.86391920e-01 -5.83791432e-01 0.00000000e+00 0.00000000e+00
3.12000006e-01 5.18878886e+00 5.00000000e-01 2.16623245e+00 1.55614524e-01 -1.45476250e+00 3.35005470e+00 -2.37800977e+00 2.67871187e+00 -5.31515230e-01 4.02139752e+00 1.98420007e-01 2.25247118e-01 4.31044205e-01 4.74600950e-01 1.00000000e+00 1.00000000e+00 3.34719847e-01 5.70925307e-01 1.98420007e-01 2.25247118e-01 4.31044205e-01 4.74600950e-01 0.00000000e+00 0.00000000e+00
3.12000006e-01 2.38476409e-01 5.00000000e-01 2.15572690e+00 -1.91898253e-01 1.49036442e+00 -6.14422840e-01 1.52514724e+00 -8.08554829e-01 1.45558160e+00 -4.20290852e-01 -6.19533398e-01 -7.39244812e-02 -1.10260366e+00 -4.99080255e-01 1.00000000e+00 1.00000000e+00 -2.93286929e+00 1.33118538e+00 -6.19533398e-01 -7.39244812e-02 -1.10260366e+00 -4.99080255e-01 0.00000000e+00 1.00000000e+00
3.12000006e-01 2.64650315e-01 5.00000000e-01 2.19390862e+00 -4.74852275e-02 -9.27659908e-01 -7.21263761e+00 -4.94022498e-01 -6.40813344e+00 -1.36129732e+00 -8.01714177e+00 -2.36252063e-01 3.15261499e-01 -1.52953906e-01 7.36682065e-01 1.00000000e+00 1.00000000e+00 -1.83632089e+00 2.42004905e+00 -2.36252063e-01 3.15261499e-01 -1.52953906e-01 7.36682065e-01 0.00000000e+00 0.00000000e+00
3.12000006e-01 2.18897797e-01 5.00000000e-01 2.11093217e+00 -2.89209915e-01 6.37126632e-01 2.79450765e+00 5.07724848e-01 3.80283560e+00 7.66528416e-01 1.78617969e+00 -5.03817979e-01 5.56251688e-02 -3.43966529e-01 2.63604697e-01 1.00000000e+00 1.00000000e+00 -2.30069180e+00 2.22032996e+00 -5.03817979e-01 5.56251688e-02 -3.43966529e-01 2.63604697e-01 0.00000000e+00 0.00000000e+00
3.12000006e-01 2.56833059e-01 5.00000000e-01 2.20029142e+00 -5.44878146e-02 -4.55541858e+00 -5.05563295e+00 -4.62810498e+00 -4.79590680e+00 -4.48273219e+00 -5.31535909e+00 -2.68472857e-01 2.00596997e-01 -2.50784792e-01 3.11673275e-01 1.00000000e+00 1.00000000e+00 -1.97565538e+00 2.03654386e+00 -2.68472857e-01 2.00596997e-01 -2.50784792e-01 3.11673275e-01 0.00000000e+00 0.00000000e+00
3.12000006e-01 3.65646430e-01 5.00000000e-01 2.21198824e+00 1.06702036e-02 -9.20852227e-01 -1.17154399e+00 -1.67595130e+00 -1.18235448e+00 -1.65753150e-01 -1.16073350e+00 -3.91198757e-01 3.82338958e-03 -1.11496619e+00 -6.65741340e-01 0.00000000e+00 1.00000000e+00 -2.39352415e+00 6.12816618e-01 -3.91198757e-01 3.82338958e-03 -1.11496619e+00 -6.65741340e-01 1.00000000e+00 0.00000000e+00
3.12000006e-01 2.97950699e-01 5.00000000e-01 2.05865214e+00 -3.85361051e-01 1.84586728e+00 -4.51575432e+00 5.12271651e-01 -3.80052460e+00 3.17946290e+00 -5.23098404e+00 -3.10793925e-01 2.11590211e-01 7.54747435e-01 1.13475529e+00 1.00000000e+00 1.00000000e+00 -7.71018794e-01 2.66052152e+00 -3.10793925e-01 2.11590211e-01 7.54747435e-01 1.13475529e+00 0.00000000e+00 0.00000000e+00
3.12000006e-01 3.12786965e-01 5.00000000e-01 2.18910316e+00 -1.56594482e-01 -1.36774234e+00 -3.35273625e+00 -1.54651343e+00 -3.62374709e+00 -1.18897124e+00 -3.08172542e+00 -3.03328784e-01 7.91259086e-02 -1.78043312e-01 2.57527706e-01 1.00000000e+00 1.00000000e+00 -1.64223337e+00 1.72171776e+00 -3.03328784e-01 7.91259086e-02 -1.78043312e-01 2.57527706e-01 0.00000000e+00 0.00000000e+00
3.12000006e-01 2.44731212e-01 5.00000000e-01 2.20094351e+00 1.31680017e-01 -3.56438419e+00 -3.82930435e+00 -3.50136790e+00 -4.13290105e+00 -3.62740047e+00 -3.52570764e+00 -2.94573037e-01 2.18871769e-01 -8.11622969e-01 -3.02229226e-01 1.00000000e+00 1.00000000e+00 -2.60465330e+00 1.49080110e+00 -2.94573037e-01 2.18871769e-01 -8.11622969e-01 -3.02229226e-01 0.00000000e+00 0.00000000e+00
3.12000006e-01 9.13407050e-01 5.00000000e-01 2.15445910e+00 2.54327148e-01 3.68085627e+00 1.64756987e+00 3.21667085e+00 6.18710385e-01 4.14504168e+00 2.67642936e+00 2.45608575e-02 1.77744207e-01 -5.85555013e-01 -4.17232233e-01 1.00000000e+00 1.00000000e+00 -1.12634222e+00 1.23554974e-01 2.45608575e-02 1.77744207e-01 -5.85555013e-01 -4.17232233e-01 0.00000000e+00 0.00000000e+00
3.12000006e-01 2.21527734e+00 5.00000000e-01 2.22616759e+00 5.17655838e-02 2.09908629e+00 -4.14382064e+00 2.16476746e+00 -4.31740618e+00 2.03340512e+00 -3.97023511e+00 4.33990933e-02 1.01423370e-01 1.18771355e-01 2.08227962e-01 1.00000000e+00 1.00000000e+00 -1.06457657e-01 4.33456974e-01 4.33990933e-02 1.01423370e-01 1.18771355e-01 2.08227962e-01 0.00000000e+00 0.00000000e+00
3.12000006e-01 2.78843809e-01 5.00000000e-01 2.06139014e+00 4.07745835e-01 -3.68130981e+00 -2.36079535e+00 -3.77438571e+00 -2.29312127e+00 -3.58823391e+00 -2.42846942e+00 -3.28233921e-01 3.06108322e-01 -1.43575145e+00 -9.08509519e-01 1.00000000e+00 1.00000000e+00 -3.04836598e+00 7.04105016e-01 -3.28233921e-01 3.06108322e-01 -1.43575145e+00 -9.08509519e-01 0.00000000e+00 0.00000000e+00
3.12000006e-01 5.85239040e-01 5.00000000e-01 2.22960152e+00 9.14751243e-02 1.23253689e+00 -5.50426736e+00 1.59685592e-01 -5.84999117e+00 2.30538819e+00 -5.15854354e+00 -4.92554735e-01 -1.28800608e-01 -1.81535925e+00 -1.41838729e+00 1.00000000e+00 1.00000000e+00 -2.64565472e+00 -5.88091818e-01 -4.92554735e-01 -1.28800608e-01 -1.81535925e+00 -1.41838729e+00 0.00000000e+00 0.00000000e+00
3.12000006e-01 6.26976505e-01 5.00000000e-01 2.22226688e+00 -1.24540872e-01 5.51484312e+00 5.24108153e+00 5.18061543e+00 5.52314540e+00 5.84907082e+00 4.95901766e+00 -7.22872064e-02 1.28847538e-01 5.46884571e-01 7.15838892e-01 1.00000000e+00 1.00000000e+00 -2.30843987e-01 1.49356745e+00 -7.22872064e-02 1.28847538e-01 5.46884571e-01 7.15838892e-01 0.00000000e+00 0.00000000e+00
3.12000006e-01 5.74476286e-01 5.00000000e-01 1.94207643e+00 -5.48010508e-01 -1.60939141e+00 -1.25496212e+00 -1.35139583e+00 -2.36277564e+00 -1.86738699e+00 -1.47148593e-01 -5.92511082e-01 -3.50534656e-01 -3.42068259e-01 -6.23601829e-02 1.00000000e+00 1.00000000e+00 -1.18706182e+00 7.82633381e-01 -5.92511082e-01 -3.50534656e-01 -3.42068259e-01 -6.23601829e-02 0.00000000e+00 0.00000000e+00
3.12000006e-01 2.91988777e-01 5.00000000e-01 2.08956534e+00 3.92019174e-01 5.94012406e+00 -3.32958130e+00 6.42377911e+00 -3.07025592e+00 5.45646901e+00 -3.58890668e+00 2.12564411e-01 7.02738741e-01 2.92175111e-01 1.01709155e+00 1.00000000e+00 1.00000000e+00 -1.25972925e+00 2.56899591e+00 2.12564411e-01 7.02738741e-01 2.92175111e-01 1.01709155e+00 0.00000000e+00 0.00000000e+00
3.12000006e-01 6.29631485e-01 5.00000000e-01 2.23916772e+00 1.37048370e-01 2.39143582e+00 -3.86576978e-01 2.61098438e+00 -1.50636610e-01 2.17188725e+00 -6.22517346e-01 -3.90335946e-02 1.56668922e-01 -3.78638581e-01 -1.42872759e-01 1.00000000e+00 1.00000000e+00 -1.15324265e+00 6.31731312e-01 -3.90335946e-02 1.56668922e-01 -3.78638581e-01 -1.42872759e-01 0.00000000e+00 1.00000000e+00
3.12000006e-01 2.33270650e-01 5.00000000e-01 2.15829733e+00 3.15935563e-01 -9.23381111e-01 -1.29554150e+00 -6.87191414e-01 -1.07974911e+00 -1.15957081e+00 -1.51133389e+00 -5.83777104e-02 5.78716408e-01 -4.04324496e-01 6.29400743e-01 0.00000000e+00 1.00000000e+00 -2.26669794e+00 2.49177419e+00 -5.83777104e-02 5.78716408e-01 -4.04324496e-01 6.29400743e-01 0.00000000e+00 0.00000000e+00
3.12000006e-01 5.37204813e-01 5.00000000e-01 2.19070959e+00 2.76916033e-01 4.53000817e+00 -3.73034704e-01 4.09124741e+00 -5.92895820e-01 4.96876893e+00 -1.53173588e-01 2.46223195e-01 4.99829955e-01 5.62153194e-01 9.20379033e-01 1.00000000e+00 1.00000000e+00 -3.37900910e-01 1.82043314e+00 2.46223195e-01 4.99829955e-01 5.62153194e-01 9.20379033e-01 0.00000000e+00 0.00000000e+00
3.12000006e-01 2.86771697e-01 5.00000000e-01 2.27644998e+00 -6.18705289e-02 -2.92933591e+00 3.12039151e+00 -3.70460914e+00 3.33447235e+00 -2.15406267e+00 2.90631067e+00 -2.99211574e-01 2.06168761e-01 -4.55592522e-01 4.56631743e-01 1.00000000e+00 1.00000000e+00 -2.03106989e+00 2.03210911e+00 -2.99211574e-01 2.06168761e-01 -4.55592522e-01 4.56631743e-01 0.00000000e+00 0.00000000e+00
3.12000006e-01 3.03111608e-01 5.00000000e-01 2.15504979e+00 -3.40090453e-01 3.04169441e+00 -5.28234214e+00 3.45026111e+00 -5.80101796e+00 2.63312771e+00 -4.76366632e+00 -6.04301423e-01 -1.71290428e-01 -8.37325422e-01 -2.45309107e-01 1.00000000e+00 1.00000000e+00 -2.34112633e+00 1.25849180e+00 -6.04301423e-01 -1.71290428e-01 -8.37325422e-01 -2.45309107e-01 0.00000000e+00 0.00000000e+00
3.12000006e-01 2.13650719e-01 5.00000000e-01 2.28181602e+00 -1.08420393e-02 -1.98068506e+00 5.57110850e+00 -1.80894897e+00 5.48967935e+00 -2.15242116e+00 5.65253765e+00 -2.69452575e-01 4.27126333e-01 -2.84483133e-01 9.01979016e-01 1.00000000e+00 1.00000000e+00 -2.27790746e+00 2.89540334e+00 -2.69452575e-01 4.27126333e-01 -2.84483133e-01 9.01979016e-01 0.00000000e+00 1.00000000e+00
3.12000006e-01 2.79362838e-01 5.00000000e-01 2.29040790e+00 -3.33392255e-02 -1.13113917e+00 -4.13186241e+00 -4.93490015e-01 -3.83343739e+00 -1.76878832e+00 -4.43028742e+00 -1.83244814e-01 2.65085156e-01 -2.20279288e-02 5.90660023e-01 1.00000000e+00 1.00000000e+00 -1.63216096e+00 2.20079305e+00 -1.83244814e-01 2.65085156e-01 -2.20279288e-02 5.90660023e-01 0.00000000e+00 0.00000000e+00
3.12000006e-01 6.24212722e-01 5.00000000e-01 2.15905059e+00 3.53508497e-01 3.53886442e+00 -6.03441155e+00 3.74762251e+00 -6.07750400e+00 3.33010633e+00 -5.99131909e+00 1.40828499e-02 2.69990249e-01 -7.86832840e-01 -4.74155620e-01 1.00000000e+00 1.00000000e+00 -1.56784022e+00 3.06851759e-01 1.40828499e-02 2.69990249e-01 -7.86832840e-01 -4.74155620e-01 0.00000000e+00 0.00000000e+00
3.12000006e-01 3.16012053e-01 5.00000000e-01 2.31318017e+00 -6.86861497e-02 -5.15497737e+00 8.05622895e-01 -5.53102116e+00 9.22409487e-01 -4.77893358e+00 6.88836303e-01 -2.05183509e-01 1.58795099e-01 -7.67675468e-02 3.57290721e-01 1.00000000e+00 1.00000000e+00 -1.52818862e+00 1.80871180e+00 -2.05183509e-01 1.58795099e-01 -7.67675468e-02 3.57290721e-01 1.00000000e+00 0.00000000e+00
3.12000006e-01 3.10068151e-01 5.00000000e-01 2.31318017e+00 -6.86861497e-02 -5.57736974e+00 7.19213607e-01 -6.29513509e+00 1.06392256e+00 -4.85960439e+00 3.74504652e-01 -4.16496504e-01 -2.77905010e-02 -9.49833970e-01 -5.77211833e-01 1.00000000e+00 1.00000000e+00 -2.42495440e+00 8.97908595e-01 -4.16496504e-01 -2.77905010e-02 -9.49833970e-01 -5.77211833e-01 0.00000000e+00 0.00000000e+00
3.12000006e-01 3.16179693e-01 5.00000000e-01 2.32452195e+00 -1.57664480e-02 -5.98411132e+00 4.97046446e-01 -6.41681657e+00 -5.06149822e-01 -5.55140607e+00 1.50024271e+00 -2.65288717e-01 9.65430720e-02 -5.37905706e-01 -1.26946014e-01 1.00000000e+00 1.00000000e+00 -1.98866880e+00 1.32381708e+00 -2.65288717e-01 9.65430720e-02 -5.37905706e-01 -1.26946014e-01 0.00000000e+00 1.00000000e+00
3.12000006e-01 3.18132740e-01 5.00000000e-01 2.21642506e+00 -3.12969640e-01 -2.90159397e+00 2.45580122e+00 -2.91167297e+00 2.57340593e+00 -2.89151497e+00 2.33819652e+00 -4.53202600e-01 -4.66588362e-02 -3.20649675e-01 2.44231596e-01 1.00000000e+00 0.00000000e+00 -1.76378845e+00 1.68737038e+00 -4.53202600e-01 -4.66588362e-02 -3.20649675e-01 2.44231596e-01 0.00000000e+00 0.00000000e+00
3.12000006e-01 3.61416459e-01 5.00000000e-01 2.29833280e+00 -1.56468144e-01 -2.12875049e+00 3.07936043e+00 -2.41567737e+00 3.63370370e+00 -1.84182362e+00 2.52501716e+00 -1.52434737e-01 1.96141352e-01 5.11976902e-01 8.27852470e-01 1.00000000e+00 1.00000000e+00 -7.79767946e-01 2.11959732e+00 -1.52434737e-01 1.96141352e-01 5.11976902e-01 8.27852470e-01 0.00000000e+00 0.00000000e+00
3.12000006e-01 3.68895858e-01 5.00000000e-01 2.34355255e+00 6.58927307e-02 5.94931404e+00 -1.40088173e+00 5.36797690e+00 -1.18919115e+00 6.53065118e+00 -1.61257232e+00 5.91959282e-02 4.43443984e-01 6.62112628e-01 1.16538026e+00 1.00000000e+00 1.00000000e+00 -6.06488171e-01 2.43398106e+00 5.91959282e-02 4.43443984e-01 6.62112628e-01 1.16538026e+00 0.00000000e+00 0.00000000e+00
3.12000006e-01 2.84749659e-01 5.00000000e-01 2.37261337e+00 -5.76125377e-02 3.28251536e+00 2.06323234e+00 2.52049610e+00 2.79545350e+00 4.04453462e+00 1.33101119e+00 -4.54808381e-01 -2.18944567e-02 -1.07647193e+00 -6.45567566e-01 1.00000000e+00 1.00000000e+00 -2.66126765e+00 9.39228152e-01 -4.54808381e-01 -2.18944567e-02 -1.07647193e+00 -6.45567566e-01 0.00000000e+00 0.00000000e+00
3.12000006e-01 4.07619694e-01 5.00000000e-01 2.35780254e+00 1.62836670e-01 -1.20390473e+00 -5.83108841e+00 -7.57902507e-01 -5.34779311e+00 -1.64990696e+00 -6.31438370e+00 -2.31439789e-01 1.38846161e-01 -1.05285443e+00 -5.54264805e-01 1.00000000e+00 1.00000000e+00 -2.21327514e+00 6.06155902e-01 -2.31439789e-01 1.38846161e-01 -1.05285443e+00 -5.54264805e-01 0.00000000e+00 0.00000000e+00
3.12000006e-01 1.10741182e+00 5.00000000e-01 2.34926181e+00 1.94907526e-01 -4.53388726e+00 -2.98164151e+00 -4.15496192e+00 -2.89710742e+00 -4.91281259e+00 -3.06617561e+00 1.88898843e-01 2.86801567e-01 3.84547248e-01 4.82848510e-01 1.00000000e+00 1.00000000e+00 -6.32062884e-02 9.30602047e-01 1.88898843e-01 2.86801567e-01 3.84547248e-01 4.82848510e-01 0.00000000e+00 1.00000000e+00
3.12000006e-01 4.66482242e-01 5.00000000e-01 2.34926181e+00 1.94907526e-01 -3.82588081e+00 -3.50490988e+00 -3.79696500e+00 -2.98033975e+00 -3.85479662e+00 -4.02948002e+00 1.16217589e-01 4.03135511e-01 2.67189091e-01 7.61070773e-01 1.00000000e+00 1.00000000e+00 -7.59035129e-01 1.78729499e+00 1.16217589e-01 4.03135511e-01 2.67189091e-01 7.61070773e-01 0.00000000e+00 0.00000000e+00
3.12000006e-01 3.27711345e-01 5.00000000e-01 2.39581912e+00 -6.71059828e-02 3.55674821e+00 1.91606551e+00 2.97648823e+00 1.52806405e+00 4.13700819e+00 2.30406696e+00 -3.58899748e-02 3.48567759e-01 8.16566263e-01 1.11076475e+00 1.00000000e+00 1.00000000e+00 -5.90250925e-01 2.51758193e+00 -3.58899748e-02 3.48567759e-01 8.16566263e-01 1.11076475e+00 0.00000000e+00 0.00000000e+00
3.12000006e-01 5.44861984e-01 5.00000000e-01 2.39550188e+00 -7.41725233e-02 -3.23393714e+00 -8.13827668e-01 -2.45660389e+00 -1.97680925e+00 -4.01127038e+00 3.49153913e-01 -1.41353091e-01 9.81637194e-02 -1.40426305e-02 4.09809548e-01 1.00000000e+00 1.00000000e+00 -9.02223066e-01 1.29798998e+00 -1.41353091e-01 9.81637194e-02 -1.40426305e-02 4.09809548e-01 0.00000000e+00 0.00000000e+00
3.12000006e-01 2.76850012e-01 5.00000000e-01 2.39550188e+00 -7.41725233e-02 -3.68900179e+00 7.70010192e-01 -3.08895864e+00 9.08274175e-01 -4.28904493e+00 6.31746209e-01 -5.39583561e-01 2.45175659e-01 -1.30319594e+00 6.59572986e-01 1.00000000e+00 1.00000000e+00 -2.92541005e+00 2.28178710e+00 -5.39583561e-01 2.45175659e-01 -1.30319594e+00 6.59572986e-01 0.00000000e+00 0.00000000e+00
3.12000006e-01 5.19195889e-01 5.00000000e-01 2.39550188e+00 -7.41725233e-02 -3.67527943e+00 -7.23653357e-02 -3.38388049e+00 -5.39720601e-01 -3.96667838e+00 3.94989930e-01 1.47927391e-02 3.26866291e-01 8.94207019e-01 1.29387938e+00 1.00000000e+00 1.00000000e+00 -3.50259165e-02 2.22311232e+00 1.47927391e-02 3.26866291e-01 8.94207019e-01 1.29387938e+00 0.00000000e+00 0.00000000e+00
3.12000006e-01 2.15936904e-01 5.00000000e-01 2.35525521e+00 2.05092320e-01 2.54224127e+00 3.80512040e+00 2.65406701e+00 5.09434517e+00 2.43041552e+00 2.51589563e+00 -1.71865468e-01 5.13935154e-01 -5.42383402e-01 7.07819244e-01 0.00000000e+00 1.00000000e+00 -2.51966124e+00 2.68509708e+00 -1.71865468e-01 5.13935154e-01 -5.42383402e-01 7.07819244e-01 0.00000000e+00 0.00000000e+00
3.12000006e-01 7.53082143e-01 5.00000000e-01 2.35167548e+00 2.25330933e-01 -2.51321704e+00 -3.52775383e+00 -2.75075209e+00 -4.15484802e+00 -2.27568199e+00 -2.90065963e+00 -2.08861661e-01 2.65202284e-02 -1.37316577e+00 -1.13884951e+00 1.00000000e+00 1.00000000e+00 -2.02547708e+00 -4.86538189e-01 -2.08861661e-01 2.65202284e-02 -1.37316577e+00 -1.13884951e+00 0.00000000e+00 0.00000000e+00
3.12000006e-01 2.71467057e-01 5.00000000e-01 2.37878372e+00 1.95670867e-01 3.43957899e+00 1.07634508e-03 4.06292830e+00 -5.56071447e-01 2.81622968e+00 5.58224137e-01 -4.12722955e-01 3.85018461e-01 -1.43070956e+00 3.74168829e-01 0.00000000e+00 1.00000000e+00 -3.07938457e+00 2.02284384e+00 -4.12722955e-01 3.85018461e-01 -1.43070956e+00 3.74168829e-01 0.00000000e+00 0.00000000e+00
3.12000006e-01 3.88331219e-01 5.00000000e-01 2.42422893e+00 2.16433170e-02 4.25197808e+00 6.06564631e+00 3.94868390e+00 5.91884163e+00 4.55527225e+00 6.21245099e+00 -2.16892475e-02 3.02163742e-01 3.75668053e-01 8.21289473e-01 1.00000000e+00 1.00000000e+00 -8.36336071e-01 2.03329360e+00 -2.16892475e-02 3.02163742e-01 3.75668053e-01 8.21289473e-01 1.00000000e+00 0.00000000e+00
3.12000006e-01 2.55187446e-01 5.00000000e-01 2.37015621e+00 -2.19602131e-01 2.24592842e+00 -3.06804371e+00 2.18623370e+00 -3.92739296e+00 2.30562313e+00 -2.20869446e+00 -3.70808336e-01 1.97224591e-01 -1.72449737e-01 7.88862063e-01 1.00000000e+00 0.00000000e+00 -1.90630221e+00 2.52271454e+00 -3.70808336e-01 1.97224591e-01 -1.72449737e-01 7.88862063e-01 0.00000000e+00 0.00000000e+00
3.12000006e-01 6.28767017e-01 5.00000000e-01 2.37015621e+00 -2.19602131e-01 3.19597371e+00 -2.67091838e+00 4.08632428e+00 -3.13314229e+00 2.30562313e+00 -2.20869446e+00 -2.92984968e-01 -1.07797190e-01 -2.46669286e-01 1.32433502e-02 1.00000000e+00 1.00000000e+00 -1.02228800e+00 7.88862063e-01 -2.92984968e-01 -1.07797190e-01 -2.46669286e-01 1.32433502e-02 1.00000000e+00 0.00000000e+00
3.12000006e-01 2.64882258e-01 5.00000000e-01 2.41011305e+00 -1.58556032e-01 1.34482550e+00 2.42419091e+00 1.77320249e+00 2.55359032e+00 9.16448516e-01 2.29479149e+00 -5.71543443e-01 2.27281780e-01 -1.19525644e+00 7.87135832e-01 1.00000000e+00 1.00000000e+00 -2.87742056e+00 2.46929995e+00 -5.71543443e-01 2.27281780e-01 -1.19525644e+00 7.87135832e-01 0.00000000e+00 1.00000000e+00
3.12000006e-01 6.57298895e-01 5.00000000e-01 2.43817138e+00 5.34343094e-02 2.42501044e+00 -8.86371242e-01 2.88314809e+00 -1.12048382e+00 1.96687278e+00 -6.52258660e-01 7.33710744e-02 2.61323718e-01 5.42167868e-01 7.85784913e-01 1.00000000e+00 1.00000000e+00 -2.01280889e-01 1.52923367e+00 7.33710744e-02 2.61323718e-01 5.42167868e-01 7.85784913e-01 0.00000000e+00 0.00000000e+00
3.12000006e-01 4.60633683e-01 5.00000000e-01 2.40080507e+00 1.95208412e-01 -3.59932899e+00 1.24546710e-01 -4.09719750e+00 -1.96717718e-01 -3.10146047e+00 4.45811137e-01 1.94486511e-01 5.32889838e-01 7.10121363e-01 1.29022383e+00 1.00000000e+00 1.00000000e+00 -3.28080898e-01 2.32842609e+00 1.94486511e-01 5.32889838e-01 7.10121363e-01 1.29022383e+00 0.00000000e+00 0.00000000e+00
3.12000006e-01 3.28326301e-01 5.00000000e-01 2.17287559e+00 -5.07335282e-01 -2.13421589e+00 8.70221400e-01 -1.91574088e+00 6.16890796e-01 -2.35269090e+00 1.12355200e+00 -5.52403391e-01 3.43981287e-02 -4.48200708e-02 9.68567060e-01 1.00000000e+00 1.00000000e+00 -1.44936442e+00 2.37311141e+00 -5.52403391e-01 3.43981287e-02 -4.48200708e-02 9.68567060e-01 0.00000000e+00 0.00000000e+00
3.12000006e-01 2.98222134e-01 5.00000000e-01 2.45951265e+00 3.42795423e-02 -3.01200760e+00 -4.28648711e+00 -2.17377219e+00 -3.72248151e+00 -3.85024301e+00 -4.85049272e+00 -2.59417574e-02 4.16636782e-01 4.44124239e-01 1.06483803e+00 1.00000000e+00 1.00000000e+00 -1.08047170e+00 2.58943396e+00 -2.59417574e-02 4.16636782e-01 4.44124239e-01 1.06483803e+00 0.00000000e+00 0.00000000e+00
3.12000006e-01 5.02873833e-01 5.00000000e-01 2.42095942e+00 2.02589757e-01 -1.08921576e+00 -1.15623330e+00 -6.87191414e-01 -1.07974911e+00 -1.49124011e+00 -1.23271749e+00 1.80601913e-01 5.19216126e-01 5.52984745e-01 1.26751747e+00 1.00000000e+00 1.00000000e+00 -4.04324496e-01 2.22482671e+00 1.80601913e-01 5.19216126e-01 5.52984745e-01 1.26751747e+00 0.00000000e+00 0.00000000e+00
3.12000006e-01 2.65040398e+00 5.00000000e-01 2.47662202e+00 -1.14803186e-02 1.91016702e+00 -6.24096719e+00 1.52563032e+00 -6.10978665e+00 2.29470372e+00 -6.37214772e+00 1.71396443e-01 2.32109472e-01 1.08252247e+00 1.16570368e+00 1.00000000e+00 1.00000000e+00 8.94150614e-01 1.35407553e+00 1.71396443e-01 2.32109472e-01 1.08252247e+00 1.16570368e+00 0.00000000e+00 0.00000000e+00
3.12000006e-01 4.84648990e-01 5.00000000e-01 2.47860837e+00 -4.07457418e-02 -3.05800356e+00 1.44832208e-01 -4.39737340e+00 6.59108965e-01 -1.71863373e+00 -3.69444549e-01 -1.14806838e-01 1.67756329e-01 2.08573766e-02 5.82560069e-01 1.00000000e+00 1.00000000e+00 -9.69806694e-01 1.57322414e+00 -1.14806838e-01 1.67756329e-01 2.08573766e-02 5.82560069e-01 0.00000000e+00 0.00000000e+00
3.12000006e-01 2.44887437e-01 5.00000000e-01 2.48407883e+00 -5.22362595e-03 1.13482872e+00 -2.47829879e+00 1.26197984e+00 -2.08191910e+00 1.00767760e+00 -2.87467847e+00 -3.59145398e-01 1.85244265e-01 -8.11231515e-01 1.36211654e-01 1.00000000e+00 1.00000000e+00 -2.60334994e+00 1.92833008e+00 -3.59145398e-01 1.85244265e-01 -8.11231515e-01 1.36211654e-01 0.00000000e+00 1.00000000e+00
3.12000006e-01 4.11999414e-01 5.00000000e-01 2.47212038e+00 -1.55344281e-01 9.45719002e-01 -1.41687488e-01 4.06036474e-01 -2.97810961e-01 1.48540153e+00 1.44359862e-02 -3.26992625e-01 -3.04323974e-02 -5.25751207e-01 -1.98565544e-02 1.00000000e+00 1.00000000e+00 -1.67504024e+00 1.12943248e+00 -3.26992625e-01 -3.04323974e-02 -5.25751207e-01 -1.98565544e-02 1.00000000e+00 0.00000000e+00
3.12000006e-01 5.07145480e-01 5.00000000e-01 2.42810666e+00 2.56164991e-01 -2.40495574e+00 -3.37064504e+00 -2.59195494e+00 -3.39384345e+00 -2.21795654e+00 -3.34744662e+00 1.83991524e-01 4.20096099e-01 3.14922430e-01 6.77592883e-01 1.00000000e+00 1.00000000e+00 -6.34881371e-01 1.62739668e+00 1.83991524e-01 4.20096099e-01 3.14922430e-01 6.77592883e-01 0.00000000e+00 1.00000000e+00
3.12000006e-01 1.40201619e+00 5.00000000e-01 2.49029308e+00 1.50561440e-01 4.04457853e+00 -1.60368566e+00 2.64571817e+00 -1.71154494e+00 5.44343889e+00 -1.49582637e+00 2.75388334e-01 3.69071790e-01 1.04149566e+00 1.14001009e+00 0.00000000e+00 1.00000000e+00 6.86729765e-01 1.49477599e+00 2.75388334e-01 3.69071790e-01 1.04149566e+00 1.14001009e+00 0.00000000e+00 0.00000000e+00
3.12000006e-01 3.79972882e-01 5.00000000e-01 2.53480266e+00 3.05658742e-04 4.59264227e-01 1.94451947e+00 8.77102942e-01 2.12024421e+00 4.14255122e-02 1.76879474e+00 -4.37168116e-01 4.51100792e-01 -1.38527769e+00 1.42855606e+00 1.00000000e+00 1.00000000e+00 -2.62101946e+00 2.66429784e+00 -4.37168116e-01 4.51100792e-01 -1.38527769e+00 1.42855606e+00 1.00000000e+00 0.00000000e+00
3.12000006e-01 4.54002726e+00 5.00000000e-01 2.50119924e+00 -1.79685029e-01 -2.98502629e-02 -7.07048883e-01 2.58617073e-01 -9.36820626e-01 -3.18317599e-01 -4.77277139e-01 -1.70734403e-02 1.33350831e-02 7.83881721e-01 8.19424345e-01 1.00000000e+00 1.00000000e+00 6.73805805e-01 9.29500261e-01 -1.70734403e-02 1.33350831e-02 7.83881721e-01 8.19424345e-01 0.00000000e+00 0.00000000e+00
3.12000006e-01 3.96889425e-01 5.00000000e-01 2.54014771e+00 -5.37734531e-02 -2.96383416e+00 -1.43665311e+00 -2.51469249e+00 -1.48248444e+00 -3.41297583e+00 -1.39082178e+00 -2.18879307e-01 5.09821663e-02 -3.90177153e-01 -3.26350915e-02 1.00000000e+00 1.00000000e+00 -1.57876299e+00 1.15595074e+00 -2.18879307e-01 5.09821663e-02 -3.90177153e-01 -3.26350915e-02 0.00000000e+00 0.00000000e+00
3.12000006e-01 2.38376326e-01 5.00000000e-01 2.47207078e+00 2.44113043e-01 -3.80373803e+00 -3.66481694e+00 -3.54644554e+00 -4.05346090e+00 -4.06103053e+00 -3.27617298e+00 -7.67589389e-02 5.46640137e-01 -4.17597027e-01 8.36271478e-01 1.00000000e+00 1.00000000e+00 -2.24847019e+00 2.66714464e+00 -7.67589389e-02 5.46640137e-01 -4.17597027e-01 8.36271478e-01 0.00000000e+00 0.00000000e+00
3.12000006e-01 2.81178767e-01 5.00000000e-01 2.52398169e+00 1.45955505e-01 -5.87515158e+00 -3.04538007e-01 -5.80435656e+00 1.72179292e-01 -5.94594659e+00 -7.81255305e-01 -1.56081178e-01 2.52759773e-01 -5.76401929e-01 -3.11447143e-02 1.00000000e+00 1.00000000e+00 -2.17790906e+00 1.57036242e+00 -1.56081178e-01 2.52759773e-01 -5.76401929e-01 -3.11447143e-02 0.00000000e+00 0.00000000e+00
3.12000006e-01 2.59719944e-01 5.00000000e-01 2.55086781e+00 4.94379796e-02 -1.65602435e+00 2.92404016e+00 -2.25693536e+00 2.81098612e+00 -1.05511334e+00 3.03709420e+00 -3.54392448e-01 9.94091645e-02 -9.94367084e-01 -5.02893268e-01 1.00000000e+00 1.00000000e+00 -2.70368949e+00 1.20642914e+00 -3.54392448e-01 9.94091645e-02 -9.94367084e-01 -5.02893268e-01 0.00000000e+00 0.00000000e+00
3.12000006e-01 2.60055336e-01 5.00000000e-01 2.54905717e+00 9.37600497e-02 -7.33780886e-01 -4.28001312e+00 -8.91112035e-01 -4.75288334e+00 -5.76449737e-01 -3.80714290e+00 -8.85598217e-02 2.67805484e-01 -6.91912615e-02 2.16790968e-01 1.00000000e+00 1.00000000e+00 -1.77672431e+00 1.92432402e+00 -8.85598217e-02 2.67805484e-01 -6.91912615e-02 2.16790968e-01 0.00000000e+00 1.00000000e+00
3.12000006e-01 3.40004348e-01 5.00000000e-01 2.50795122e+00 2.05599471e-01 2.87362363e+00 -6.48211871e+00 2.41316423e+00 -6.08397380e+00 3.33408304e+00 -6.88026362e+00 1.34776261e-01 4.99644918e-01 4.67664214e-01 1.01099250e+00 1.00000000e+00 1.00000000e+00 -8.95002501e-01 2.37365922e+00 1.34776261e-01 4.99644918e-01 4.67664214e-01 1.01099250e+00 0.00000000e+00 0.00000000e+00
3.12000006e-01 7.52900193e-01 5.00000000e-01 2.53169062e+00 2.13792211e-01 -2.56468503e+00 -1.49865058e+00 -2.36722327e+00 -2.06421458e+00 -2.76214679e+00 -9.33086582e-01 6.77049176e-02 2.18372399e-01 -2.93062770e-01 -8.46701581e-02 0.00000000e+00 1.00000000e+00 -9.45526365e-01 5.67793437e-01 6.77049176e-02 2.18372399e-01 -2.93062770e-01 -8.46701581e-02 0.00000000e+00 0.00000000e+00
3.12000006e-01 5.85937833e-01 5.00000000e-01 2.55322208e+00 -1.73451180e-01 -2.68282157e+00 3.87899689e+00 -3.04093655e+00 3.76106866e+00 -2.32470660e+00 3.99692511e+00 -2.13474123e-01 -2.59730511e-02 -1.82664702e-03 2.57145806e-01 1.00000000e+00 1.00000000e+00 -8.31185040e-01 1.08650420e+00 -2.13474123e-01 -2.59730511e-02 -1.82664702e-03 2.57145806e-01 0.00000000e+00 0.00000000e+00
3.12000006e-01 2.93661517e-01 5.00000000e-01 2.58893373e+00 -1.86891043e-01 1.96884934e-01 1.32254212e+00 4.08127153e-01 1.65868780e+00 -1.43572846e-02 9.86396435e-01 -1.80061294e-01 2.46476409e-01 6.27538215e-01 1.05040472e+00 1.00000000e+00 1.00000000e+00 -9.16947917e-01 2.59489085e+00 -1.80061294e-01 2.46476409e-01 6.27538215e-01 1.05040472e+00 0.00000000e+00 0.00000000e+00
3.12000006e-01 1.73945356e+00 5.00000000e-01 2.56220433e+00 -2.73639645e-01 4.06824949e-01 -1.17021870e+00 2.07685095e-03 -6.09529055e-01 8.11573047e-01 -1.73090835e+00 -1.68228240e-01 -9.01834781e-02 4.92735647e-01 6.08807636e-01 1.00000000e+00 1.00000000e+00 2.06269567e-01 8.95273716e-01 -1.68228240e-01 -9.01834781e-02 4.92735647e-01 6.08807636e-01 0.00000000e+00 0.00000000e+00
3.12000006e-01 1.15745056e+00 5.00000000e-01 2.68431409e+00 2.63467520e-04 -2.69482062e+00 -1.80765363e+00 -2.51395428e+00 -1.94874319e+00 -2.87568696e+00 -1.66656408e+00 6.80721780e-03 1.05290292e-01 2.56278034e-01 4.29427159e-01 1.00000000e+00 1.00000000e+00 -1.72415618e-01 8.58120812e-01 6.80721780e-03 1.05290292e-01 2.56278034e-01 4.29427159e-01 0.00000000e+00 0.00000000e+00
3.12000006e-01 3.47842588e-01 5.00000000e-01 2.68940868e+00 -2.34533843e-03 -2.49832542e+00 2.01176434e+00 -2.52250083e+00 2.24825024e+00 -2.47415000e+00 1.77527844e+00 -1.51002611e-01 1.18073937e-01 -2.17727955e-01 6.07624962e-02 1.00000000e+00 1.00000000e+00 -1.55359160e+00 1.39662614e+00 -1.51002611e-01 1.18073937e-01 -2.17727955e-01 6.07624962e-02 0.00000000e+00 0.00000000e+00
3.12000006e-01 2.38788479e-01 5.00000000e-01 2.67767876e+00 1.27300179e-01 1.70000078e+00 4.15182747e+00 1.89483807e+00 5.30039198e+00 1.50516349e+00 3.00326297e+00 -1.96857532e-01 2.58896226e-01 -6.16746881e-01 2.92125903e-03 1.00000000e+00 1.00000000e+00 -2.44512057e+00 1.83129495e+00 -1.96857532e-01 2.58896226e-01 -6.16746881e-01 2.92125903e-03 0.00000000e+00 1.00000000e+00
3.12000006e-01 6.44184038e-01 5.00000000e-01 2.68127167e+00 -1.25326748e-01 -2.95797382e+00 2.37055851e+00 -3.02443267e+00 2.40292051e+00 -2.89151497e+00 2.33819652e+00 -3.01117495e-01 -1.26803252e-01 -7.65958971e-01 -5.13673578e-01 1.00000000e+00 1.00000000e+00 -1.52386414e+00 2.44231596e-01 -3.01117495e-01 -1.26803252e-01 -7.65958971e-01 -5.13673578e-01 1.00000000e+00 0.00000000e+00
3.12000006e-01 2.50595820e-01 5.00000000e-01 2.64684535e+00 2.09153908e-01 3.59301557e+00 -4.73213546e+00 3.97130473e+00 -4.46632924e+00 3.21472641e+00 -4.99794168e+00 -2.21900965e-01 4.62629218e-01 -9.33494767e-01 6.95215848e-01 1.00000000e+00 1.00000000e+00 -2.69287749e+00 2.45459857e+00 -2.21900965e-01 4.62629218e-01 -9.33494767e-01 6.95215848e-01 0.00000000e+00 0.00000000e+00
3.12000006e-01 3.79434292e-01 5.00000000e-01 2.72244589e+00 1.33198435e-01 -4.09510720e+00 -2.54986228e+00 -3.82959069e+00 -3.13061285e+00 -4.36062372e+00 -1.96911171e+00 9.08867970e-02 3.82300127e-01 4.81079201e-01 8.84306777e-01 1.00000000e+00 1.00000000e+00 -7.56222627e-01 2.12160860e+00 9.08867970e-02 3.82300127e-01 4.81079201e-01 8.84306777e-01 0.00000000e+00 0.00000000e+00
3.12000006e-01 9.12800440e-01 5.00000000e-01 2.76344756e+00 -6.90452161e-02 2.48222622e+00 -1.25369922e+00 2.17130560e+00 -1.67933616e+00 2.79314684e+00 -8.28062289e-01 -1.28503792e-01 -5.56692987e-03 -1.81095518e-01 6.80986452e-02 1.00000000e+00 1.00000000e+00 -7.22233592e-01 6.09236719e-01 -1.28503792e-01 -5.56692987e-03 -1.81095518e-01 6.80986452e-02 0.00000000e+00 0.00000000e+00
3.12000006e-01 4.49065853e-01 5.00000000e-01 2.78360853e+00 5.86815049e-02 3.77409857e-01 5.50187752e-01 6.61507293e-01 1.64425137e+00 9.33124217e-02 -5.43875868e-01 -2.30548239e-01 5.41832692e-02 -9.65409091e-01 -5.02209439e-01 1.00000000e+00 1.00000000e+00 -2.02811426e+00 5.60495732e-01 -2.30548239e-01 5.41832692e-02 -9.65409091e-01 -5.02209439e-01 0.00000000e+00 0.00000000e+00
3.12000006e-01 3.88892587e-01 5.00000000e-01 2.78720163e+00 3.95936799e-02 3.24296538e+00 4.79578930e+00 2.65406701e+00 5.09434517e+00 3.83186374e+00 4.49723342e+00 4.31293121e-02 4.21376667e-01 6.68057636e-01 1.33763066e+00 1.00000000e+00 1.00000000e+00 -5.42383402e-01 2.54807170e+00 4.31293121e-02 4.21376667e-01 6.68057636e-01 1.33763066e+00 0.00000000e+00 0.00000000e+00
3.12000006e-01 2.81858258e-01 5.00000000e-01 2.75357065e+00 -2.02605643e-01 -1.61630483e+00 -1.43611340e+00 -1.67595130e+00 -1.18235448e+00 -1.55665836e+00 -1.68987232e+00 -2.20025179e-01 2.78543202e-01 4.83335545e-01 1.21675709e+00 1.00000000e+00 1.00000000e+00 -1.11496619e+00 2.81505883e+00 -2.20025179e-01 2.78543202e-01 4.83335545e-01 1.21675709e+00 0.00000000e+00 0.00000000e+00
3.12000006e-01 4.03292624e-01 5.00000000e-01 2.82162651e+00 2.79027180e-02 3.80443280e+00 -1.10859098e-01 4.06292830e+00 -5.56071447e-01 3.54593731e+00 3.34353252e-01 -1.13176284e-01 1.80981853e-01 -2.59086309e-01 3.79489307e-01 1.00000000e+00 1.00000000e+00 -1.43070956e+00 1.55111256e+00 -1.13176284e-01 1.80981853e-01 -2.59086309e-01 3.79489307e-01 0.00000000e+00 0.00000000e+00
3.12000006e-01 2.18190834e-01 5.00000000e-01 2.84537620e+00 1.00028206e-01 -3.49504340e+00 -4.77726047e+00 -2.82672620e+00 -4.85675462e+00 -4.16336060e+00 -4.69776631e+00 -1.19548182e-01 3.74205994e-01 -1.92338603e-01 6.31689924e-01 1.00000000e+00 1.00000000e+00 -2.15393484e+00 2.59328616e+00 -1.19548182e-01 3.74205994e-01 -1.92338603e-01 6.31689924e-01 0.00000000e+00 0.00000000e+00
3.12000006e-01 1.22882374e+00 5.00000000e-01 2.93407537e+00 -1.03546171e-02 2.97297914e+00 -1.62057666e+00 2.64571817e+00 -1.71154494e+00 3.30024011e+00 -1.52960838e+00 2.00005904e-01 3.21707592e-01 1.44563295e+00 1.55636577e+00 1.00000000e+00 1.00000000e+00 1.04149566e+00 1.96050306e+00 2.00005904e-01 3.21707592e-01 1.44563295e+00 1.55636577e+00 0.00000000e+00 0.00000000e+00
3.12000006e-01 3.98630105e-01 5.00000000e-01 3.04245499e+00 -2.83624979e-02 7.30023757e-01 1.66635674e+00 1.14315087e+00 1.65929868e+00 3.16896641e-01 1.67341481e+00 -3.22164767e-01 -3.95720453e-02 -1.08722296e+00 -6.99693928e-01 1.00000000e+00 0.00000000e+00 -2.27115126e+00 4.84234374e-01 -3.22164767e-01 -3.95720453e-02 -1.08722296e+00 -6.99693928e-01 0.00000000e+00 1.00000000e+00
3.12000006e-01 3.17548406e-01 5.00000000e-01 3.06837586e+00 7.49633600e-03 1.62323219e+00 -4.88320304e+00 1.71784754e+00 -5.40860985e+00 1.52861684e+00 -4.35779623e+00 -3.12213030e-01 2.21400047e-02 -1.03116044e+00 -6.10818729e-01 1.00000000e+00 1.00000000e+00 -2.47657240e+00 8.34593224e-01 -3.12213030e-01 2.21400047e-02 -1.03116044e+00 -6.10818729e-01 0.00000000e+00 1.00000000e+00
3.12000006e-01 2.60296742e-01 5.00000000e-01 3.03959617e+00 -1.75493945e-01 -1.91239619e+00 1.64647360e+00 -2.20025833e+00 1.82714008e+00 -1.62453405e+00 1.46580711e+00 -1.77824638e-01 2.24624575e-01 6.61130738e-01 1.01792263e+00 1.00000000e+00 1.00000000e+00 -1.04511656e+00 2.72416993e+00 -1.77824638e-01 2.24624575e-01 6.61130738e-01 1.01792263e+00 0.00000000e+00 0.00000000e+00
3.12000006e-01 2.75070352e-01 5.00000000e-01 3.08702270e+00 -1.41291833e-02 -1.63276198e+00 1.32597419e+00 -2.65386380e+00 1.63545901e+00 -6.11660147e-01 1.01648936e+00 -3.04187929e-01 1.85758380e-01 -8.46961593e-01 4.13126387e-01 1.00000000e+00 1.00000000e+00 -2.47783529e+00 2.04400008e+00 -3.04187929e-01 1.85758380e-01 -8.46961593e-01 4.13126387e-01 0.00000000e+00 0.00000000e+00
3.12000006e-01 4.46382319e-01 5.00000000e-01 3.08702270e+00 -1.41291833e-02 -1.42607229e+00 1.68799243e+00 -1.95727481e+00 2.78710971e+00 -8.94869770e-01 5.88875146e-01 -7.47272486e-02 1.33201373e-01 9.34182019e-02 4.17366088e-01 1.00000000e+00 1.00000000e+00 -9.75131198e-01 1.48591549e+00 -7.47272486e-02 1.33201373e-01 9.34182019e-02 4.17366088e-01 0.00000000e+00 0.00000000e+00
3.12000006e-01 5.80610906e-01 5.00000000e-01 3.08702270e+00 -1.41291833e-02 2.10534538e-01 1.91331470e+00 1.04172435e-01 2.15321459e+00 3.16896641e-01 1.67341481e+00 -4.39995183e-01 -1.86840174e-01 -1.74406985e+00 -1.53624823e+00 1.00000000e+00 1.00000000e+00 -2.58062415e+00 -6.99693928e-01 -4.39995183e-01 -1.86840174e-01 -1.74406985e+00 -1.53624823e+00 0.00000000e+00 0.00000000e+00
3.12000006e-01 2.41656936e-01 5.00000000e-01 3.11984406e+00 -2.71803658e-03 5.03648278e+00 -2.88362726e+00 5.48442785e+00 -3.04740188e+00 4.58853770e+00 -2.71985264e+00 -2.45368202e-01 2.27849865e-01 -5.50513964e-01 4.89802122e-01 1.00000000e+00 1.00000000e+00 -2.36166707e+00 2.30095523e+00 -2.45368202e-01 2.27849865e-01 -5.50513964e-01 4.89802122e-01 0.00000000e+00 0.00000000e+00
3.12000006e-01 3.27595442e-01 5.00000000e-01 3.12447645e+00 7.13607220e-03 -1.93637437e+00 -2.60341887e+00 -3.26675693e+00 -2.51689480e+00 -6.05991816e-01 -2.68994295e+00 -6.42302046e-02 2.49917922e-01 2.06680326e-01 7.58722237e-01 1.00000000e+00 1.00000000e+00 -1.20056601e+00 2.16596857e+00 -6.42302046e-02 2.49917922e-01 2.06680326e-01 7.58722237e-01 0.00000000e+00 0.00000000e+00
3.12000006e-01 2.55872077e+00 5.00000000e-01 3.12447645e+00 7.13607220e-03 -1.67403189e+00 -1.63421787e+00 -2.36722327e+00 -2.06421458e+00 -9.80840517e-01 -1.20422116e+00 -2.09388212e-02 1.98609428e-02 -9.79622025e-02 1.74635542e-03 1.00000000e+00 1.00000000e+00 -2.93062770e-01 1.96846923e-01 -2.09388212e-02 1.98609428e-02 -9.79622025e-02 1.74635542e-03 0.00000000e+00 0.00000000e+00
3.12000006e-01 5.26110101e-01 5.00000000e-01 3.07057725e+00 2.29380109e-01 -2.67933455e+00 2.93604492e+00 -3.09960682e+00 3.30186868e+00 -2.25906227e+00 2.57022116e+00 -4.05494557e-02 1.98332754e-01 -8.71193741e-01 -4.50135055e-01 1.00000000e+00 1.00000000e+00 -1.78900945e+00 4.67680653e-01 -4.05494557e-02 1.98332754e-01 -8.71193741e-01 -4.50135055e-01 0.00000000e+00 0.00000000e+00
3.12000006e-01 4.55727699e-01 5.00000000e-01 3.17381494e+00 -6.30083786e-02 -1.05100141e+00 -2.30966051e+00 -1.13026110e+00 -2.02240952e+00 -9.71741714e-01 -2.59691150e+00 -4.19767760e-02 1.42579168e-01 6.15370285e-01 7.05432235e-01 1.00000000e+00 1.00000000e+00 -4.33089479e-01 1.75389200e+00 -4.19767760e-02 1.42579168e-01 6.15370285e-01 7.05432235e-01 0.00000000e+00 0.00000000e+00
3.12000006e-01 3.91330552e-01 5.00000000e-01 3.23595280e+00 1.77688963e-01 -9.23705671e-01 2.86205655e+00 -1.21744902e+00 3.46242979e+00 -6.29962321e-01 2.26168330e+00 -1.49378969e-01 1.37898357e-01 -1.05828171e+00 -7.18772483e-01 0.00000000e+00 1.00000000e+00 -2.26197889e+00 4.84924693e-01 -1.49378969e-01 1.37898357e-01 -1.05828171e+00 -7.18772483e-01 0.00000000e+00 1.00000000e+00
3.12000006e-01 5.06582413e-01 5.00000000e-01 3.43871547e+00 1.17902256e-01 -1.57746206e+00 3.71105118e+00 -1.21744902e+00 3.46242979e+00 -1.93747509e+00 3.95967257e+00 2.42372359e-02 1.98130709e-01 -1.07495111e-01 2.50282728e-01 1.00000000e+00 1.00000000e+00 -1.05828171e+00 1.20106933e+00 2.42372359e-02 1.98130709e-01 -1.07495111e-01 2.50282728e-01 0.00000000e+00 1.00000000e+00
5.27630579e-01 4.84431203e-01 5.00000000e-01 3.05685581e+00 5.09724721e-01 7.01515773e-02 -5.39102519e-01 7.01515773e-02 -5.39102519e-01 7.01515773e-02 -5.39102519e-01 5.76391108e-01 7.95391287e-01 5.76391108e-01 1.63579538e+00 0.00000000e+00 1.00000000e+00 5.76391108e-01 2.62687163e+00 0.00000000e+00 7.95391287e-01 0.00000000e+00 1.63579538e+00 0.00000000e+00 1.00000000e+00
6.02660449e-01 5.16638250e-01 5.00000000e-01 3.09119314e+00 4.85452109e-01 3.05077690e-01 4.20130655e-01 3.05077690e-01 4.20130655e-01 3.05077690e-01 4.20130655e-01 5.41277992e-01 7.31578874e-01 5.41277992e-01 1.47996210e+00 0.00000000e+00 1.00000000e+00 5.41277992e-01 2.41348851e+00 0.00000000e+00 7.31578874e-01 0.00000000e+00 1.47996210e+00 0.00000000e+00 1.00000000e+00
6.20571816e-01 6.11649822e-01 5.00000000e-01 2.99111942e+00 5.54374263e-01 -7.93836288e-01 -6.99825225e-01 -7.93836288e-01 -6.99825225e-01 -7.93836288e-01 -6.99825225e-01 5.81762255e-01 7.54839132e-01 5.81762255e-01 1.37733330e+00 0.00000000e+00 1.00000000e+00 5.81762255e-01 2.17359176e+00 0.00000000e+00 7.54839132e-01 0.00000000e+00 1.37733330e+00 0.00000000e+00 1.00000000e+00
3.05701626e-01 6.30992547e-01 5.00000000e-01 2.99000971e+00 5.55110423e-01 -1.18407132e+00 3.25587058e-01 -1.18407132e+00 3.25587058e-01 -1.18407132e+00 3.25587058e-01 5.99363980e-01 8.02843604e-01 5.99363980e-01 1.60924066e+00 0.00000000e+00 1.00000000e+00 5.99363980e-01 2.38225249e+00 0.00000000e+00 8.02843604e-01 0.00000000e+00 1.60924066e+00 0.00000000e+00 1.00000000e+00
2.99369784e-01 6.08328732e-01 5.00000000e-01 2.92708905e+00 5.96058398e-01 1.70431141e+00 -8.03676868e-01 1.70431141e+00 -8.03676868e-01 1.70431141e+00 -8.03676868e-01 6.03619399e-01 7.59359157e-01 6.03619399e-01 1.21214750e+00 0.00000000e+00 1.00000000e+00 6.03619399e-01 2.01253541e+00 0.00000000e+00 7.59359157e-01 0.00000000e+00 1.21214750e+00 0.00000000e+00 1.00000000e+00
3.13546806e-01 6.16434014e-01 5.00000000e-01 3.13812735e+00 4.50946006e-01 -3.53848511e-01 -1.56459703e+00 -3.53848511e-01 -1.56459703e+00 -3.53848511e-01 -1.56459703e+00 5.06665861e-01 6.81799273e-01 5.06665861e-01 1.45999186e+00 0.00000000e+00 1.00000000e+00 5.06665861e-01 2.25037430e+00 0.00000000e+00 6.81799273e-01 0.00000000e+00 1.45999186e+00 0.00000000e+00 1.00000000e+00
2.34933754e-01 5.57938553e-01 5.00000000e-01 3.21760443e+00 3.87836051e-01 4.47450086e-01 -4.39036054e-01 4.47450086e-01 -4.39036054e-01 4.47450086e-01 -4.39036054e-01 4.37974361e-01 5.79534186e-01 4.37974361e-01 1.18731354e+00 0.00000000e+00 1.00000000e+00 4.37974361e-01 2.05590622e+00 0.00000000e+00 5.79534186e-01 0.00000000e+00 1.18731354e+00 0.00000000e+00 1.00000000e+00
1.86907427e-01 5.49815846e-01 5.00000000e-01 2.91913994e+00 6.01131447e-01 -8.12630979e-01 -1.90721899e+00 -8.12630979e-01 -1.90721899e+00 -8.12630979e-01 -1.90721899e+00 6.20887825e-01 8.02896500e-01 6.20887825e-01 1.36952657e+00 0.00000000e+00 1.00000000e+00 6.20887825e-01 2.25018623e+00 0.00000000e+00 8.02896500e-01 0.00000000e+00 1.36952657e+00 0.00000000e+00 1.00000000e+00
2.54013099e-01 5.13819346e-01 5.00000000e-01 3.17126559e+00 4.25457937e-01 1.40876046e+00 6.56216280e-01 1.40876046e+00 6.56216280e-01 1.40876046e+00 6.56216280e-01 5.34800349e-01 7.79412542e-01 5.34800349e-01 1.87740056e+00 0.00000000e+00 1.00000000e+00 5.34800349e-01 2.81570383e+00 0.00000000e+00 7.79412542e-01 0.00000000e+00 1.87740056e+00 0.00000000e+00 1.00000000e+00
2.08444450e-02 6.36750401e-01 5.00000000e-01 3.06136777e+00 5.06576551e-01 -1.33670106e+00 1.68991539e+00 -1.33670106e+00 1.68991539e+00 -1.33670106e+00 1.68991539e+00 5.51203677e-01 7.32371590e-01 5.51203677e-01 1.48384003e+00 0.00000000e+00 1.00000000e+00 5.51203677e-01 2.25018623e+00 0.00000000e+00 7.32371590e-01 0.00000000e+00 1.48384003e+00 0.00000000e+00 1.00000000e+00
2.91633760e-01 5.73454096e-01 5.00000000e-01 3.23058072e+00 3.76800631e-01 -6.16336321e-01 -8.38045678e-01 -6.16336321e-01 -8.38045678e-01 -6.16336321e-01 -8.38045678e-01 4.24681838e-01 5.58842967e-01 4.24681838e-01 1.14049351e+00 0.00000000e+00 1.00000000e+00 4.24681838e-01 1.98690943e+00 0.00000000e+00 5.58842967e-01 0.00000000e+00 1.14049351e+00 0.00000000e+00 1.00000000e+00
4.84894742e-01 5.57279840e-01 5.00000000e-01 2.91348366e+00 6.04728963e-01 5.59280563e-02 -2.40604239e+00 5.59280563e-02 -2.40604239e+00 5.59280563e-02 -2.40604239e+00 6.24093518e-01 8.07204649e-01 6.24093518e-01 1.38062698e+00 0.00000000e+00 1.00000000e+00 6.24093518e-01 2.25018623e+00 0.00000000e+00 8.07204649e-01 0.00000000e+00 1.38062698e+00 0.00000000e+00 1.00000000e+00
1.73643279e-01 4.16615509e-01 5.00000000e-01 2.80047842e+00 6.74797278e-01 6.08481802e-01 -1.90076465e+00 6.08481802e-01 -1.90076465e+00 6.08481802e-01 -1.90076465e+00 7.49014158e-01 1.06484136e+00 7.49014158e-01 2.04221984e+00 0.00000000e+00 1.00000000e+00 7.49014158e-01 3.17999599e+00 0.00000000e+00 1.06484136e+00 0.00000000e+00 2.04221984e+00 0.00000000e+00 1.00000000e+00
1.98533366e-01 5.22628775e-01 5.00000000e-01 3.20601033e+00 3.97496967e-01 1.80390987e+00 -9.04690448e-01 1.80390987e+00 -9.04690448e-01 1.80390987e+00 -9.04690448e-01 5.14765472e-01 7.58208664e-01 5.14765472e-01 1.89170243e+00 0.00000000e+00 1.00000000e+00 5.14765472e-01 2.81523250e+00 0.00000000e+00 7.58208664e-01 0.00000000e+00 1.89170243e+00 0.00000000e+00 1.00000000e+00
3.04454736e-01 6.21326298e-01 5.00000000e-01 3.16873449e+00 4.27442413e-01 -1.49114799e+00 -1.76770909e+00 -1.49114799e+00 -1.76770909e+00 -1.49114799e+00 -1.76770909e+00 4.72795040e-01 6.21735063e-01 4.72795040e-01 1.27026117e+00 0.00000000e+00 1.00000000e+00 4.72795040e-01 2.05472184e+00 0.00000000e+00 6.21735063e-01 0.00000000e+00 1.27026117e+00 0.00000000e+00 1.00000000e+00
2.39496885e-01 5.15450104e-01 5.00000000e-01 3.12875845e+00 4.57972043e-01 2.74908050e+00 5.35785545e-03 2.74908050e+00 5.35785545e-03 2.74908050e+00 5.35785545e-03 5.06310341e-01 6.72441981e-01 5.06310341e-01 1.31465217e+00 0.00000000e+00 1.00000000e+00 5.06310341e-01 2.25018623e+00 0.00000000e+00 6.72441981e-01 0.00000000e+00 1.31465217e+00 0.00000000e+00 0.00000000e+00
2.60363864e-01 5.69065514e-01 5.00000000e-01 2.86434116e+00 6.35590477e-01 -2.11983262e+00 1.51401189e+00 -2.11983262e+00 1.51401189e+00 -2.11983262e+00 1.51401189e+00 6.38821393e-01 8.06213180e-01 6.38821393e-01 1.24865095e+00 0.00000000e+00 1.00000000e+00 6.38821393e-01 2.10122688e+00 0.00000000e+00 8.06213180e-01 0.00000000e+00 1.24865095e+00 0.00000000e+00 1.00000000e+00
2.08444450e-02 5.66160143e-01 5.00000000e-01 3.16755638e+00 4.28363845e-01 -2.52801401e+00 -9.86364873e-01 -2.52801401e+00 -9.86364873e-01 -2.52801401e+00 -9.86364873e-01 4.86164262e-01 6.55259319e-01 4.86164262e-01 1.39348391e+00 0.00000000e+00 1.00000000e+00 4.86164262e-01 2.25018623e+00 0.00000000e+00 6.55259319e-01 0.00000000e+00 1.39348391e+00 0.00000000e+00 1.00000000e+00
2.73484498e-01 5.90632990e-01 5.00000000e-01 3.10039540e+00 4.78816314e-01 2.16789311e+00 2.10642086e+00 2.16789311e+00 2.10642086e+00 2.16789311e+00 2.10642086e+00 5.01537971e-01 6.32937650e-01 5.01537971e-01 1.07379651e+00 0.00000000e+00 1.00000000e+00 5.01537971e-01 1.89691181e+00 0.00000000e+00 6.32937650e-01 0.00000000e+00 1.07379651e+00 0.00000000e+00 1.00000000e+00
2.64852999e-01 7.52192014e-01 5.00000000e-01 2.97944841e+00 5.62090478e-01 2.89850546e+00 1.46316685e+00 2.89850546e+00 1.46316685e+00 2.89850546e+00 1.46316685e+00 6.45212847e-01 9.15665486e-01 6.45212847e-01 2.09837059e+00 0.00000000e+00 1.00000000e+00 6.45212847e-01 2.75142754e+00 0.00000000e+00 9.15665486e-01 0.00000000e+00 2.09837059e+00 0.00000000e+00 1.00000000e+00
6.28093760e-01 6.06298641e-01 5.00000000e-01 2.97278660e+00 5.66469711e-01 3.29100020e+00 -5.16978511e-01 3.29100020e+00 -5.16978511e-01 3.29100020e+00 -5.16978511e-01 5.96628364e-01 7.80631880e-01 5.96628364e-01 1.44725343e+00 0.00000000e+00 1.00000000e+00 5.96628364e-01 2.25018623e+00 0.00000000e+00 7.80631880e-01 0.00000000e+00 1.44725343e+00 0.00000000e+00 1.00000000e+00
2.08444450e-02 6.90488180e-01 5.00000000e-01 2.54401585e+00 8.26122700e-01 -2.28875607e-01 -1.10720251e+00 -2.28875607e-01 -1.10720251e+00 -2.28875607e-01 -1.10720251e+00 8.00113128e-01 1.01987976e+00 8.00113128e-01 1.54101535e+00 0.00000000e+00 1.00000000e+00 8.00113128e-01 2.25018623e+00 0.00000000e+00 1.01987976e+00 0.00000000e+00 1.54101535e+00 0.00000000e+00 0.00000000e+00
4.79603628e-01 6.60731994e-01 5.00000000e-01 3.27355296e+00 3.38276549e-01 1.93811150e+00 -1.66907767e-01 1.93811150e+00 -1.66907767e-01 1.93811150e+00 -1.66907767e-01 4.20661463e-01 5.91589267e-01 4.20661463e-01 1.51043296e+00 0.00000000e+00 1.00000000e+00 4.20661463e-01 2.25018623e+00 0.00000000e+00 5.91589267e-01 0.00000000e+00 1.51043296e+00 0.00000000e+00 1.00000000e+00
3.08515881e-01 5.05926062e-01 5.00000000e-01 2.94695593e+00 5.83287219e-01 3.40746216e-01 -3.40908838e+00 3.40746216e-01 -3.40908838e+00 3.40746216e-01 -3.40908838e+00 6.15489838e-01 8.11600183e-01 6.15489838e-01 1.44858900e+00 0.00000000e+00 1.00000000e+00 6.15489838e-01 2.40052371e+00 0.00000000e+00 8.11600183e-01 0.00000000e+00 1.44858900e+00 0.00000000e+00 1.00000000e+00
6.20483741e-01 4.96098422e-01 5.00000000e-01 3.12357456e+00 4.61828360e-01 -3.14573609e+00 9.91601494e-02 -3.14573609e+00 9.91601494e-02 -3.14573609e+00 9.91601494e-02 5.02141916e-01 6.56617523e-01 5.02141916e-01 1.20350994e+00 0.00000000e+00 1.00000000e+00 5.02141916e-01 2.17296229e+00 0.00000000e+00 6.56617523e-01 0.00000000e+00 1.20350994e+00 0.00000000e+00 1.00000000e+00
2.79141474e-01 5.13456526e-01 5.00000000e-01 3.08112032e+00 4.92649802e-01 -1.22003936e+00 3.04355300e+00 -1.22003936e+00 3.04355300e+00 -1.22003936e+00 3.04355300e+00 5.64169615e-01 7.82901691e-01 5.64169615e-01 1.67057449e+00 0.00000000e+00 1.00000000e+00 5.64169615e-01 2.60949603e+00 0.00000000e+00 7.82901691e-01 0.00000000e+00 1.67057449e+00 0.00000000e+00 0.00000000e+00
6.03507636e-01 5.55742425e-01 5.00000000e-01 3.30371152e+00 3.08954251e-01 1.26121619e+00 7.79460610e-01 1.26121619e+00 7.79460610e-01 1.26121619e+00 7.79460610e-01 4.07004522e-01 5.88820436e-01 4.07004522e-01 1.53846344e+00 0.00000000e+00 1.00000000e+00 4.07004522e-01 2.41028680e+00 0.00000000e+00 5.88820436e-01 0.00000000e+00 1.53846344e+00 0.00000000e+00 1.00000000e+00
6.00679776e-01 5.66121838e-01 5.00000000e-01 2.71152762e+00 7.28131380e-01 2.91325013e+00 -1.69138623e-01 2.91325013e+00 -1.69138623e-01 2.91325013e+00 -1.69138623e-01 7.20354250e-01 9.17441690e-01 7.20354250e-01 1.39342925e+00 0.00000000e+00 1.00000000e+00 7.20354250e-01 2.25018623e+00 0.00000000e+00 9.17441690e-01 0.00000000e+00 1.39342925e+00 0.00000000e+00 0.00000000e+00
2.08444450e-02 5.71379019e-01 5.00000000e-01 3.18894298e+00 4.11406595e-01 -1.80417692e+00 -2.80215618e+00 -1.80417692e+00 -2.80215618e+00 -1.80417692e+00 -2.80215618e+00 4.73133088e-01 6.41528659e-01 4.73133088e-01 1.40086848e+00 0.00000000e+00 1.00000000e+00 4.73133088e-01 2.25018623e+00 0.00000000e+00 6.41528659e-01 0.00000000e+00 1.40086848e+00 0.00000000e+00 0.00000000e+00
2.64688425e-01 4.21923412e-01 5.00000000e-01 3.11443635e+00 4.68574307e-01 3.67180254e+00 -6.82430326e-01 3.67180254e+00 -6.82430326e-01 3.67180254e+00 -6.82430326e-01 5.49506185e-01 7.71787072e-01 5.49506185e-01 1.61561678e+00 0.00000000e+00 1.00000000e+00 5.49506185e-01 2.74042525e+00 0.00000000e+00 7.71787072e-01 0.00000000e+00 1.61561678e+00 0.00000000e+00 1.00000000e+00
1.92061582e-01 5.17218178e-01 5.00000000e-01 2.92277237e+00 5.98815797e-01 2.22534384e+00 -3.10088681e+00 2.22534384e+00 -3.10088681e+00 2.22534384e+00 -3.10088681e+00 7.01949772e-01 1.02122776e+00 7.01949772e-01 2.21815277e+00 0.00000000e+00 1.00000000e+00 7.01949772e-01 3.15070229e+00 0.00000000e+00 1.02122776e+00 0.00000000e+00 2.21815277e+00 0.00000000e+00 1.00000000e+00
1.49922779e-01 6.02479881e-01 5.00000000e-01 2.69591716e+00 7.37373103e-01 2.88203773e+00 -1.21789812e+00 2.88203773e+00 -1.21789812e+00 2.88203773e+00 -1.21789812e+00 7.29081722e-01 9.30716356e-01 7.29081722e-01 1.44242322e+00 0.00000000e+00 1.00000000e+00 7.29081722e-01 2.25018623e+00 0.00000000e+00 9.30716356e-01 0.00000000e+00 1.44242322e+00 0.00000000e+00 1.00000000e+00
1.94144760e-01 5.48570141e-01 5.00000000e-01 3.09040836e+00 4.86015318e-01 -1.70929192e+00 -3.50955038e+00 -1.70929192e+00 -3.50955038e+00 -1.70929192e+00 -3.50955038e+00 5.30492502e-01 7.02231766e-01 5.30492502e-01 1.36764707e+00 0.00000000e+00 1.00000000e+00 5.30492502e-01 2.25018623e+00 0.00000000e+00 7.02231766e-01 0.00000000e+00 1.36764707e+00 0.00000000e+00 0.00000000e+00
2.08444450e-02 5.66425278e-01 5.00000000e-01 3.27971303e+00 3.32462168e-01 2.80788044e+00 1.34558442e-01 2.80788044e+00 1.34558442e-01 2.80788044e+00 1.34558442e-01 4.10758161e-01 5.73813723e-01 4.10758161e-01 1.39386209e+00 0.00000000e+00 1.00000000e+00 4.10758161e-01 2.25018623e+00 0.00000000e+00 5.73813723e-01 0.00000000e+00 1.39386209e+00 0.00000000e+00 1.00000000e+00
1.34527700e-01 6.23491321e-01 5.00000000e-01 3.21698205e+00 3.88359280e-01 -6.61005023e-01 -3.42985999e+00 -6.61005023e-01 -3.42985999e+00 -6.61005023e-01 -3.42985999e+00 4.57940425e-01 6.29197822e-01 4.57940425e-01 1.46831856e+00 0.00000000e+00 1.00000000e+00 4.57940425e-01 2.25018623e+00 0.00000000e+00 6.29197822e-01 0.00000000e+00 1.46831856e+00 0.00000000e+00 1.00000000e+00
9.13371444e-02 5.71744881e-01 5.00000000e-01 2.93275127e+00 5.92432201e-01 -3.47134060e+00 1.47759435e+00 -3.47134060e+00 1.47759435e+00 -3.47134060e+00 1.47759435e+00 6.15229588e-01 7.98563625e-01 6.15229588e-01 1.40138152e+00 0.00000000e+00 1.00000000e+00 6.15229588e-01 2.25018623e+00 0.00000000e+00 7.98563625e-01 0.00000000e+00 1.40138152e+00 0.00000000e+00 1.00000000e+00
4.30410139e-01 6.03123933e-01 5.00000000e-01 3.06919000e+00 5.01090117e-01 -3.73102557e+00 8.26693771e-01 -3.73102557e+00 8.26693771e-01 -3.73102557e+00 8.26693771e-01 5.45299806e-01 7.23277763e-01 5.45299806e-01 1.44324184e+00 0.00000000e+00 1.00000000e+00 5.45299806e-01 2.25018623e+00 0.00000000e+00 7.23277763e-01 0.00000000e+00 1.44324184e+00 0.00000000e+00 0.00000000e+00
2.08444450e-02 5.34681841e-01 5.00000000e-01 2.83267463e+00 6.55144387e-01 -3.65782458e+00 1.00089902e-01 -3.65782458e+00 1.00089902e-01 -3.65782458e+00 1.00089902e-01 6.62220717e-01 8.48049027e-01 6.62220717e-01 1.34615201e+00 0.00000000e+00 1.00000000e+00 6.62220717e-01 2.25018623e+00 0.00000000e+00 8.48049027e-01 0.00000000e+00 1.34615201e+00 0.00000000e+00 1.00000000e+00
3.63946542e-01 6.13914799e-01 5.00000000e-01 3.11085843e+00 4.71198045e-01 2.50970879e+00 2.95085344e+00 2.50970879e+00 2.95085344e+00 2.50970879e+00 2.95085344e+00 5.22404128e-01 6.98867104e-01 5.22404128e-01 1.45672026e+00 0.00000000e+00 1.00000000e+00 5.22404128e-01 2.25018623e+00 0.00000000e+00 6.98867104e-01 0.00000000e+00 1.45672026e+00 0.00000000e+00 1.00000000e+00
2.42276902e-01 6.12014717e-01 5.00000000e-01 3.33157306e+00 2.79595141e-01 1.01965849e+00 -1.68951361e+00 1.01965849e+00 -1.68951361e+00 1.01965849e+00 -1.68951361e+00 3.73949432e-01 5.40492270e-01 3.73949432e-01 1.47253977e+00 0.00000000e+00 1.00000000e+00 3.73949432e-01 2.26834705e+00 0.00000000e+00 5.40492270e-01 0.00000000e+00 1.47253977e+00 0.00000000e+00 0.00000000e+00
3.05954781e-01 5.61295657e-01 5.00000000e-01 2.39291330e+00 9.13467214e-01 6.10928835e-01 -1.62888951e+00 6.10928835e-01 -1.62888951e+00 6.10928835e-01 -1.62888951e+00 8.72461492e-01 1.11948991e+00 8.72461492e-01 1.56404061e+00 0.00000000e+00 1.00000000e+00 8.72461492e-01 2.42773952e+00 0.00000000e+00 1.11948991e+00 0.00000000e+00 1.56404061e+00 0.00000000e+00 1.00000000e+00
2.96231643e-01 6.54858275e-01 5.00000000e-01 2.46238786e+00 8.73328166e-01 -1.99020063e+00 -1.11434610e+00 -1.99020063e+00 -1.11434610e+00 -1.99020063e+00 -1.11434610e+00 8.54036860e-01 1.12087654e+00 8.54036860e-01 1.78388053e+00 0.00000000e+00 1.00000000e+00 8.54036860e-01 2.52997852e+00 0.00000000e+00 1.12087654e+00 0.00000000e+00 1.78388053e+00 0.00000000e+00 1.00000000e+00
1.43226206e-01 4.90036440e-01 5.00000000e-01 2.95874828e+00 5.75640750e-01 4.12195521e+00 9.97148044e-01 4.12195521e+00 9.97148044e-01 4.12195521e+00 9.97148044e-01 5.97373795e-01 7.70304317e-01 5.97373795e-01 1.26961391e+00 0.00000000e+00 1.00000000e+00 5.97373795e-01 2.25018623e+00 0.00000000e+00 7.70304317e-01 0.00000000e+00 1.26961391e+00 0.00000000e+00 1.00000000e+00
1.71709531e-01 5.81714275e-01 5.00000000e-01 3.25135190e+00 3.58591593e-01 2.63950688e+00 2.16721156e+00 2.63950688e+00 2.16721156e+00 2.63950688e+00 2.16721156e+00 4.32236243e-01 5.98166048e-01 4.32236243e-01 1.41513240e+00 0.00000000e+00 1.00000000e+00 4.32236243e-01 2.25018623e+00 0.00000000e+00 5.98166048e-01 0.00000000e+00 1.41513240e+00 0.00000000e+00 1.00000000e+00
2.08444450e-02 5.54979999e-01 5.00000000e-01 3.36351344e+00 2.42192647e-01 6.42270563e-01 7.26495169e-02 6.42270563e-01 7.26495169e-02 6.42270563e-01 7.26495169e-02 3.39203451e-01 4.96871724e-01 3.39203451e-01 1.37723581e+00 0.00000000e+00 1.00000000e+00 3.39203451e-01 2.25018623e+00 0.00000000e+00 4.96871724e-01 0.00000000e+00 1.37723581e+00 0.00000000e+00 0.00000000e+00
4.27837641e-01 6.93805549e-01 5.00000000e-01 2.99190908e+00 5.53850105e-01 3.40136469e+00 2.57120309e+00 3.40136469e+00 2.57120309e+00 3.40136469e+00 2.57120309e+00 6.50072643e-01 9.36247312e-01 6.50072643e-01 2.17111827e+00 0.00000000e+00 1.00000000e+00 6.50072643e-01 2.87703272e+00 0.00000000e+00 9.36247312e-01 0.00000000e+00 2.17111827e+00 0.00000000e+00 1.00000000e+00
2.72164925e-01 6.01545272e-01 5.00000000e-01 2.56332094e+00 8.14928855e-01 -2.99798064e+00 2.47865113e-01 -2.99798064e+00 2.47865113e-01 -2.99798064e+00 2.47865113e-01 8.20884649e-01 1.10044934e+00 8.20884649e-01 1.88167699e+00 0.00000000e+00 1.00000000e+00 8.20884649e-01 2.69063080e+00 0.00000000e+00 1.10044934e+00 0.00000000e+00 1.88167699e+00 0.00000000e+00 0.00000000e+00
3.59227683e-01 6.11185476e-01 5.00000000e-01 3.00810131e+00 5.43041240e-01 9.63050287e-01 -4.39220522e+00 9.63050287e-01 -4.39220522e+00 9.63050287e-01 -4.39220522e+00 5.78542963e-01 7.60822407e-01 5.78542963e-01 1.45335291e+00 0.00000000e+00 1.00000000e+00 5.78542963e-01 2.25018623e+00 0.00000000e+00 7.60822407e-01 0.00000000e+00 1.45335291e+00 0.00000000e+00 1.00000000e+00
2.08444450e-02 5.79941771e-01 5.00000000e-01 3.23210715e+00 3.75486093e-01 3.43522538e+00 -2.00494141e+00 3.43522538e+00 -2.00494141e+00 3.43522538e+00 -2.00494141e+00 4.45401576e-01 6.12212239e-01 4.45401576e-01 1.41271941e+00 0.00000000e+00 1.00000000e+00 4.45401576e-01 2.25018623e+00 0.00000000e+00 6.12212239e-01 0.00000000e+00 1.41271941e+00 0.00000000e+00 0.00000000e+00
3.10342954e-01 5.17967112e-01 5.00000000e-01 3.37333067e+00 2.29609443e-01 -5.80602736e-01 -1.10975040e-01 -5.80602736e-01 -1.10975040e-01 -5.80602736e-01 -1.10975040e-01 3.15477305e-01 4.55051724e-01 3.15477305e-01 1.20282753e+00 0.00000000e+00 1.00000000e+00 3.15477305e-01 2.13411841e+00 0.00000000e+00 4.55051724e-01 0.00000000e+00 1.20282753e+00 0.00000000e+00 1.00000000e+00
3.51162998e-01 5.25450143e-01 5.00000000e-01 3.34145811e+00 2.68515180e-01 3.43503707e-01 2.32760765e+00 3.43503707e-01 2.32760765e+00 3.43503707e-01 2.32760765e+00 3.57621538e-01 5.13536304e-01 3.57621538e-01 1.33129252e+00 0.00000000e+00 1.00000000e+00 3.57621538e-01 2.25018623e+00 0.00000000e+00 5.13536304e-01 0.00000000e+00 1.33129252e+00 0.00000000e+00 1.00000000e+00
3.88944408e-01 5.50766305e-01 5.00000000e-01 3.21881002e+00 3.86820988e-01 1.16502626e+00 -4.03475475e+00 1.16502626e+00 -4.03475475e+00 1.16502626e+00 -4.03475475e+00 4.52511707e-01 6.17348014e-01 4.52511707e-01 1.37095538e+00 0.00000000e+00 1.00000000e+00 4.52511707e-01 2.25018623e+00 0.00000000e+00 6.17348014e-01 0.00000000e+00 1.37095538e+00 0.00000000e+00 1.00000000e+00
6.65885397e-01 5.15394027e-01 5.00000000e-01 2.77581610e+00 6.89714341e-01 2.96910470e+00 -3.22238946e+00 2.96910470e+00 -3.22238946e+00 2.96910470e+00 -3.22238946e+00 6.88048912e-01 8.75363356e-01 6.88048912e-01 1.31455721e+00 0.00000000e+00 1.00000000e+00 6.88048912e-01 2.25018623e+00 0.00000000e+00 8.75363356e-01 0.00000000e+00 1.31455721e+00 0.00000000e+00 1.00000000e+00
2.08444450e-02 5.31488242e-01 5.00000000e-01 2.79669162e+00 6.77095060e-01 4.33600378e+00 5.80970581e-01 4.33600378e+00 5.80970581e-01 4.33600378e+00 5.80970581e-01 6.79122269e-01 8.66910368e-01 6.79122269e-01 1.34106464e+00 0.00000000e+00 1.00000000e+00 6.79122269e-01 2.25018623e+00 0.00000000e+00 8.66910368e-01 0.00000000e+00 1.34106464e+00 0.00000000e+00 1.00000000e+00
4.65595569e-01 7.80058128e-01 5.00000000e-01 3.20950729e+00 3.94601946e-01 4.20412983e+00 -8.67792970e-01 4.20412983e+00 -8.67792970e-01 4.20412983e+00 -8.67792970e-01 5.25885262e-01 7.87139224e-01 5.25885262e-01 2.15021043e+00 0.00000000e+00 1.00000000e+00 5.25885262e-01 2.78069368e+00 0.00000000e+00 7.87139224e-01 0.00000000e+00 2.15021043e+00 0.00000000e+00 1.00000000e+00
2.76324748e-01 6.25048008e-01 5.00000000e-01 3.13742884e+00 4.51472414e-01 -4.36968615e+00 -4.16839483e-01 -4.36968615e+00 -4.16839483e-01 -4.36968615e+00 -4.16839483e-01 4.77105273e-01 6.02826043e-01 4.77105273e-01 1.06082060e+00 0.00000000e+00 1.00000000e+00 4.77105273e-01 1.84083418e+00 0.00000000e+00 6.02826043e-01 0.00000000e+00 1.06082060e+00 0.00000000e+00 1.00000000e+00
2.06165714e-01 4.94551782e-01 5.00000000e-01 2.97096462e+00 5.67664317e-01 2.48096320e-01 4.52220146e+00 2.48096320e-01 4.52220146e+00 2.48096320e-01 4.52220146e+00 6.01586271e-01 7.92995075e-01 6.01586271e-01 1.41558822e+00 0.00000000e+00 1.00000000e+00 6.01586271e-01 2.38785443e+00 0.00000000e+00 7.92995075e-01 0.00000000e+00 1.41558822e+00 0.00000000e+00 1.00000000e+00
3.10811403e-01 5.51309351e-01 5.00000000e-01 2.41516488e+00 9.00606371e-01 -2.60523037e+00 8.55773149e-01 -2.60523037e+00 8.55773149e-01 -2.60523037e+00 8.55773149e-01 8.51096301e-01 1.06814511e+00 8.51096301e-01 1.37176971e+00 0.00000000e+00 1.00000000e+00 8.51096301e-01 2.25018623e+00 0.00000000e+00 1.06814511e+00 0.00000000e+00 1.37176971e+00 0.00000000e+00 1.00000000e+00
2.08444450e-02 5.01125378e-01 5.00000000e-01 2.62465948e+00 7.79226994e-01 6.46891096e-01 3.73232616e+00 6.46891096e-01 3.73232616e+00 6.46891096e-01 3.73232616e+00 7.56392801e-01 9.52125274e-01 7.56392801e-01 1.28977165e+00 0.00000000e+00 1.00000000e+00 7.56392801e-01 2.25018623e+00 0.00000000e+00 9.52125274e-01 0.00000000e+00 1.28977165e+00 0.00000000e+00 1.00000000e+00
2.20384232e-01 6.34683492e-01 5.00000000e-01 2.97421272e+00 5.65533734e-01 -2.46098441e-02 -4.82861509e+00 -2.46098441e-02 -4.82861509e+00 -2.46098441e-02 -4.82861509e+00 5.97183626e-01 7.83437133e-01 5.97183626e-01 1.48146024e+00 0.00000000e+00 1.00000000e+00 5.97183626e-01 2.25018623e+00 0.00000000e+00 7.83437133e-01 0.00000000e+00 1.48146024e+00 0.00000000e+00 1.00000000e+00
2.77401524e-01 5.17132747e-01 5.00000000e-01 3.20062546e+00 4.01924209e-01 2.57295424e+00 -3.72596633e+00 2.57295424e+00 -3.72596633e+00 2.57295424e+00 -3.72596633e+00 4.63425923e-01 6.27745483e-01 4.63425923e-01 1.33255506e+00 0.00000000e+00 1.00000000e+00 4.63425923e-01 2.26524837e+00 0.00000000e+00 6.27745483e-01 0.00000000e+00 1.33255506e+00 0.00000000e+00 1.00000000e+00
2.82099494e-01 4.93344096e-01 5.00000000e-01 3.05454296e+00 5.11333917e-01 4.71974640e+00 -1.45008292e+00 4.71974640e+00 -1.45008292e+00 4.71974640e+00 -1.45008292e+00 5.45853350e-01 7.11731416e-01 5.45853350e-01 1.26108056e+00 0.00000000e+00 1.00000000e+00 5.45853350e-01 2.23555498e+00 0.00000000e+00 7.11731416e-01 0.00000000e+00 1.26108056e+00 0.00000000e+00 1.00000000e+00
1.64388470e-01 5.49619987e-01 5.00000000e-01 2.26750557e+00 9.86254192e-01 -2.02559010e+00 1.93094850e-01 -2.02559010e+00 1.93094850e-01 -2.02559010e+00 1.93094850e-01 9.14859613e-01 1.14359299e+00 9.14859613e-01 1.36923158e+00 0.00000000e+00 1.00000000e+00 9.14859613e-01 2.25018623e+00 0.00000000e+00 1.14359299e+00 0.00000000e+00 1.36923158e+00 0.00000000e+00 1.00000000e+00
1.86531875e-01 7.04404224e-01 5.00000000e-01 2.24476357e+00 9.99542199e-01 5.44159151e-01 1.78875110e+00 5.44159151e-01 1.78875110e+00 5.44159151e-01 1.78875110e+00 1.00612849e+00 1.40455556e+00 1.00612849e+00 2.43990614e+00 0.00000000e+00 1.00000000e+00 1.00612849e+00 3.13561054e+00 0.00000000e+00 1.40455556e+00 0.00000000e+00 2.43990614e+00 0.00000000e+00 1.00000000e+00
5.01069615e-01 5.44891312e-01 5.00000000e-01 3.29277501e+00 3.19846205e-01 1.82479365e+00 3.39911826e+00 1.82479365e+00 3.39911826e+00 1.82479365e+00 3.39911826e+00 3.99399057e-01 5.59747085e-01 3.99399057e-01 1.36205069e+00 0.00000000e+00 1.00000000e+00 3.99399057e-01 2.25018623e+00 0.00000000e+00 5.59747085e-01 0.00000000e+00 1.36205069e+00 0.00000000e+00 1.00000000e+00
2.51281247e-01 5.69621929e-01 5.00000000e-01 2.24063778e+00 1.00195673e+00 -1.88207150e+00 -8.84855486e-01 -1.88207150e+00 -8.84855486e-01 -1.88207150e+00 -8.84855486e-01 9.09199354e-01 1.09373078e+00 9.09199354e-01 1.06884383e+00 0.00000000e+00 1.00000000e+00 9.09199354e-01 1.92063392e+00 0.00000000e+00 1.09373078e+00 0.00000000e+00 1.06884383e+00 0.00000000e+00 1.00000000e+00
7.19028899e-01 6.31656266e-01 5.00000000e-01 2.38653346e+00 9.17156321e-01 1.42157083e+00 2.72012496e+00 1.42157083e+00 2.72012496e+00 1.42157083e+00 2.72012496e+00 8.66732198e-01 1.09399541e+00 8.66732198e-01 1.47794855e+00 0.00000000e+00 1.00000000e+00 8.66732198e-01 2.25018623e+00 0.00000000e+00 1.09399541e+00 0.00000000e+00 1.47794855e+00 0.00000000e+00 0.00000000e+00
2.32701223e-01 7.11453375e-01 5.00000000e-01 3.03598799e+00 5.24135972e-01 4.53106190e+00 2.19619592e+00 4.53106190e+00 2.19619592e+00 4.53106190e+00 2.19619592e+00 6.09093450e-01 8.63606226e-01 6.09093450e-01 2.00701423e+00 0.00000000e+00 1.00000000e+00 6.09093450e-01 2.69608706e+00 0.00000000e+00 8.63606226e-01 0.00000000e+00 2.00701423e+00 0.00000000e+00 1.00000000e+00
5.10755982e-01 6.32020569e-01 5.00000000e-01 2.82710405e+00 6.58560313e-01 3.96383420e+00 2.83567338e+00 3.96383420e+00 2.83567338e+00 3.96383420e+00 2.83567338e+00 6.43264041e-01 7.83981550e-01 6.43264041e-01 1.05974472e+00 0.00000000e+00 1.00000000e+00 6.43264041e-01 1.83155814e+00 0.00000000e+00 7.83981550e-01 0.00000000e+00 1.05974472e+00 0.00000000e+00 1.00000000e+00
8.47646803e-01 5.46930247e-01 5.00000000e-01 3.25968522e+00 3.51077371e-01 3.80159248e+00 2.21199338e+00 3.80159248e+00 2.21199338e+00 3.80159248e+00 2.21199338e+00 4.24113853e-01 5.86396589e-01 4.24113853e-01 1.36516089e+00 0.00000000e+00 1.00000000e+00 4.24113853e-01 2.25018623e+00 0.00000000e+00 5.86396589e-01 0.00000000e+00 1.36516089e+00 0.00000000e+00 1.00000000e+00
3.02685344e-01 5.41989014e-01 5.00000000e-01 3.27600901e+00 3.35968229e-01 -5.51963910e-01 -4.37211618e+00 -5.51963910e-01 -4.37211618e+00 -5.51963910e-01 -4.37211618e+00 3.96708187e-01 5.35908385e-01 3.96708187e-01 1.17944449e+00 0.00000000e+00 1.00000000e+00 3.96708187e-01 2.07204405e+00 0.00000000e+00 5.35908385e-01 0.00000000e+00 1.17944449e+00 0.00000000e+00 0.00000000e+00
2.08444450e-02 5.20702200e-01 5.00000000e-01 3.31070250e+00 3.01818431e-01 -2.73427184e+00 2.65304889e+00 -2.73427184e+00 2.65304889e+00 -2.73427184e+00 2.65304889e+00 3.83452959e-01 5.40446438e-01 3.83452959e-01 1.32346404e+00 0.00000000e+00 1.00000000e+00 3.83452959e-01 2.25018623e+00 0.00000000e+00 5.40446438e-01 0.00000000e+00 1.32346404e+00 0.00000000e+00 1.00000000e+00
3.04147815e-01 7.13592929e-01 5.00000000e-01 2.46265434e+00 8.73174241e-01 3.60434197e+00 -1.58386109e+00 3.60434197e+00 -1.58386109e+00 3.60434197e+00 -1.58386109e+00 8.34460671e-01 1.05756514e+00 8.34460671e-01 1.53277048e+00 0.00000000e+00 1.00000000e+00 8.34460671e-01 2.21985499e+00 0.00000000e+00 1.05756514e+00 0.00000000e+00 1.53277048e+00 0.00000000e+00 1.00000000e+00
2.09217163e-01 7.91063832e-01 5.00000000e-01 2.78029314e+00 6.87014572e-01 -4.24586439e+00 -2.35291091e+00 -4.24586439e+00 -2.35291091e+00 -4.24586439e+00 -2.35291091e+00 6.50200294e-01 7.59296364e-01 6.50200294e-01 8.40454251e-01 0.00000000e+00 1.00000000e+00 6.50200294e-01 1.46243985e+00 0.00000000e+00 7.59296364e-01 0.00000000e+00 8.40454251e-01 0.00000000e+00 1.00000000e+00
5.75464137e-01 5.53450258e-01 5.00000000e-01 2.92965867e+00 5.94414083e-01 -4.81818183e+00 1.52098573e+00 -4.81818183e+00 1.52098573e+00 -4.81818183e+00 1.52098573e+00 6.15829562e-01 7.97560706e-01 6.15829562e-01 1.37496588e+00 0.00000000e+00 1.00000000e+00 6.15829562e-01 2.25018623e+00 0.00000000e+00 7.97560706e-01 0.00000000e+00 1.37496588e+00 0.00000000e+00 1.00000000e+00
2.54529851e-01 5.10236014e-01 5.00000000e-01 2.71796673e+00 7.24310339e-01 4.66325488e+00 1.35167010e+00 4.66325488e+00 1.35167010e+00 4.66325488e+00 1.35167010e+00 7.15667079e-01 9.08557186e-01 7.15667079e-01 1.32281163e+00 0.00000000e+00 1.00000000e+00 7.15667079e-01 2.26725598e+00 0.00000000e+00 9.08557186e-01 0.00000000e+00 1.32281163e+00 0.00000000e+00 1.00000000e+00
5.67526246e-01 5.20335944e-01 5.00000000e-01 2.88122607e+00 6.25062373e-01 2.57105426e+00 -4.69092452e+00 2.57105426e+00 -4.69092452e+00 2.57105426e+00 -4.69092452e+00 6.37961866e-01 8.19151660e-01 6.37961866e-01 1.32285477e+00 0.00000000e+00 1.00000000e+00 6.37961866e-01 2.25018623e+00 0.00000000e+00 8.19151660e-01 0.00000000e+00 1.32285477e+00 0.00000000e+00 1.00000000e+00
1.69636421e-01 5.76731612e-01 5.00000000e-01 3.21889267e+00 3.86751322e-01 -2.91591585e+00 3.75785036e+00 -2.91591585e+00 3.75785036e+00 -2.91591585e+00 3.75785036e+00 4.47392685e-01 6.04587065e-01 4.47392685e-01 1.32945334e+00 0.00000000e+00 1.00000000e+00 4.47392685e-01 2.17132508e+00 0.00000000e+00 6.04587065e-01 0.00000000e+00 1.32945334e+00 0.00000000e+00 1.00000000e+00
4.62365035e-01 5.48478571e-01 5.00000000e-01 2.32765044e+00 9.51261338e-01 -3.32813346e+00 -1.05785637e-01 -3.32813346e+00 -1.05785637e-01 -3.32813346e+00 -1.05785637e-01 8.88855894e-01 1.11252229e+00 8.88855894e-01 1.36750860e+00 0.00000000e+00 1.00000000e+00 8.88855894e-01 2.25018623e+00 0.00000000e+00 1.11252229e+00 0.00000000e+00 1.36750860e+00 0.00000000e+00 1.00000000e+00
2.47511446e-01 5.26387183e-01 5.00000000e-01 3.19276623e+00 4.08321311e-01 5.10482887e-01 4.99009158e+00 5.10482887e-01 4.99009158e+00 5.10482887e-01 4.99009158e+00 4.72475446e-01 6.43373112e-01 4.72475446e-01 1.38763054e+00 0.00000000e+00 1.00000000e+00 4.72475446e-01 2.30499439e+00 0.00000000e+00 6.43373112e-01 0.00000000e+00 1.38763054e+00 0.00000000e+00 1.00000000e+00
2.80393417e-01 5.89567301e-01 5.00000000e-01 2.08363818e+00 1.09497343e+00 -1.02543183e+00 1.36613107e+00 -1.02543183e+00 1.36613107e+00 -1.02543183e+00 1.36613107e+00 9.86999229e-01 1.21220966e+00 9.86999229e-01 1.27190597e+00 0.00000000e+00 1.00000000e+00 9.86999229e-01 2.09643025e+00 0.00000000e+00 1.21220966e+00 0.00000000e+00 1.27190597e+00 0.00000000e+00 1.00000000e+00
2.39999451e-01 5.36917804e-01 5.00000000e-01 2.85771261e+00 6.39703503e-01 -2.18718190e+00 -4.92023813e+00 -2.18718190e+00 -4.92023813e+00 -2.18718190e+00 -4.92023813e+00 6.93349442e-01 9.56706789e-01 6.93349442e-01 1.87725815e+00 0.00000000e+00 1.00000000e+00 6.93349442e-01 2.77776331e+00 0.00000000e+00 9.56706789e-01 0.00000000e+00 1.87725815e+00 0.00000000e+00 1.00000000e+00
2.08444450e-02 6.89877175e-01 5.00000000e-01 3.11821673e+00 4.65791485e-01 -3.70973276e+00 -3.97266506e+00 -3.70973276e+00 -3.97266506e+00 -3.70973276e+00 -3.97266506e+00 5.21624898e-01 7.03281943e-01 5.21624898e-01 1.54041235e+00 0.00000000e+00 1.00000000e+00 5.21624898e-01 2.25018623e+00 0.00000000e+00 7.03281943e-01 0.00000000e+00 1.54041235e+00 0.00000000e+00 0.00000000e+00
3.08260914e-01 5.20941347e-01 5.00000000e-01 3.33676581e+00 2.73823789e-01 3.92345814e+00 1.16413889e+00 3.92345814e+00 1.16413889e+00 3.92345814e+00 1.16413889e+00 3.47828381e-01 4.85353482e-01 3.47828381e-01 1.17300981e+00 0.00000000e+00 1.00000000e+00 3.47828381e-01 2.09933460e+00 0.00000000e+00 4.85353482e-01 0.00000000e+00 1.17300981e+00 0.00000000e+00 1.00000000e+00
4.66153394e-01 5.84702937e-01 5.00000000e-01 2.24114655e+00 1.00165892e+00 2.34768525e+00 -2.39013526e+00 2.34768525e+00 -2.39013526e+00 2.34768525e+00 -2.39013526e+00 9.27705905e-01 1.16248313e+00 9.27705905e-01 1.41917044e+00 0.00000000e+00 1.00000000e+00 9.27705905e-01 2.25018623e+00 0.00000000e+00 1.16248313e+00 0.00000000e+00 1.41917044e+00 0.00000000e+00 1.00000000e+00
2.08444450e-02 5.25969607e-01 5.00000000e-01 3.35440323e+00 2.53362029e-01 -3.61441845e+00 4.97440154e-01 -3.61441845e+00 4.97440154e-01 -3.61441845e+00 4.97440154e-01 3.45764392e-01 5.01077811e-01 3.45764392e-01 1.33214124e+00 0.00000000e+00 1.00000000e+00 3.45764392e-01 2.25018623e+00 0.00000000e+00 5.01077811e-01 0.00000000e+00 1.33214124e+00 0.00000000e+00 1.00000000e+00
2.08444450e-02 5.25038008e-01 5.00000000e-01 3.35036184e+00 2.58177711e-01 -2.17808116e+00 -3.22923148e+00 -2.17808116e+00 -3.22923148e+00 -2.17808116e+00 -3.22923148e+00 3.49471211e-01 5.04893731e-01 3.49471211e-01 1.33061808e+00 0.00000000e+00 1.00000000e+00 3.49471211e-01 2.25018623e+00 0.00000000e+00 5.04893731e-01 0.00000000e+00 1.33061808e+00 0.00000000e+00 0.00000000e+00
2.08444450e-02 5.79973049e-01 5.00000000e-01 3.10728821e+00 4.73806578e-01 -5.34351079e+00 7.31679884e-01 -5.34351079e+00 7.31679884e-01 -5.34351079e+00 7.31679884e-01 5.22678247e-01 6.96428123e-01 5.22678247e-01 1.41276210e+00 0.00000000e+00 1.00000000e+00 5.22678247e-01 2.25018623e+00 0.00000000e+00 6.96428123e-01 0.00000000e+00 1.41276210e+00 0.00000000e+00 1.00000000e+00
2.57700777e-01 6.51910475e-01 5.00000000e-01 3.37784201e+00 2.23611198e-01 -2.98889763e+00 -1.24438168e+00 -2.98889763e+00 -1.24438168e+00 -2.98889763e+00 -1.24438168e+00 2.86927836e-01 3.96051993e-01 2.86927836e-01 1.01849491e+00 0.00000000e+00 1.00000000e+00 2.86927836e-01 1.76781740e+00 0.00000000e+00 3.96051993e-01 0.00000000e+00 1.01849491e+00 0.00000000e+00 1.00000000e+00
2.70298122e-01 5.08744392e-01 5.00000000e-01 2.44432725e+00 8.83760036e-01 -9.14139171e-01 -4.33410814e+00 -9.14139171e-01 -4.33410814e+00 -9.14139171e-01 -4.33410814e+00 8.36373318e-01 1.04613302e+00 8.36373318e-01 1.30316252e+00 0.00000000e+00 1.00000000e+00 8.36373318e-01 2.25018623e+00 0.00000000e+00 1.04613302e+00 0.00000000e+00 1.30316252e+00 0.00000000e+00 0.00000000e+00
5.60661269e-01 5.29669691e-01 5.00000000e-01 3.10338091e+00 4.76650638e-01 5.22680077e+00 -2.29149353e+00 5.22680077e+00 -2.29149353e+00 5.22680077e+00 -2.29149353e+00 5.46835416e-01 7.56158949e-01 5.46835416e-01 1.62975942e+00 0.00000000e+00 1.00000000e+00 5.46835416e-01 2.54180286e+00 0.00000000e+00 7.56158949e-01 0.00000000e+00 1.62975942e+00 0.00000000e+00 1.00000000e+00
3.13945857e-01 6.01891977e-01 5.00000000e-01 3.16358445e+00 4.31460053e-01 2.79713873e+00 4.63304734e+00 2.79713873e+00 4.63304734e+00 2.79713873e+00 4.63304734e+00 4.91583943e-01 6.65590711e-01 4.91583943e-01 1.45329669e+00 0.00000000e+00 1.00000000e+00 4.91583943e-01 2.26180835e+00 0.00000000e+00 6.65590711e-01 0.00000000e+00 1.45329669e+00 0.00000000e+00 0.00000000e+00
6.09138829e-01 5.91897524e-01 5.00000000e-01 3.27322638e+00 3.38582522e-01 -1.96300093e+00 4.37042092e+00 -1.96300093e+00 4.37042092e+00 -1.96300093e+00 4.37042092e+00 4.17144347e-01 5.82781083e-01 4.17144347e-01 1.42873671e+00 0.00000000e+00 1.00000000e+00 4.17144347e-01 2.25018623e+00 0.00000000e+00 5.82781083e-01 0.00000000e+00 1.42873671e+00 0.00000000e+00 0.00000000e+00
2.43755975e-01 5.53657786e-01 5.00000000e-01 2.44401426e+00 8.83940815e-01 1.07237513e+00 -4.38970801e+00 1.07237513e+00 -4.38970801e+00 1.07237513e+00 -4.38970801e+00 8.24331411e-01 1.00310680e+00 8.24331411e-01 1.12059217e+00 0.00000000e+00 1.00000000e+00 8.24331411e-01 1.99550390e+00 0.00000000e+00 1.00310680e+00 0.00000000e+00 1.12059217e+00 0.00000000e+00 1.00000000e+00
6.25734438e-01 5.93138395e-01 5.00000000e-01 3.33177108e+00 2.79376971e-01 4.44082434e+00 -2.28782953e-01 4.44082434e+00 -2.28782953e-01 4.44082434e+00 -2.28782953e-01 3.69248167e-01 5.29770354e-01 3.69248167e-01 1.41355835e+00 0.00000000e+00 1.00000000e+00 3.69248167e-01 2.23337963e+00 0.00000000e+00 5.29770354e-01 0.00000000e+00 1.41355835e+00 0.00000000e+00 1.00000000e+00
8.26884493e-01 5.40897317e-01 5.00000000e-01 3.41806050e+00 1.61339452e-01 1.42522560e+00 2.38684204e-01 1.42522560e+00 2.38684204e-01 1.42522560e+00 2.38684204e-01 2.75106089e-01 4.28718651e-01 2.75106089e-01 1.35589622e+00 0.00000000e+00 1.00000000e+00 2.75106089e-01 2.25018623e+00 0.00000000e+00 4.28718651e-01 0.00000000e+00 1.35589622e+00 0.00000000e+00 1.00000000e+00
2.99233396e-01 5.06725655e-01 5.00000000e-01 2.15326419e+00 1.05341886e+00 -1.69527632e+00 2.31273750e+00 -1.69527632e+00 2.31273750e+00 -1.69527632e+00 2.31273750e+00 9.78049466e-01 1.25179951e+00 9.78049466e-01 1.55532891e+00 0.00000000e+00 1.00000000e+00 9.78049466e-01 2.50586530e+00 0.00000000e+00 1.25179951e+00 0.00000000e+00 1.55532891e+00 0.00000000e+00 1.00000000e+00
3.10074714e-01 5.93548809e-01 5.00000000e-01 3.28725911e+00 3.25223299e-01 1.65880507e+00 4.50201852e+00 1.65880507e+00 4.50201852e+00 1.65880507e+00 4.50201852e+00 3.97598718e-01 5.49750469e-01 3.97598718e-01 1.32852693e+00 0.00000000e+00 1.00000000e+00 3.97598718e-01 2.14781106e+00 0.00000000e+00 5.49750469e-01 0.00000000e+00 1.32852693e+00 0.00000000e+00 0.00000000e+00
1.87987456e-01 6.64361286e-01 5.00000000e-01 3.34976701e+00 2.58879735e-01 3.41126793e+00 2.33634350e+00 3.41126793e+00 2.33634350e+00 3.41126793e+00 2.33634350e+00 3.59002939e-01 5.26115375e-01 3.59002939e-01 1.51430070e+00 0.00000000e+00 1.00000000e+00 3.59002939e-01 2.25018623e+00 0.00000000e+00 5.26115375e-01 0.00000000e+00 1.51430070e+00 0.00000000e+00 1.00000000e+00
4.73170464e-01 5.33292562e-01 5.00000000e-01 3.15113511e+00 4.41064415e-01 -1.84746241e+00 -5.36042671e+00 -1.84746241e+00 -5.36042671e+00 -1.84746241e+00 -5.36042671e+00 4.94140791e-01 6.60927920e-01 4.94140791e-01 1.34394572e+00 0.00000000e+00 1.00000000e+00 4.94140791e-01 2.25018623e+00 0.00000000e+00 6.60927920e-01 0.00000000e+00 1.34394572e+00 0.00000000e+00 1.00000000e+00
5.03390347e-01 5.82284440e-01 5.00000000e-01 2.08203353e+00 1.09593782e+00 -1.32425408e+00 -2.34628271e+00 -1.32425408e+00 -2.34628271e+00 -1.32425408e+00 -2.34628271e+00 9.96330849e-01 1.24491121e+00 9.96330849e-01 1.41590571e+00 0.00000000e+00 1.00000000e+00 9.96330849e-01 2.25018623e+00 0.00000000e+00 1.24491121e+00 0.00000000e+00 1.41590571e+00 0.00000000e+00 1.00000000e+00
2.58221682e-01 5.00147752e-01 5.00000000e-01 3.40746896e+00 1.79715502e-01 1.67524080e+00 1.84657516e+00 1.67524080e+00 1.84657516e+00 1.67524080e+00 1.84657516e+00 3.42856959e-01 5.59911844e-01 3.42856959e-01 1.78174748e+00 0.00000000e+00 1.00000000e+00 3.42856959e-01 2.74390690e+00 0.00000000e+00 5.59911844e-01 0.00000000e+00 1.78174748e+00 0.00000000e+00 0.00000000e+00
4.72129289e-01 5.51676499e-01 5.00000000e-01 2.65133396e+00 7.63616398e-01 3.97274163e+00 -3.63404573e+00 3.97274163e+00 -3.63404573e+00 3.97274163e+00 -3.63404573e+00 7.46984858e-01 9.46712951e-01 7.46984858e-01 1.37231944e+00 0.00000000e+00 1.00000000e+00 7.46984858e-01 2.25018623e+00 0.00000000e+00 9.46712951e-01 0.00000000e+00 1.37231944e+00 0.00000000e+00 0.00000000e+00
6.79084843e-01 6.44050936e-01 5.00000000e-01 3.22478212e+00 3.81762271e-01 -5.32105056e+00 -6.21961700e-01 -5.32105056e+00 -6.21961700e-01 -5.32105056e+00 -6.21961700e-01 4.53825994e-01 6.26218346e-01 4.53825994e-01 1.49213152e+00 0.00000000e+00 1.00000000e+00 4.53825994e-01 2.25018623e+00 0.00000000e+00 6.26218346e-01 0.00000000e+00 1.49213152e+00 0.00000000e+00 0.00000000e+00
2.85379561e-01 5.76069926e-01 5.00000000e-01 3.29516957e+00 3.17488284e-01 -3.74607023e+00 -3.30577323e+00 -3.74607023e+00 -3.30577323e+00 -3.74607023e+00 -3.30577323e+00 3.79283814e-01 5.13868429e-01 3.79283814e-01 1.17247844e+00 0.00000000e+00 1.00000000e+00 3.79283814e-01 2.01526375e+00 0.00000000e+00 5.13868429e-01 0.00000000e+00 1.17247844e+00 0.00000000e+00 1.00000000e+00
1.97823800e-01 5.01743682e-01 5.00000000e-01 2.22366740e+00 1.01190163e+00 -2.85161106e+00 -2.39483014e+00 -2.85161106e+00 -2.39483014e+00 -2.85161106e+00 -2.39483014e+00 9.31479086e-01 1.15791113e+00 9.31479086e-01 1.29087201e+00 0.00000000e+00 1.00000000e+00 9.31479086e-01 2.25018623e+00 0.00000000e+00 1.15791113e+00 0.00000000e+00 1.29087201e+00 0.00000000e+00 1.00000000e+00
6.17581959e-01 5.44590207e-01 5.00000000e-01 2.76740632e+00 6.94776317e-01 -2.67369700e-01 -5.71183437e+00 -2.67369700e-01 -5.71183437e+00 -2.67369700e-01 -5.71183437e+00 6.87364054e-01 8.65368857e-01 6.87364054e-01 1.26576140e+00 0.00000000e+00 1.00000000e+00 6.87364054e-01 2.15435806e+00 0.00000000e+00 8.65368857e-01 0.00000000e+00 1.26576140e+00 0.00000000e+00 1.00000000e+00
8.47428310e-01 5.86543331e-01 5.00000000e-01 3.19262601e+00 4.08434768e-01 4.59939784e+00 3.25302042e+00 4.59939784e+00 3.25302042e+00 4.59939784e+00 3.25302042e+00 4.71676790e-01 6.41222250e-01 4.71676790e-01 1.42163814e+00 0.00000000e+00 1.00000000e+00 4.71676790e-01 2.25018623e+00 0.00000000e+00 6.41222250e-01 0.00000000e+00 1.42163814e+00 0.00000000e+00 1.00000000e+00
2.91044064e-01 5.59707505e-01 5.00000000e-01 2.65572557e+00 7.61040291e-01 5.10627615e+00 -1.99015658e+00 5.10627615e+00 -1.99015658e+00 5.10627615e+00 -1.99015658e+00 7.49969730e-01 9.60341714e-01 7.49969730e-01 1.45434678e+00 0.00000000e+00 1.00000000e+00 7.49969730e-01 2.32035409e+00 0.00000000e+00 9.60341714e-01 0.00000000e+00 1.45434678e+00 0.00000000e+00 1.00000000e+00
8.57414968e-01 5.91760577e-01 5.00000000e-01 2.66682827e+00 7.54519235e-01 -8.59756616e-01 5.18549535e+00 -8.59756616e-01 5.18549535e+00 -8.59756616e-01 5.18549535e+00 7.41806506e-01 9.44468204e-01 7.41806506e-01 1.42855663e+00 0.00000000e+00 1.00000000e+00 7.41806506e-01 2.25018623e+00 0.00000000e+00 9.44468204e-01 0.00000000e+00 1.42855663e+00 0.00000000e+00 1.00000000e+00
3.74985416e-01 5.26661721e-01 5.00000000e-01 2.72430439e+00 7.20544149e-01 -3.88876036e+00 3.72293024e+00 -3.88876036e+00 3.72293024e+00 -3.88876036e+00 3.72293024e+00 7.12543150e-01 9.04547480e-01 7.12543150e-01 1.33326967e+00 0.00000000e+00 1.00000000e+00 7.12543150e-01 2.25018623e+00 0.00000000e+00 9.04547480e-01 0.00000000e+00 1.33326967e+00 0.00000000e+00 0.00000000e+00
5.49879656e-01 5.21084567e-01 5.00000000e-01 1.86545919e+00 1.22963393e+00 -9.47441105e-01 -2.00779921e-01 -9.47441105e-01 -2.00779921e-01 -9.47441105e-01 -2.00779921e-01 1.08821226e+00 1.35021376e+00 1.08821226e+00 1.32409928e+00 0.00000000e+00 1.00000000e+00 1.08821226e+00 2.25018623e+00 0.00000000e+00 1.35021376e+00 0.00000000e+00 1.32409928e+00 0.00000000e+00 1.00000000e+00
2.40666563e-01 4.57254650e-01 5.00000000e-01 1.83021484e+00 1.25218775e+00 3.90544251e-01 -1.53001096e-01 3.90544251e-01 -1.53001096e-01 3.90544251e-01 -1.53001096e-01 1.13564577e+00 1.47870479e+00 1.13564577e+00 1.71681333e+00 0.00000000e+00 1.00000000e+00 1.13564577e+00 2.76205964e+00 0.00000000e+00 1.47870479e+00 0.00000000e+00 1.71681333e+00 0.00000000e+00 1.00000000e+00
2.25735200e-01 5.98159659e-01 5.00000000e-01 2.80965232e+00 6.69219096e-01 4.55388704e+00 -3.82165952e+00 4.55388704e+00 -3.82165952e+00 4.55388704e+00 -3.82165952e+00 6.76254045e-01 8.69852339e-01 6.76254045e-01 1.43688988e+00 0.00000000e+00 1.00000000e+00 6.76254045e-01 2.25018623e+00 0.00000000e+00 8.69852339e-01 0.00000000e+00 1.43688988e+00 0.00000000e+00 1.00000000e+00
4.92882863e-01 4.82860552e-01 5.00000000e-01 3.39021007e+00 2.06348853e-01 3.66830233e+00 -6.72019197e-01 3.66830233e+00 -6.72019197e-01 3.66830233e+00 -6.72019197e-01 3.56501483e-01 5.67586792e-01 3.56501483e-01 1.71888881e+00 0.00000000e+00 1.00000000e+00 3.56501483e-01 2.71294753e+00 0.00000000e+00 5.67586792e-01 0.00000000e+00 1.71888881e+00 0.00000000e+00 1.00000000e+00
8.61500436e-01 5.18869521e-01 5.00000000e-01 2.68475548e+00 7.43963257e-01 -5.12186781e+00 -2.12085626e+00 -5.12186781e+00 -2.12085626e+00 -5.12186781e+00 -2.12085626e+00 7.30214546e-01 9.23980559e-01 7.30214546e-01 1.32040756e+00 0.00000000e+00 1.00000000e+00 7.30214546e-01 2.25018623e+00 0.00000000e+00 9.23980559e-01 0.00000000e+00 1.32040756e+00 0.00000000e+00 0.00000000e+00
5.82857157e-01 5.22820718e-01 5.00000000e-01 3.43344916e+00 1.30314995e-01 -4.09452321e-01 -6.05446743e-01 -4.09452321e-01 -6.05446743e-01 -4.09452321e-01 -6.05446743e-01 2.49507072e-01 4.00587374e-01 2.49507072e-01 1.32697302e+00 0.00000000e+00 1.00000000e+00 2.49507072e-01 2.25018623e+00 0.00000000e+00 4.00587374e-01 0.00000000e+00 1.32697302e+00 0.00000000e+00 1.00000000e+00
2.52197476e-01 6.26568277e-01 5.00000000e-01 2.11411249e+00 1.07671779e+00 1.23137801e+00 3.31568327e+00 1.23137801e+00 3.31568327e+00 1.23137801e+00 3.31568327e+00 9.85774285e-01 1.24011630e+00 9.85774285e-01 1.49872548e+00 0.00000000e+00 1.00000000e+00 9.85774285e-01 2.27693664e+00 0.00000000e+00 1.24011630e+00 0.00000000e+00 1.49872548e+00 0.00000000e+00 1.00000000e+00
2.66988385e-01 5.29385897e-01 5.00000000e-01 2.63882324e+00 7.70945543e-01 2.35910845e+00 5.01469635e+00 2.35910845e+00 5.01469635e+00 2.35910845e+00 5.01469635e+00 7.51180630e-01 9.48548662e-01 7.51180630e-01 1.33224987e+00 0.00000000e+00 1.00000000e+00 7.51180630e-01 2.24475092e+00 0.00000000e+00 9.48548662e-01 0.00000000e+00 1.33224987e+00 0.00000000e+00 1.00000000e+00
2.08444450e-02 5.37722631e-01 5.00000000e-01 3.38054687e+00 2.19942980e-01 -2.30988066e+00 3.29375640e+00 -2.30988066e+00 3.29375640e+00 -2.30988066e+00 3.29375640e+00 3.20509682e-01 4.75678862e-01 3.20509682e-01 1.35094480e+00 0.00000000e+00 1.00000000e+00 3.20509682e-01 2.25018623e+00 0.00000000e+00 4.75678862e-01 0.00000000e+00 1.35094480e+00 0.00000000e+00 0.00000000e+00
6.04135061e-01 5.67778711e-01 5.00000000e-01 2.91003460e+00 6.06917749e-01 -4.25071327e+00 4.25086166e+00 -4.25071327e+00 4.25086166e+00 -4.25071327e+00 4.25086166e+00 6.38154010e-01 8.44645461e-01 6.38154010e-01 1.55348571e+00 0.00000000e+00 1.00000000e+00 6.38154010e-01 2.40788445e+00 0.00000000e+00 8.44645461e-01 0.00000000e+00 1.55348571e+00 0.00000000e+00 1.00000000e+00
6.18030810e-01 5.61865805e-01 5.00000000e-01 3.23148141e+00 3.76025407e-01 5.79372293e+00 -1.29404630e+00 5.79372293e+00 -1.29404630e+00 5.79372293e+00 -1.29404630e+00 4.36835374e-01 5.90285545e-01 4.36835374e-01 1.29413971e+00 0.00000000e+00 1.00000000e+00 4.36835374e-01 2.15701283e+00 0.00000000e+00 5.90285545e-01 0.00000000e+00 1.29413971e+00 0.00000000e+00 1.00000000e+00
4.69233339e-01 4.90793743e-01 5.00000000e-01 2.78238060e+00 6.85754571e-01 5.67882688e+00 -2.29486068e+00 5.67882688e+00 -2.29486068e+00 5.67882688e+00 -2.29486068e+00 7.23692361e-01 9.85297449e-01 7.23692361e-01 1.79243099e+00 0.00000000e+00 1.00000000e+00 7.23692361e-01 2.77160067e+00 0.00000000e+00 9.85297449e-01 0.00000000e+00 1.79243099e+00 0.00000000e+00 1.00000000e+00
2.08444450e-02 5.61013145e-01 5.00000000e-01 3.37049808e+00 2.33303454e-01 6.55337038e-01 4.32703375e+00 6.55337038e-01 4.32703375e+00 6.55337038e-01 4.32703375e+00 3.32693433e-01 4.90562211e-01 3.32693433e-01 1.38607755e+00 0.00000000e+00 1.00000000e+00 3.32693433e-01 2.25018623e+00 0.00000000e+00 4.90562211e-01 0.00000000e+00 1.38607755e+00 0.00000000e+00 1.00000000e+00
5.72645381e-01 6.11367478e-01 5.00000000e-01 2.36378245e+00 9.30320244e-01 -6.12660595e-01 4.73086291e+00 -6.12660595e-01 4.73086291e+00 -6.12660595e-01 4.73086291e+00 8.75826427e-01 1.10307424e+00 8.75826427e-01 1.45357833e+00 0.00000000e+00 1.00000000e+00 8.75826427e-01 2.25018623e+00 0.00000000e+00 1.10307424e+00 0.00000000e+00 1.45357833e+00 0.00000000e+00 0.00000000e+00
3.07795657e-01 5.63206777e-01 5.00000000e-01 3.29369264e+00 3.18944339e-01 -1.09500579e+00 -5.51626909e+00 -1.09500579e+00 -5.51626909e+00 -1.09500579e+00 -5.51626909e+00 4.01794442e-01 5.66407634e-01 4.01794442e-01 1.40948139e+00 0.00000000e+00 1.00000000e+00 4.01794442e-01 2.27041831e+00 0.00000000e+00 5.66407634e-01 0.00000000e+00 1.40948139e+00 0.00000000e+00 1.00000000e+00
6.18952920e-01 6.71694138e-01 5.00000000e-01 3.00109484e+00 5.47732711e-01 -3.28668681e+00 5.20729483e+00 -3.28668681e+00 5.20729483e+00 -3.28668681e+00 5.20729483e+00 5.91833611e-01 7.91448362e-01 5.91833611e-01 1.60948738e+00 0.00000000e+00 1.00000000e+00 5.91833611e-01 2.33767801e+00 0.00000000e+00 7.91448362e-01 0.00000000e+00 1.60948738e+00 0.00000000e+00 1.00000000e+00
5.92911041e-01 6.21789143e-01 5.00000000e-01 3.32213504e+00 2.89827228e-01 -4.99334425e+00 -1.56511720e+00 -4.99334425e+00 -1.56511720e+00 -4.99334425e+00 -1.56511720e+00 3.62743655e-01 5.03854214e-01 3.62743655e-01 1.26887881e+00 0.00000000e+00 1.00000000e+00 3.62743655e-01 2.05278373e+00 0.00000000e+00 5.03854214e-01 0.00000000e+00 1.26887881e+00 0.00000000e+00 1.00000000e+00
3.68553184e-01 5.60295148e-01 5.00000000e-01 2.90998133e+00 6.06951528e-01 7.29962753e-01 -6.39167920e+00 7.29962753e-01 -6.39167920e+00 7.29962753e-01 -6.39167920e+00 6.25986099e-01 8.09613904e-01 6.25986099e-01 1.38503446e+00 0.00000000e+00 1.00000000e+00 6.25986099e-01 2.25018623e+00 0.00000000e+00 8.09613904e-01 0.00000000e+00 1.38503446e+00 0.00000000e+00 1.00000000e+00
6.07849961e-01 5.45589841e-01 5.00000000e-01 2.45199607e+00 8.79330569e-01 4.59657975e+00 2.74230548e+00 4.59657975e+00 2.74230548e+00 4.59657975e+00 2.74230548e+00 8.26568848e-01 1.01952731e+00 8.26568848e-01 1.22026593e+00 0.00000000e+00 1.00000000e+00 8.26568848e-01 2.10733354e+00 0.00000000e+00 1.01952731e+00 0.00000000e+00 1.22026593e+00 0.00000000e+00 1.00000000e+00
3.03936869e-01 5.73053565e-01 5.00000000e-01 3.20993527e+00 3.94246539e-01 4.12171200e+00 -4.78115922e+00 4.12171200e+00 -4.78115922e+00 4.12171200e+00 -4.78115922e+00 4.49079175e-01 6.00228021e-01 4.49079175e-01 1.27439989e+00 0.00000000e+00 1.00000000e+00 4.49079175e-01 2.12137441e+00 0.00000000e+00 6.00228021e-01 0.00000000e+00 1.27439989e+00 0.00000000e+00 1.00000000e+00
2.12041441e-01 4.40599410e-01 5.00000000e-01 1.93536080e+00 1.18562705e+00 2.38064322e+00 2.14457777e+00 2.38064322e+00 2.14457777e+00 2.38064322e+00 2.14457777e+00 1.08663896e+00 1.41374360e+00 1.08663896e+00 1.67496909e+00 0.00000000e+00 1.00000000e+00 1.08663896e+00 2.75632531e+00 0.00000000e+00 1.41374360e+00 0.00000000e+00 1.67496909e+00 0.00000000e+00 1.00000000e+00
2.90925319e-01 5.27296837e-01 5.00000000e-01 1.83473780e+00 1.24927879e+00 3.38781024e-01 2.52809584e+00 3.38781024e-01 2.52809584e+00 3.38781024e-01 2.52809584e+00 1.10213086e+00 1.36808712e+00 1.10213086e+00 1.33430281e+00 0.00000000e+00 1.00000000e+00 1.10213086e+00 2.25018623e+00 0.00000000e+00 1.36808712e+00 0.00000000e+00 1.33430281e+00 0.00000000e+00 1.00000000e+00
4.37047600e-01 5.38109085e-01 5.00000000e-01 3.16673007e+00 4.29009281e-01 2.66691646e+00 -5.95223927e+00 2.66691646e+00 -5.95223927e+00 2.66691646e+00 -5.95223927e+00 4.84945134e-01 6.51365092e-01 4.84945134e-01 1.35155038e+00 0.00000000e+00 1.00000000e+00 4.84945134e-01 2.25018623e+00 0.00000000e+00 6.51365092e-01 0.00000000e+00 1.35155038e+00 0.00000000e+00 1.00000000e+00
4.35234482e-01 6.08330543e-01 5.00000000e-01 3.42817200e+00 1.41694427e-01 2.54357765e+00 -1.78932711e+00 2.54357765e+00 -1.78932711e+00 2.54357765e+00 -1.78932711e+00 2.64974401e-01 4.23942536e-01 2.64974401e-01 1.44980058e+00 0.00000000e+00 1.00000000e+00 2.64974401e-01 2.25018623e+00 0.00000000e+00 4.23942536e-01 0.00000000e+00 1.44980058e+00 0.00000000e+00 1.00000000e+00
6.24972555e-01 5.47032498e-01 5.00000000e-01 3.42832271e+00 1.41381773e-01 3.14254234e+00 -9.00805685e-01 3.14254234e+00 -9.00805685e-01 3.14254234e+00 -9.00805685e-01 2.60139061e-01 4.13828313e-01 2.60139061e-01 1.36531631e+00 0.00000000e+00 1.00000000e+00 2.60139061e-01 2.25018623e+00 0.00000000e+00 4.13828313e-01 0.00000000e+00 1.36531631e+00 0.00000000e+00 1.00000000e+00
2.43306122e-01 5.84463499e-01 5.00000000e-01 2.00273996e+00 1.14402262e+00 -2.14250010e-01 -4.03762534e+00 -2.14250010e-01 -4.03762534e+00 -2.14250010e-01 -4.03762534e+00 1.03088584e+00 1.28712295e+00 1.03088584e+00 1.41884834e+00 0.00000000e+00 1.00000000e+00 1.03088584e+00 2.25018623e+00 0.00000000e+00 1.28712295e+00 0.00000000e+00 1.41884834e+00 0.00000000e+00 1.00000000e+00
2.23260961e-01 5.59845669e-01 5.00000000e-01 2.01624617e+00 1.13576941e+00 4.03619502e+00 -1.00941424e+00 4.03619502e+00 -1.00941424e+00 4.03619502e+00 -1.00941424e+00 1.02395613e+00 1.27614759e+00 1.02395613e+00 1.38438022e+00 0.00000000e+00 1.00000000e+00 1.02395613e+00 2.25018623e+00 0.00000000e+00 1.27614759e+00 0.00000000e+00 1.38438022e+00 0.00000000e+00 1.00000000e+00
6.20339875e-01 5.49375911e-01 5.00000000e-01 3.12826948e+00 4.58336724e-01 -4.66714065e+00 -4.73359845e+00 -4.66714065e+00 -4.73359845e+00 -4.66714065e+00 -4.73359845e+00 5.15168410e-01 6.95224746e-01 5.15168410e-01 1.44710565e+00 0.00000000e+00 1.00000000e+00 5.15168410e-01 2.32842819e+00 0.00000000e+00 6.95224746e-01 0.00000000e+00 1.44710565e+00 0.00000000e+00 1.00000000e+00
4.27816567e-01 6.04546523e-01 5.00000000e-01 3.01629096e+00 5.37528629e-01 2.59612006e+00 -6.34760803e+00 2.59612006e+00 -6.34760803e+00 2.59612006e+00 -6.34760803e+00 5.73912236e-01 7.55138227e-01 5.73912236e-01 1.44504427e+00 0.00000000e+00 1.00000000e+00 5.73912236e-01 2.25018623e+00 0.00000000e+00 7.55138227e-01 0.00000000e+00 1.44504427e+00 0.00000000e+00 1.00000000e+00
1.89179878e-01 5.66617834e-01 5.00000000e-01 3.05581939e+00 5.10446200e-01 1.68901428e+00 6.38908410e+00 1.68901428e+00 6.38908410e+00 1.68901428e+00 6.38908410e+00 5.29251700e-01 6.66781765e-01 5.29251700e-01 1.09110217e+00 0.00000000e+00 1.00000000e+00 5.29251700e-01 1.94715187e+00 0.00000000e+00 6.66781765e-01 0.00000000e+00 1.09110217e+00 0.00000000e+00 1.00000000e+00
1.78392700e-01 5.93564933e-01 5.00000000e-01 3.17212782e+00 4.24780401e-01 -4.91920521e+00 4.08739446e+00 -4.91920521e+00 4.08739446e+00 -4.91920521e+00 4.08739446e+00 4.68572201e-01 6.13973565e-01 4.68572201e-01 1.22508422e+00 0.00000000e+00 1.00000000e+00 4.68572201e-01 2.04434726e+00 0.00000000e+00 6.13973565e-01 0.00000000e+00 1.22508422e+00 0.00000000e+00 1.00000000e+00
6.04743225e-01 6.36577902e-01 5.00000000e-01 3.37622110e+00 2.25783147e-01 4.12985631e+00 2.99939530e+00 4.12985631e+00 2.99939530e+00 4.12985631e+00 2.99939530e+00 3.16466173e-01 4.61002630e-01 3.16466173e-01 1.32829899e+00 0.00000000e+00 1.00000000e+00 3.16466173e-01 2.09484325e+00 0.00000000e+00 4.61002630e-01 0.00000000e+00 1.32829899e+00 0.00000000e+00 1.00000000e+00
6.23346562e-01 5.46647814e-01 5.00000000e-01 2.48900643e+00 8.57949295e-01 -4.74069716e+00 3.27581298e+00 -4.74069716e+00 3.27581298e+00 -4.74069716e+00 3.27581298e+00 8.21993055e-01 1.04075223e+00 8.21993055e-01 1.41805278e+00 0.00000000e+00 1.00000000e+00 8.21993055e-01 2.30350768e+00 0.00000000e+00 1.04075223e+00 0.00000000e+00 1.41805278e+00 0.00000000e+00 1.00000000e+00
2.08444450e-02 5.64448597e-01 5.00000000e-01 3.44752114e+00 9.36305879e-02 -1.76918525e-01 1.48319075e+00 -1.76918525e-01 1.48319075e+00 -1.76918525e-01 1.48319075e+00 2.24771925e-01 3.79109153e-01 2.24771925e-01 1.39103482e+00 0.00000000e+00 1.00000000e+00 2.24771925e-01 2.25018623e+00 0.00000000e+00 3.79109153e-01 0.00000000e+00 1.39103482e+00 0.00000000e+00 0.00000000e+00
5.48314473e-01 6.23576464e-01 5.00000000e-01 2.66685829e+00 7.54501584e-01 5.53732627e+00 3.22628421e+00 5.53732627e+00 3.22628421e+00 5.53732627e+00 3.22628421e+00 7.23655748e-01 8.84838446e-01 7.23655748e-01 1.14428546e+00 0.00000000e+00 1.00000000e+00 7.23655748e-01 1.92605149e+00 0.00000000e+00 8.84838446e-01 0.00000000e+00 1.14428546e+00 0.00000000e+00 1.00000000e+00
2.71315050e-01 4.83442334e-01 5.00000000e-01 2.16174486e+00 1.04839330e+00 -1.03640732e-01 4.75031777e+00 -1.03640732e-01 4.75031777e+00 -1.03640732e-01 4.75031777e+00 9.69972722e-01 1.23209889e+00 9.69972722e-01 1.46729456e+00 0.00000000e+00 1.00000000e+00 9.69972722e-01 2.46024652e+00 0.00000000e+00 1.23209889e+00 0.00000000e+00 1.46729456e+00 0.00000000e+00 1.00000000e+00
2.02309449e-01 4.77595615e-01 5.00000000e-01 3.16735486e+00 4.28521323e-01 2.94489350e-01 -6.82514582e+00 2.94489350e-01 -6.82514582e+00 2.94489350e-01 -6.82514582e+00 5.42965430e-01 7.96111559e-01 5.42965430e-01 1.89626967e+00 0.00000000e+00 1.00000000e+00 5.42965430e-01 2.90045358e+00 0.00000000e+00 7.96111559e-01 0.00000000e+00 1.89626967e+00 0.00000000e+00 1.00000000e+00
2.16686228e-01 5.38183625e-01 5.00000000e-01 2.83050864e+00 6.56473400e-01 6.53758241e+00 1.87589948e+00 6.53758241e+00 1.87589948e+00 6.53758241e+00 1.87589948e+00 6.63442013e-01 8.49786784e-01 6.63442013e-01 1.35166710e+00 0.00000000e+00 1.00000000e+00 6.63442013e-01 2.25018623e+00 0.00000000e+00 8.49786784e-01 0.00000000e+00 1.35166710e+00 0.00000000e+00 1.00000000e+00
3.67300151e-01 6.12739704e-01 5.00000000e-01 3.16171400e+00 4.32912642e-01 -2.95054484e+00 5.91870292e+00 -2.95054484e+00 5.91870292e+00 -2.95054484e+00 5.91870292e+00 4.92317025e-01 6.65791551e-01 4.92317025e-01 1.45527388e+00 0.00000000e+00 1.00000000e+00 4.92317025e-01 2.25018623e+00 0.00000000e+00 6.65791551e-01 0.00000000e+00 1.45527388e+00 0.00000000e+00 1.00000000e+00
2.08444450e-02 6.04110458e-01 5.00000000e-01 3.32710679e+00 2.84477042e-01 -5.71589007e+00 1.08727421e+00 -5.71589007e+00 1.08727421e+00 -5.71589007e+00 1.08727421e+00 3.75520853e-01 5.39325449e-01 3.75520853e-01 1.44449261e+00 0.00000000e+00 1.00000000e+00 3.75520853e-01 2.25018623e+00 0.00000000e+00 5.39325449e-01 0.00000000e+00 1.44449261e+00 0.00000000e+00 1.00000000e+00
5.45404238e-01 5.90514807e-01 5.00000000e-01 2.56926679e+00 8.11477767e-01 -5.63761921e+00 -2.65511940e+00 -5.63761921e+00 -2.65511940e+00 -5.63761921e+00 -2.65511940e+00 7.85326917e-01 9.94829627e-01 7.85326917e-01 1.42691490e+00 0.00000000e+00 1.00000000e+00 7.85326917e-01 2.25018623e+00 0.00000000e+00 9.94829627e-01 0.00000000e+00 1.42691490e+00 0.00000000e+00 1.00000000e+00
2.76940580e-01 5.79198507e-01 5.00000000e-01 2.49447145e+00 8.54790728e-01 -1.14975738e+00 5.84974967e+00 -1.14975738e+00 5.84974967e+00 -1.14975738e+00 5.84974967e+00 7.97229235e-01 9.59910768e-01 7.97229235e-01 1.04448730e+00 0.00000000e+00 1.00000000e+00 7.97229235e-01 1.88297002e+00 0.00000000e+00 9.59910768e-01 0.00000000e+00 1.04448730e+00 0.00000000e+00 0.00000000e+00
6.85753118e-01 5.70191554e-01 5.00000000e-01 3.15618670e+00 4.37185153e-01 -7.59343610e-01 6.69406702e+00 -7.59343610e-01 6.69406702e+00 -7.59343610e-01 6.69406702e+00 4.93339925e-01 6.63439692e-01 4.93339925e-01 1.39919917e+00 0.00000000e+00 1.00000000e+00 4.93339925e-01 2.25018623e+00 0.00000000e+00 6.63439692e-01 0.00000000e+00 1.39919917e+00 0.00000000e+00 1.00000000e+00
5.34268971e-01 7.12609269e-01 5.00000000e-01 3.05631494e+00 5.10101316e-01 3.87135166e+00 5.77158747e+00 3.87135166e+00 5.77158747e+00 3.87135166e+00 5.77158747e+00 5.89753304e-01 8.29360477e-01 5.89753304e-01 1.92219435e+00 0.00000000e+00 1.00000000e+00 5.89753304e-01 2.61019159e+00 0.00000000e+00 8.29360477e-01 0.00000000e+00 1.92219435e+00 0.00000000e+00 1.00000000e+00
2.59714396e-01 4.62272910e-01 5.00000000e-01 2.64287574e+00 7.68572981e-01 -6.34326798e+00 -1.20949818e+00 -6.34326798e+00 -1.20949818e+00 -6.34326798e+00 -1.20949818e+00 7.45932227e-01 9.35205682e-01 7.45932227e-01 1.21536827e+00 0.00000000e+00 1.00000000e+00 7.45932227e-01 2.25018623e+00 0.00000000e+00 9.35205682e-01 0.00000000e+00 1.21536827e+00 0.00000000e+00 0.00000000e+00
6.15197058e-01 5.86630464e-01 5.00000000e-01 3.27944943e+00 3.32712688e-01 -4.45018702e+00 -4.69076688e+00 -4.45018702e+00 -4.69076688e+00 -4.45018702e+00 -4.69076688e+00 4.22467855e-01 6.01653297e-01 4.22467855e-01 1.53071472e+00 0.00000000e+00 1.00000000e+00 4.22467855e-01 2.35914633e+00 0.00000000e+00 6.01653297e-01 0.00000000e+00 1.53071472e+00 0.00000000e+00 1.00000000e+00
2.13111711e-01 4.35013947e-01 5.00000000e-01 3.44461803e+00 1.02259298e-01 -1.82354678e+00 -2.13438195e+00 -1.82354678e+00 -2.13438195e+00 -1.82354678e+00 -2.13438195e+00 3.15497069e-01 5.61589277e-01 3.15497069e-01 1.91713402e+00 0.00000000e+00 1.00000000e+00 3.15497069e-01 3.01114324e+00 0.00000000e+00 5.61589277e-01 0.00000000e+00 1.91713402e+00 0.00000000e+00 1.00000000e+00
3.05189291e-01 4.49347705e-01 5.00000000e-01 1.60689940e+00 1.40207807e+00 -2.37132590e+00 8.12774620e-01 -2.37132590e+00 8.12774620e-01 -2.37132590e+00 8.12774620e-01 1.21298353e+00 1.52290065e+00 1.21298353e+00 1.37188422e+00 0.00000000e+00 1.00000000e+00 1.21298353e+00 2.43397915e+00 0.00000000e+00 1.52290065e+00 0.00000000e+00 1.37188422e+00 0.00000000e+00 0.00000000e+00
3.23972673e-01 6.24348312e-01 5.00000000e-01 1.82649520e+00 1.25458336e+00 -1.72660848e+00 3.25763894e+00 -1.72660848e+00 3.25763894e+00 -1.72660848e+00 3.25763894e+00 1.11011491e+00 1.38813368e+00 1.11011491e+00 1.46934034e+00 0.00000000e+00 1.00000000e+00 1.11011491e+00 2.25018623e+00 0.00000000e+00 1.38813368e+00 0.00000000e+00 1.46934034e+00 0.00000000e+00 0.00000000e+00
5.12398556e-01 5.30731577e-01 5.00000000e-01 2.76262178e+00 6.97650911e-01 -1.14775304e+00 6.59791407e+00 -1.14775304e+00 6.59791407e+00 -1.14775304e+00 6.59791407e+00 7.26240111e-01 9.77742485e-01 7.26240111e-01 1.75441546e+00 0.00000000e+00 1.00000000e+00 7.26240111e-01 2.66475057e+00 0.00000000e+00 9.77742485e-01 0.00000000e+00 1.75441546e+00 0.00000000e+00 1.00000000e+00
5.43804387e-01 5.14817771e-01 5.00000000e-01 3.07421946e+00 4.97542829e-01 -1.43472258e+00 -7.01430642e+00 -1.43472258e+00 -7.01430642e+00 -1.43472258e+00 -7.01430642e+00 5.37485808e-01 7.06606609e-01 5.37485808e-01 1.31358029e+00 0.00000000e+00 1.00000000e+00 5.37485808e-01 2.25018623e+00 0.00000000e+00 7.06606609e-01 0.00000000e+00 1.31358029e+00 0.00000000e+00 1.00000000e+00
1.97184168e-01 6.63550706e-01 5.00000000e-01 3.29008050e+00 3.22482248e-01 4.60776456e+00 4.44606691e+00 4.60776456e+00 4.44606691e+00 4.60776456e+00 4.44606691e+00 5.13496666e-01 8.19662513e-01 5.13496666e-01 2.39141873e+00 0.00000000e+00 1.00000000e+00 5.13496666e-01 3.12816466e+00 0.00000000e+00 8.19662513e-01 0.00000000e+00 2.39141873e+00 0.00000000e+00 0.00000000e+00
2.84475512e-01 5.72240287e-01 5.00000000e-01 2.02569588e+00 1.13001103e+00 -3.00367468e-02 -4.93796817e+00 -3.00367468e-02 -4.93796817e+00 -3.00367468e-02 -4.93796817e+00 1.00403639e+00 1.21225132e+00 1.00403639e+00 1.11586415e+00 0.00000000e+00 1.00000000e+00 1.00403639e+00 1.96397514e+00 0.00000000e+00 1.21225132e+00 0.00000000e+00 1.11586415e+00 0.00000000e+00 1.00000000e+00
2.90240179e-01 6.11648686e-01 5.00000000e-01 3.02604343e+00 5.30921938e-01 5.78541679e+00 4.24803272e+00 5.78541679e+00 4.24803272e+00 5.78541679e+00 4.24803272e+00 5.75649810e-01 7.68287272e-01 5.75649810e-01 1.53690907e+00 0.00000000e+00 1.00000000e+00 5.75649810e-01 2.33316893e+00 0.00000000e+00 7.68287272e-01 0.00000000e+00 1.53690907e+00 0.00000000e+00 1.00000000e+00
5.55618677e-01 6.10091227e-01 5.00000000e-01 1.58699125e+00 1.41612805e+00 1.52839903e+00 -2.60400032e+00 1.52839903e+00 -2.60400032e+00 1.52839903e+00 -2.60400032e+00 1.21843831e+00 1.52162301e+00 1.21843831e+00 1.45199501e+00 0.00000000e+00 1.00000000e+00 1.21843831e+00 2.25018623e+00 0.00000000e+00 1.52162301e+00 0.00000000e+00 1.45199501e+00 0.00000000e+00 1.00000000e+00
5.00199769e-01 5.67845836e-01 5.00000000e-01 1.65336762e+00 1.36976569e+00 -2.30832889e+00 2.05089612e+00 -2.30832889e+00 2.05089612e+00 -2.30832889e+00 2.05089612e+00 1.18582364e+00 1.47647704e+00 1.18582364e+00 1.39588276e+00 0.00000000e+00 1.00000000e+00 1.18582364e+00 2.25018623e+00 0.00000000e+00 1.47647704e+00 0.00000000e+00 1.39588276e+00 0.00000000e+00 1.00000000e+00
2.08444450e-02 6.29485435e-01 5.00000000e-01 3.29130447e+00 3.21287069e-01 -6.42967022e+00 6.09918779e-01 -6.42967022e+00 6.09918779e-01 -6.42967022e+00 6.09918779e-01 4.05755008e-01 5.73444095e-01 4.05755008e-01 1.47541092e+00 0.00000000e+00 1.00000000e+00 4.05755008e-01 2.25018623e+00 0.00000000e+00 5.73444095e-01 0.00000000e+00 1.47541092e+00 0.00000000e+00 0.00000000e+00
4.61041664e-01 5.24269065e-01 5.00000000e-01 3.33385638e+00 2.77070382e-01 1.86916139e+00 -6.13730591e+00 1.86916139e+00 -6.13730591e+00 1.86916139e+00 -6.13730591e+00 3.64253580e-01 5.20433434e-01 3.64253580e-01 1.32935716e+00 0.00000000e+00 1.00000000e+00 3.64253580e-01 2.25018623e+00 0.00000000e+00 5.20433434e-01 0.00000000e+00 1.32935716e+00 0.00000000e+00 1.00000000e+00
3.06076055e-01 5.57923637e-01 5.00000000e-01 1.84016591e+00 1.24579344e+00 2.78676832e+00 -3.62700718e+00 2.78676832e+00 -3.62700718e+00 2.78676832e+00 -3.62700718e+00 1.10270395e+00 1.37587461e+00 1.10270395e+00 1.40490345e+00 0.00000000e+00 1.00000000e+00 1.10270395e+00 2.27351799e+00 0.00000000e+00 1.37587461e+00 0.00000000e+00 1.40490345e+00 0.00000000e+00 1.00000000e+00
4.80140541e-01 5.67650906e-01 5.00000000e-01 1.52969187e+00 1.45730746e+00 2.73256666e+00 -1.81737735e+00 2.73256666e+00 -1.81737735e+00 2.73256666e+00 -1.81737735e+00 1.24308457e+00 1.54812839e+00 1.24308457e+00 1.39560603e+00 0.00000000e+00 1.00000000e+00 1.24308457e+00 2.25018623e+00 0.00000000e+00 1.54812839e+00 0.00000000e+00 1.39560603e+00 0.00000000e+00 1.00000000e+00
1.47641076e-01 5.72708177e-01 5.00000000e-01 3.33859203e+00 2.71768562e-01 5.45900005e+00 3.46384593e+00 5.45900005e+00 3.46384593e+00 5.45900005e+00 3.46384593e+00 3.96128232e-01 5.98859699e-01 3.96128232e-01 1.71435082e+00 0.00000000e+00 1.00000000e+00 3.96128232e-01 2.56180762e+00 0.00000000e+00 5.98859699e-01 0.00000000e+00 1.71435082e+00 0.00000000e+00 1.00000000e+00
5.71503012e-01 5.68525361e-01 5.00000000e-01 1.56823366e+00 1.42948490e+00 -6.02452824e-01 -3.54727155e+00 -6.02452824e-01 -3.54727155e+00 -6.02452824e-01 -3.54727155e+00 1.22513344e+00 1.52569924e+00 1.22513344e+00 1.39684607e+00 0.00000000e+00 1.00000000e+00 1.22513344e+00 2.25018623e+00 0.00000000e+00 1.52569924e+00 0.00000000e+00 1.39684607e+00 0.00000000e+00 1.00000000e+00
6.19202377e-01 5.65857259e-01 5.00000000e-01 3.27165210e+00 3.40054283e-01 -1.76616248e+00 -6.88704179e+00 -1.76616248e+00 -6.88704179e+00 -1.76616248e+00 -6.88704179e+00 4.09142921e-01 5.61786176e-01 4.09142921e-01 1.30715551e+00 0.00000000e+00 1.00000000e+00 4.09142921e-01 2.16429024e+00 0.00000000e+00 5.61786176e-01 0.00000000e+00 1.30715551e+00 0.00000000e+00 1.00000000e+00
7.30640669e-01 5.76468545e-01 5.00000000e-01 2.16615775e+00 1.04578109e+00 -5.35549563e+00 -2.30984233e+00 -5.35549563e+00 -2.30984233e+00 -5.35549563e+00 -2.30984233e+00 9.59714683e-01 1.20010934e+00 9.59714683e-01 1.40795151e+00 0.00000000e+00 1.00000000e+00 9.59714683e-01 2.25018623e+00 0.00000000e+00 1.20010934e+00 0.00000000e+00 1.40795151e+00 0.00000000e+00 1.00000000e+00
2.24880784e-01 5.71494360e-01 5.00000000e-01 3.14388367e+00 4.46591772e-01 -6.12664402e+00 4.08193081e+00 -6.12664402e+00 4.08193081e+00 -6.12664402e+00 4.08193081e+00 5.02996854e-01 6.77397365e-01 5.02996854e-01 1.42754264e+00 0.00000000e+00 1.00000000e+00 5.02996854e-01 2.27669858e+00 0.00000000e+00 6.77397365e-01 0.00000000e+00 1.42754264e+00 0.00000000e+00 1.00000000e+00
1.94051928e-01 6.11944549e-01 5.00000000e-01 3.43871547e+00 1.17902256e-01 -3.32722157e+00 2.61418352e+00 -3.32722157e+00 2.61418352e+00 -3.32722157e+00 2.61418352e+00 2.30276043e-01 3.70286212e-01 2.30276043e-01 1.30033831e+00 0.00000000e+00 1.00000000e+00 2.30276043e-01 2.09623231e+00 0.00000000e+00 3.70286212e-01 0.00000000e+00 1.30033831e+00 0.00000000e+00 0.00000000e+00
6.14861546e-01 5.81224579e-01 5.00000000e-01 3.29401206e+00 3.18629905e-01 3.80145535e+00 5.85977260e+00 3.80145535e+00 5.85977260e+00 3.80145535e+00 5.85977260e+00 4.11370793e-01 5.89495033e-01 4.11370793e-01 1.52516394e+00 0.00000000e+00 1.00000000e+00 4.11370793e-01 2.36088306e+00 0.00000000e+00 5.89495033e-01 0.00000000e+00 1.52516394e+00 0.00000000e+00 1.00000000e+00
2.16609172e-01 7.49485960e-01 5.00000000e-01 2.32127690e+00 9.54960724e-01 6.03209138e+00 -2.86571366e+00 6.03209138e+00 -2.86571366e+00 6.03209138e+00 -2.86571366e+00 8.56424768e-01 9.87785034e-01 8.56424768e-01 8.11949957e-01 0.00000000e+00 1.00000000e+00 8.56424768e-01 1.46728402e+00 0.00000000e+00 9.87785034e-01 0.00000000e+00 8.11949957e-01 0.00000000e+00 1.00000000e+00
6.01931839e-01 5.91074588e-01 5.00000000e-01 1.30756436e+00 1.62929112e+00 1.71026938e+00 2.24827470e+00 1.71026938e+00 2.24827470e+00 1.71026938e+00 2.24827470e+00 1.33599027e+00 1.64135542e+00 1.33599027e+00 1.26163423e+00 0.00000000e+00 1.00000000e+00 1.33599027e+00 2.08416706e+00 0.00000000e+00 1.64135542e+00 0.00000000e+00 1.26163423e+00 0.00000000e+00 1.00000000e+00
7.22507040e-01 7.71263776e-01 5.00000000e-01 2.85855322e+00 6.39182509e-01 -9.98741076e-01 7.47720215e+00 -9.98741076e-01 7.47720215e+00 -9.98741076e-01 7.47720215e+00 6.59302645e-01 8.62117265e-01 6.59302645e-01 1.61274664e+00 0.00000000e+00 1.00000000e+00 6.59302645e-01 2.25018623e+00 0.00000000e+00 8.62117265e-01 0.00000000e+00 1.61274664e+00 0.00000000e+00 1.00000000e+00
1.63413200e-01 6.18397219e-01 5.00000000e-01 3.34540558e+00 2.63976389e-01 4.11056445e+00 5.31615297e+00 4.11056445e+00 5.31615297e+00 4.11056445e+00 5.31615297e+00 5.96167638e-01 1.03829551e+00 5.96167638e-01 3.08798257e+00 0.00000000e+00 1.00000000e+00 5.96167638e-01 3.87597822e+00 0.00000000e+00 1.03829551e+00 0.00000000e+00 3.08798257e+00 0.00000000e+00 1.00000000e+00
3.03039151e-01 6.04522154e-01 5.00000000e-01 1.91031718e+00 1.20128819e+00 -3.11370854e-01 5.45656319e+00 -3.11370854e-01 5.45656319e+00 -3.11370854e-01 5.45656319e+00 1.07219560e+00 1.33960152e+00 1.07219560e+00 1.44501346e+00 0.00000000e+00 1.00000000e+00 1.07219560e+00 2.25018623e+00 0.00000000e+00 1.33960152e+00 0.00000000e+00 1.44501346e+00 0.00000000e+00 0.00000000e+00
2.08444450e-02 5.80867453e-01 5.00000000e-01 3.46180751e+00 2.19810302e-02 -1.26586799e+00 -1.79730731e+00 -1.26586799e+00 -1.79730731e+00 -1.26586799e+00 -1.79730731e+00 1.71579519e-01 3.26639306e-01 1.71579519e-01 1.41398127e+00 0.00000000e+00 1.00000000e+00 1.71579519e-01 2.25018623e+00 0.00000000e+00 3.26639306e-01 0.00000000e+00 1.41398127e+00 0.00000000e+00 1.00000000e+00
2.57874704e-01 5.23555864e-01 5.00000000e-01 3.43847419e+00 1.18498651e-01 2.21217665e+00 -4.91535839e+00 2.21217665e+00 -4.91535839e+00 2.21217665e+00 -4.91535839e+00 2.40428679e-01 3.91338860e-01 2.40428679e-01 1.32818465e+00 0.00000000e+00 1.00000000e+00 2.40428679e-01 2.25018623e+00 0.00000000e+00 3.91338860e-01 0.00000000e+00 1.32818465e+00 0.00000000e+00 0.00000000e+00
2.50823062e-01 5.15435243e-01 5.00000000e-01 2.31257422e+00 9.60015046e-01 5.21145539e+00 -4.96393686e+00 5.21145539e+00 -4.96393686e+00 5.21145539e+00 -4.96393686e+00 8.96341400e-01 1.12372119e+00 8.96341400e-01 1.35750875e+00 0.00000000e+00 1.00000000e+00 8.96341400e-01 2.29306796e+00 0.00000000e+00 1.12372119e+00 0.00000000e+00 1.35750875e+00 0.00000000e+00 1.00000000e+00
5.31035502e-01 6.58756653e-01 5.00000000e-01 1.34182978e+00 1.60129325e+00 3.40901735e+00 2.20727871e+00 3.40901735e+00 2.20727871e+00 3.40901735e+00 2.20727871e+00 1.33795844e+00 1.67707139e+00 1.33795844e+00 1.50831106e+00 0.00000000e+00 1.00000000e+00 1.33795844e+00 2.25018623e+00 0.00000000e+00 1.67707139e+00 0.00000000e+00 1.50831106e+00 0.00000000e+00 1.00000000e+00
8.54022293e-01 6.14338863e-01 5.00000000e-01 7.23249519e-01 2.24809082e+00 2.39321337e+00 7.53881034e-02 2.39321337e+00 7.53881034e-02 2.39321337e+00 7.53881034e-02 1.65874033e+00 2.08644583e+00 1.65874033e+00 1.45724096e+00 0.00000000e+00 1.00000000e+00 1.65874033e+00 2.25018623e+00 0.00000000e+00 2.08644583e+00 0.00000000e+00 1.45724096e+00 0.00000000e+00 0.00000000e+00
1.71044771e-01 5.03872058e-01 5.00000000e-01 3.44719947e+00 9.46248381e-02 4.80642499e+00 -2.63290841e+00 4.80642499e+00 -2.63290841e+00 4.80642499e+00 -2.63290841e+00 2.20142909e-01 3.68589748e-01 2.20142909e-01 1.29464118e+00 0.00000000e+00 1.00000000e+00 2.20142909e-01 2.25018623e+00 0.00000000e+00 3.68589748e-01 0.00000000e+00 1.29464118e+00 0.00000000e+00 0.00000000e+00
4.19140567e-01 5.41127150e-01 5.00000000e-01 3.43806718e+00 1.19498096e-01 3.96939642e+00 4.51615558e+00 3.96939642e+00 4.51615558e+00 3.96939642e+00 4.51615558e+00 2.42734699e-01 3.95387039e-01 2.42734699e-01 1.35625262e+00 0.00000000e+00 1.00000000e+00 2.42734699e-01 2.25018623e+00 0.00000000e+00 3.95387039e-01 0.00000000e+00 1.35625262e+00 0.00000000e+00 0.00000000e+00
3.02929232e-01 5.42632429e-01 5.00000000e-01 2.38621678e+00 9.17339460e-01 2.39394296e+00 7.28857900e+00 2.39394296e+00 7.28857900e+00 2.39394296e+00 7.28857900e+00 8.60725507e-01 1.07265998e+00 8.60725507e-01 1.31539038e+00 0.00000000e+00 1.00000000e+00 8.60725507e-01 2.20699655e+00 0.00000000e+00 1.07265998e+00 0.00000000e+00 1.31539038e+00 0.00000000e+00 1.00000000e+00
5.47355322e-01 4.67241837e-01 5.00000000e-01 3.04945432e+00 5.14863704e-01 -8.71352364e+00 1.01048506e+00 -8.71352364e+00 1.01048506e+00 -8.71352364e+00 1.01048506e+00 5.74241400e-01 7.83862448e-01 5.74241400e-01 1.55211441e+00 0.00000000e+00 1.00000000e+00 5.74241400e-01 2.57680250e+00 0.00000000e+00 7.83862448e-01 0.00000000e+00 1.55211441e+00 0.00000000e+00 0.00000000e+00
4.81030267e-01 6.45381656e-01 5.00000000e-01 2.84308506e+00 6.48742039e-01 -3.15021413e+00 8.56079163e+00 -3.15021413e+00 8.56079163e+00 -3.15021413e+00 8.56079163e+00 7.03669972e-01 9.74073083e-01 7.03669972e-01 1.98570073e+00 0.00000000e+00 1.00000000e+00 7.03669972e-01 2.74226298e+00 0.00000000e+00 9.74073083e-01 0.00000000e+00 1.98570073e+00 0.00000000e+00 1.00000000e+00
1.98243252e-01 8.72966408e-01 5.00000000e-01 3.45854708e+00 -4.86683297e-02 -2.26114697e+00 1.24943445e+00 -2.26114697e+00 1.24943445e+00 -2.26114697e+00 1.24943445e+00 3.91031756e-02 1.18351478e-01 3.91031756e-02 8.26297777e-01 0.00000000e+00 1.00000000e+00 3.91031756e-02 1.39150408e+00 -0.00000000e+00 1.18351478e-01 0.00000000e+00 8.26297777e-01 0.00000000e+00 1.00000000e+00
5.12606021e-01 5.35774543e-01 5.00000000e-01 3.23550671e+00 3.72545513e-01 -7.57682746e+00 5.43386475e+00 -7.57682746e+00 5.43386475e+00 -7.57682746e+00 5.43386475e+00 4.80413809e-01 7.00348575e-01 4.80413809e-01 1.76193086e+00 0.00000000e+00 1.00000000e+00 4.80413809e-01 2.66423710e+00 0.00000000e+00 7.00348575e-01 0.00000000e+00 1.76193086e+00 0.00000000e+00 1.00000000e+00
2.98062716e-01 5.70917549e-01 5.00000000e-01 2.92310059e+00 -5.98606350e-01 8.53805154e-01 7.55792237e-01 8.53805154e-01 7.55792237e-01 8.53805154e-01 7.55792237e-01 -8.61160970e-01 -6.40263528e-01 -1.65979224e+00 -6.40263528e-01 1.00000000e+00 0.00000000e+00 -2.50975795e+00 -6.40263528e-01 -8.61160970e-01 -0.00000000e+00 -1.65979224e+00 0.00000000e+00 1.00000000e+00 0.00000000e+00
2.62635598e-01 5.72633890e-01 5.00000000e-01 3.19894405e+00 -4.03299149e-01 1.07600486e+00 8.52279520e-01 1.07600486e+00 8.52279520e-01 1.07600486e+00 8.52279520e-01 -6.34792120e-01 -4.66831011e-01 -1.40262563e+00 -4.66831011e-01 1.00000000e+00 0.00000000e+00 -2.25018623e+00 -4.66831011e-01 -6.34792120e-01 -0.00000000e+00 -1.40262563e+00 0.00000000e+00 0.00000000e+00 0.00000000e+00
2.08444450e-02 5.71073241e-01 5.00000000e-01 3.05510269e+00 -5.10944757e-01 -1.38536268e+00 1.02753689e+00 -1.38536268e+00 1.02753689e+00 -1.38536268e+00 1.02753689e+00 -7.27302735e-01 -5.51359905e-01 -1.40043924e+00 -5.51359905e-01 1.00000000e+00 0.00000000e+00 -2.25018623e+00 -5.51359905e-01 -7.27302735e-01 -0.00000000e+00 -1.40043924e+00 0.00000000e+00 1.00000000e+00 0.00000000e+00
7.66299071e-01 5.05370697e-01 5.00000000e-01 3.21055942e+00 -3.93727789e-01 4.76360905e-02 1.36310404e+00 4.76360905e-02 1.36310404e+00 4.76360905e-02 1.36310404e+00 -6.15428144e-01 -4.54851496e-01 -1.29727796e+00 -4.54851496e-01 1.00000000e+00 0.00000000e+00 -2.25018623e+00 -4.54851496e-01 -6.15428144e-01 -0.00000000e+00 -1.29727796e+00 0.00000000e+00 1.00000000e+00 0.00000000e+00
2.92228765e-01 5.24168953e-01 5.00000000e-01 3.18731651e+00 -4.12713962e-01 -1.90483666e-01 -1.29324596e+00 -1.90483666e-01 -1.29324596e+00 -1.90483666e-01 -1.29324596e+00 -6.52129678e-01 -4.77898288e-01 -1.40882198e+00 -4.77898288e-01 1.00000000e+00 0.00000000e+00 -2.32981546e+00 -4.77898288e-01 -6.52129678e-01 -0.00000000e+00 -1.40882198e+00 0.00000000e+00 0.00000000e+00 0.00000000e+00
2.08444450e-02 5.55053406e-01 5.00000000e-01 3.04098900e+00 -5.20703932e-01 2.46290951e+00 -3.85626193e-02 2.46290951e+00 -3.85626193e-02 2.46290951e+00 -3.85626193e-02 -7.33368634e-01 -5.58138211e-01 -1.37734444e+00 -5.58138211e-01 1.00000000e+00 0.00000000e+00 -2.25018623e+00 -5.58138211e-01 -7.33368634e-01 -0.00000000e+00 -1.37734444e+00 0.00000000e+00 1.00000000e+00 0.00000000e+00
5.22411501e-01 6.03579657e-01 5.00000000e-01 3.17421860e+00 -4.23134234e-01 1.43096825e+00 2.10561526e+00 1.43096825e+00 2.10561526e+00 1.43096825e+00 2.10561526e+00 -5.79271433e-01 -4.54531807e-01 -1.05410601e+00 -4.54531807e-01 1.00000000e+00 0.00000000e+00 -1.86047215e+00 -4.54531807e-01 -5.79271433e-01 -0.00000000e+00 -1.05410601e+00 0.00000000e+00 1.00000000e+00 0.00000000e+00
2.08444450e-02 5.02018095e-01 5.00000000e-01 3.12253921e+00 -4.62595967e-01 -1.52974316e+00 -1.58490213e+00 -1.52974316e+00 -1.58490213e+00 -1.52974316e+00 -1.58490213e+00 -6.74022272e-01 -5.09047701e-01 -1.29135959e+00 -5.09047701e-01 1.00000000e+00 0.00000000e+00 -2.25018623e+00 -5.09047701e-01 -6.74022272e-01 -0.00000000e+00 -1.29135959e+00 0.00000000e+00 0.00000000e+00 0.00000000e+00
6.24825034e-01 5.57570414e-01 5.00000000e-01 2.87516625e+00 -6.28849435e-01 -7.84491287e-01 2.17773452e+00 -7.84491287e-01 2.17773452e+00 -7.84491287e-01 2.17773452e+00 -8.35837353e-01 -6.45429819e-01 -1.41645443e+00 -6.45429819e-01 1.00000000e+00 0.00000000e+00 -2.28558705e+00 -6.45429819e-01 -8.35837353e-01 -0.00000000e+00 -1.41645443e+00 0.00000000e+00 1.00000000e+00 0.00000000e+00
1.12622756e-01 5.49396771e-01 5.00000000e-01 2.80108775e+00 -6.74427284e-01 -7.25735424e-01 -1.43449027e+00 -7.25735424e-01 -1.43449027e+00 -7.25735424e-01 -1.43449027e+00 -1.29760865e+00 -8.45757612e-01 -2.88183607e+00 -8.45757612e-01 1.00000000e+00 0.00000000e+00 -3.76312716e+00 -8.45757612e-01 -1.29760865e+00 -0.00000000e+00 -2.88183607e+00 0.00000000e+00 1.00000000e+00 0.00000000e+00
3.02809671e-01 5.91412543e-01 5.00000000e-01 3.24801464e+00 -3.61565818e-01 -1.46696951e+00 -9.94479884e-01 -1.46696951e+00 -9.94479884e-01 -1.46696951e+00 -9.94479884e-01 -6.48515805e-01 -4.54234547e-01 -1.63067322e+00 -4.54234547e-01 1.00000000e+00 0.00000000e+00 -2.45276083e+00 -4.54234547e-01 -6.48515805e-01 -0.00000000e+00 -1.63067322e+00 0.00000000e+00 0.00000000e+00 0.00000000e+00
3.35042976e-01 6.24373091e-01 5.00000000e-01 2.92416897e+00 -5.97924347e-01 1.65183449e+00 2.69585077e+00 1.65183449e+00 2.69585077e+00 1.65183449e+00 2.69585077e+00 -8.10513258e-01 -6.21989966e-01 -1.46936984e+00 -6.21989966e-01 1.00000000e+00 0.00000000e+00 -2.25018623e+00 -6.21989966e-01 -8.10513258e-01 -0.00000000e+00 -1.46936984e+00 0.00000000e+00 1.00000000e+00 0.00000000e+00
2.35180912e-01 5.52148245e-01 5.00000000e-01 2.72722584e+00 -7.18806227e-01 1.98768075e+00 1.39856256e+00 1.98768075e+00 1.39856256e+00 1.98768075e+00 1.39856256e+00 -9.65826297e-01 -7.31724871e-01 -1.64240951e+00 -7.31724871e-01 1.00000000e+00 0.00000000e+00 -2.51957094e+00 -7.31724871e-01 -9.65826297e-01 -0.00000000e+00 -1.64240951e+00 0.00000000e+00 1.00000000e+00 0.00000000e+00
5.93295609e-01 5.31923822e-01 5.00000000e-01 3.25658276e+00 -3.53889798e-01 -5.98595377e-01 2.44490055e+00 -5.98595377e-01 2.44490055e+00 -5.98595377e-01 2.44490055e+00 -5.86259884e-01 -4.25300853e-01 -1.34176179e+00 -4.25300853e-01 1.00000000e+00 0.00000000e+00 -2.25018623e+00 -4.25300853e-01 -5.86259884e-01 -0.00000000e+00 -1.34176179e+00 0.00000000e+00 1.00000000e+00 0.00000000e+00
2.05796052e-01 5.00218431e-01 5.00000000e-01 3.20247896e+00 -4.00404465e-01 9.50832686e-01 3.07671660e+00 9.50832686e-01 3.07671660e+00 9.50832686e-01 3.07671660e+00 -6.75983428e-01 -4.82038168e-01 -1.53931981e+00 -4.82038168e-01 1.00000000e+00 0.00000000e+00 -2.50135287e+00 -4.82038168e-01 -6.75983428e-01 -0.00000000e+00 -1.53931981e+00 0.00000000e+00 1.00000000e+00 0.00000000e+00
2.08444450e-02 5.25700106e-01 5.00000000e-01 3.24477368e+00 -3.64435776e-01 2.04982819e+00 -1.72778060e+00 2.04982819e+00 -1.72778060e+00 2.04982819e+00 -1.72778060e+00 -5.94123646e-01 -4.33179557e-01 -1.33170111e+00 -4.33179557e-01 1.00000000e+00 0.00000000e+00 -2.25018623e+00 -4.33179557e-01 -5.94123646e-01 -0.00000000e+00 -1.33170111e+00 0.00000000e+00 1.00000000e+00 0.00000000e+00
2.08444450e-02 7.02432329e-01 5.00000000e-01 2.72791436e+00 -7.18396465e-01 -1.96701682e+00 1.13751341e+00 -1.96701682e+00 1.13751341e+00 -1.96701682e+00 1.13751341e+00 -9.25546170e-01 -7.18211488e-01 -1.55260425e+00 -7.18211488e-01 1.00000000e+00 0.00000000e+00 -2.25018623e+00 -7.18211488e-01 -9.25546170e-01 -0.00000000e+00 -1.55260425e+00 0.00000000e+00 0.00000000e+00 0.00000000e+00
2.61724679e-01 7.11843175e-01 5.00000000e-01 2.77454130e+00 -6.90482439e-01 2.15930219e+00 -1.76643524e+00 2.15930219e+00 -1.76643524e+00 2.15930219e+00 -1.76643524e+00 -8.07256599e-01 -6.67024483e-01 -1.07367587e+00 -6.67024483e-01 1.00000000e+00 0.00000000e+00 -1.76238561e+00 -6.67024483e-01 -8.07256599e-01 -0.00000000e+00 -1.07367587e+00 0.00000000e+00 1.00000000e+00 0.00000000e+00
5.16886499e-01 4.97054201e-01 5.00000000e-01 2.81677012e+00 -6.64879499e-01 9.77444290e-01 -2.64769704e+00 9.77444290e-01 -2.64769704e+00 9.77444290e-01 -2.64769704e+00 -8.50167116e-01 -6.67676805e-01 -1.28246489e+00 -6.67676805e-01 1.00000000e+00 0.00000000e+00 -2.25018623e+00 -6.67676805e-01 -8.50167116e-01 -0.00000000e+00 -1.28246489e+00 0.00000000e+00 1.00000000e+00 0.00000000e+00
2.08444450e-02 4.86186031e-01 5.00000000e-01 3.05006892e+00 -5.14438155e-01 3.75536412e+00 1.00415225e-01 3.75536412e+00 1.00415225e-01 3.75536412e+00 1.00415225e-01 -7.16059806e-01 -5.48894874e-01 -1.26242176e+00 -5.48894874e-01 1.00000000e+00 0.00000000e+00 -2.25018623e+00 -5.48894874e-01 -7.16059806e-01 -0.00000000e+00 -1.26242176e+00 0.00000000e+00 1.00000000e+00 0.00000000e+00
4.86300693e-01 6.08293027e-01 5.00000000e-01 2.95391656e+00 -5.78779925e-01 -6.88415783e-01 3.50862660e+00 -6.88415783e-01 3.50862660e+00 -6.88415783e-01 3.50862660e+00 -7.00629664e-01 -5.75189570e-01 -9.70726625e-01 -5.75189570e-01 1.00000000e+00 0.00000000e+00 -1.77115916e+00 -5.75189570e-01 -7.00629664e-01 -0.00000000e+00 -9.70726625e-01 0.00000000e+00 1.00000000e+00 0.00000000e+00
2.61578062e-01 6.53006593e-01 5.00000000e-01 3.24831351e+00 -3.61300254e-01 2.80019604e+00 1.76645710e+00 2.80019604e+00 1.76645710e+00 2.80019604e+00 1.76645710e+00 -5.22337676e-01 -4.02924141e-01 -1.06507010e+00 -4.02924141e-01 1.00000000e+00 0.00000000e+00 -1.81319040e+00 -4.02924141e-01 -5.22337676e-01 -0.00000000e+00 -1.06507010e+00 0.00000000e+00 1.00000000e+00 0.00000000e+00
2.08444450e-02 5.36884685e-01 5.00000000e-01 3.06913797e+00 -5.01126730e-01 -3.04988191e+00 1.77279815e+00 -3.04988191e+00 1.77279815e+00 -3.04988191e+00 1.77279815e+00 -7.13457599e-01 -5.41686822e-01 -1.34962899e+00 -5.41686822e-01 1.00000000e+00 0.00000000e+00 -2.25018623e+00 -5.41686822e-01 -7.13457599e-01 -0.00000000e+00 -1.34962899e+00 0.00000000e+00 0.00000000e+00 0.00000000e+00
5.31907529e-01 5.82385612e-01 5.00000000e-01 3.28901825e+00 -3.23516517e-01 -2.29148596e+00 4.37813179e-01 -2.29148596e+00 4.37813179e-01 -2.29148596e+00 4.37813179e-01 -5.68731473e-01 -4.04748151e-01 -1.41604278e+00 -4.04748151e-01 1.00000000e+00 0.00000000e+00 -2.25018623e+00 -4.04748151e-01 -5.68731473e-01 -0.00000000e+00 -1.41604278e+00 0.00000000e+00 0.00000000e+00 0.00000000e+00
3.01660945e-01 4.52602648e-01 5.00000000e-01 2.60720735e+00 -7.89409762e-01 -1.76077527e+00 5.08665901e-02 -1.76077527e+00 5.08665901e-02 -1.76077527e+00 5.08665901e-02 -9.92394287e-01 -7.73784864e-01 -1.39194202e+00 -7.73784864e-01 1.00000000e+00 0.00000000e+00 -2.44703815e+00 -7.73784864e-01 -9.92394287e-01 -0.00000000e+00 -1.39194202e+00 0.00000000e+00 1.00000000e+00 0.00000000e+00
3.09954829e-01 5.05642396e-01 5.00000000e-01 3.15682270e+00 -4.36695036e-01 -3.16073042e+00 1.31644282e+00 -3.16073042e+00 1.31644282e+00 -3.16073042e+00 1.31644282e+00 -6.78140326e-01 -4.98824365e-01 -1.41826658e+00 -4.98824365e-01 1.00000000e+00 0.00000000e+00 -2.37069832e+00 -4.98824365e-01 -6.78140326e-01 -0.00000000e+00 -1.41826658e+00 0.00000000e+00 1.00000000e+00 0.00000000e+00
2.69406047e-01 6.45896148e-01 5.00000000e-01 3.03939370e+00 -5.21800183e-01 2.60285604e+00 -2.69847992e+00 2.60285604e+00 -2.69847992e+00 2.60285604e+00 -2.69847992e+00 -6.72787427e-01 -5.36980562e-01 -1.11941734e+00 -5.36980562e-01 1.00000000e+00 0.00000000e+00 -1.87540411e+00 -5.36980562e-01 -6.72787427e-01 -0.00000000e+00 -1.11941734e+00 0.00000000e+00 1.00000000e+00 0.00000000e+00
6.58550535e-01 4.81635173e-01 5.00000000e-01 3.24228946e+00 -3.66623590e-01 -2.75290327e+00 -8.80936953e-01 -2.75290327e+00 -8.80936953e-01 -2.75290327e+00 -8.80936953e-01 -5.87753966e-01 -4.31582061e-01 -1.25378861e+00 -4.31582061e-01 1.00000000e+00 0.00000000e+00 -2.25018623e+00 -4.31582061e-01 -5.87753966e-01 -0.00000000e+00 -1.25378861e+00 0.00000000e+00 1.00000000e+00 0.00000000e+00
2.08444450e-02 6.39292827e-01 5.00000000e-01 3.08896325e+00 -4.87051337e-01 -3.52788499e+00 5.31453340e-01 -3.52788499e+00 5.31453340e-01 -3.52788499e+00 5.31453340e-01 -7.15783609e-01 -5.36040762e-01 -1.48674763e+00 -5.36040762e-01 1.00000000e+00 0.00000000e+00 -2.25018623e+00 -5.36040762e-01 -7.15783609e-01 -0.00000000e+00 -1.48674763e+00 0.00000000e+00 1.00000000e+00 0.00000000e+00
2.08444450e-02 5.09641017e-01 5.00000000e-01 2.46566712e+00 -8.71433935e-01 3.73876428e-02 1.06334350e-01 3.73876428e-02 1.06334350e-01 3.73876428e-02 1.06334350e-01 -1.03537630e+00 -8.27110175e-01 -1.30471463e+00 -8.27110175e-01 1.00000000e+00 0.00000000e+00 -2.25018623e+00 -8.27110175e-01 -1.03537630e+00 -0.00000000e+00 -1.30471463e+00 0.00000000e+00 0.00000000e+00 0.00000000e+00
4.82226763e-01 4.83582837e-01 5.00000000e-01 3.32391692e+00 -2.87919621e-01 5.64843361e-01 -1.99405290e+00 5.64843361e-01 -1.99405290e+00 5.64843361e-01 -1.99405290e+00 -5.21714289e-01 -3.69482818e-01 -1.25750119e+00 -3.69482818e-01 1.00000000e+00 0.00000000e+00 -2.25018623e+00 -3.69482818e-01 -5.21714289e-01 -0.00000000e+00 -1.25750119e+00 0.00000000e+00 1.00000000e+00 0.00000000e+00
5.34651155e-01 5.54407958e-01 5.00000000e-01 2.84727358e+00 -6.46159100e-01 -2.87443559e-01 -3.25362470e+00 -2.87443559e-01 -3.25362470e+00 -2.87443559e-01 -3.25362470e+00 -8.43231294e-01 -6.56256723e-01 -1.37638832e+00 -6.56256723e-01 1.00000000e+00 0.00000000e+00 -2.25018623e+00 -6.56256723e-01 -8.43231294e-01 -0.00000000e+00 -1.37638832e+00 0.00000000e+00 1.00000000e+00 0.00000000e+00
2.08444450e-02 6.58257720e-01 5.00000000e-01 2.85873107e+00 -6.39072255e-01 -3.24442929e+00 8.79236400e-01 -3.24442929e+00 8.79236400e-01 -3.24442929e+00 8.79236400e-01 -8.50738972e-01 -6.55373172e-01 -1.50777322e+00 -6.55373172e-01 1.00000000e+00 0.00000000e+00 -2.25018623e+00 -6.55373172e-01 -8.50738972e-01 -0.00000000e+00 -1.50777322e+00 0.00000000e+00 1.00000000e+00 0.00000000e+00
1.97894998e-01 5.31314021e-01 5.00000000e-01 2.97871558e+00 -5.62573093e-01 3.29315810e+00 -2.10360586e+00 3.29315810e+00 -2.10360586e+00 3.29315810e+00 -2.10360586e+00 -8.84705496e-01 -6.33362709e-01 -1.85216862e+00 -6.33362709e-01 1.00000000e+00 0.00000000e+00 -2.76156934e+00 -6.33362709e-01 -8.84705496e-01 -0.00000000e+00 -1.85216862e+00 0.00000000e+00 1.00000000e+00 0.00000000e+00
5.20201463e-01 5.40650231e-01 5.00000000e-01 2.52450136e+00 -8.37423042e-01 -8.21510559e-01 1.42674810e+00 -8.21510559e-01 1.42674810e+00 -8.21510559e-01 1.42674810e+00 -1.01044801e+00 -8.02855984e-01 -1.35551275e+00 -8.02855984e-01 1.00000000e+00 0.00000000e+00 -2.25018623e+00 -8.02855984e-01 -1.01044801e+00 -0.00000000e+00 -1.35551275e+00 0.00000000e+00 1.00000000e+00 0.00000000e+00
3.47997367e-01 5.34274841e-01 5.00000000e-01 2.57650446e+00 -8.07274439e-01 -3.87812922e-01 -1.84634937e+00 -3.87812922e-01 -1.84634937e+00 -3.87812922e-01 -1.84634937e+00 -9.82677667e-01 -7.79583274e-01 -1.34550674e+00 -7.79583274e-01 1.00000000e+00 0.00000000e+00 -2.25018623e+00 -7.79583274e-01 -9.82677667e-01 -0.00000000e+00 -1.34550674e+00 0.00000000e+00 1.00000000e+00 0.00000000e+00
2.00149990e-01 6.25326902e-01 5.00000000e-01 3.34175598e+00 -2.68175063e-01 3.56556985e-01 2.19592912e+00 3.56556985e-01 2.19592912e+00 3.56556985e-01 2.19592912e+00 -7.58216860e-01 -4.66345073e-01 -2.30847274e+00 -4.66345073e-01 1.00000000e+00 0.00000000e+00 -3.08815506e+00 -4.66345073e-01 -7.58216860e-01 -0.00000000e+00 -2.30847274e+00 0.00000000e+00 0.00000000e+00 0.00000000e+00
2.08444450e-02 5.58969457e-01 5.00000000e-01 3.10260031e+00 -4.77217498e-01 3.35661531e+00 -2.34039101e+00 3.35661531e+00 -2.34039101e+00 3.35661531e+00 -2.34039101e+00 -6.96240234e-01 -5.24179005e-01 -1.38310206e+00 -5.24179005e-01 1.00000000e+00 0.00000000e+00 -2.25018623e+00 -5.24179005e-01 -6.96240234e-01 -0.00000000e+00 -1.38310206e+00 0.00000000e+00 0.00000000e+00 0.00000000e+00
3.54572975e-01 5.52999564e-01 5.00000000e-01 2.81207422e+00 -6.67743664e-01 1.61935857e+00 3.54181812e+00 1.61935857e+00 3.54181812e+00 1.61935857e+00 3.54181812e+00 -8.62059757e-01 -6.72971843e-01 -1.37429492e+00 -6.72971843e-01 1.00000000e+00 0.00000000e+00 -2.25018623e+00 -6.72971843e-01 -8.62059757e-01 -0.00000000e+00 -1.37429492e+00 0.00000000e+00 0.00000000e+00 0.00000000e+00
1.83396779e-01 6.41365071e-01 5.00000000e-01 3.08945255e+00 -4.86700712e-01 -1.60291451e+00 -3.45669887e+00 -1.60291451e+00 -3.45669887e+00 -1.60291451e+00 -3.45669887e+00 -9.37559272e-01 -6.24782690e-01 -2.33719642e+00 -6.24782690e-01 1.00000000e+00 0.00000000e+00 -3.09828107e+00 -6.24782690e-01 -9.37559272e-01 -0.00000000e+00 -2.33719642e+00 0.00000000e+00 1.00000000e+00 0.00000000e+00
6.02556873e-01 5.54736531e-01 5.00000000e-01 2.98386085e+00 -5.59179932e-01 1.08899773e+00 4.19298896e+00 1.08899773e+00 4.19298896e+00 1.08899773e+00 4.19298896e+00 -7.66888438e-01 -5.88312317e-01 -1.37687530e+00 -5.88312317e-01 1.00000000e+00 0.00000000e+00 -2.25018623e+00 -5.88312317e-01 -7.66888438e-01 -0.00000000e+00 -1.37687530e+00 0.00000000e+00 0.00000000e+00 0.00000000e+00
3.07760155e-01 5.63755557e-01 5.00000000e-01 3.34616993e+00 -2.63089536e-01 -2.00864533e+00 2.92616851e-01 -2.00864533e+00 2.92616851e-01 -2.00864533e+00 2.92616851e-01 -5.15531630e-01 -3.56174204e-01 -1.39003924e+00 -3.56174204e-01 1.00000000e+00 0.00000000e+00 -2.25018623e+00 -3.56174204e-01 -5.15531630e-01 -0.00000000e+00 -1.39003924e+00 0.00000000e+00 1.00000000e+00 0.00000000e+00
6.43325653e-01 5.66075215e-01 5.00000000e-01 3.20276643e+00 -4.00168373e-01 3.30583433e+00 -2.28422195e+00 3.30583433e+00 -2.28422195e+00 3.30583433e+00 -2.28422195e+00 -6.31126076e-01 -4.63974371e-01 -1.39336271e+00 -4.63974371e-01 1.00000000e+00 0.00000000e+00 -2.25018623e+00 -4.63974371e-01 -6.31126076e-01 -0.00000000e+00 -1.39336271e+00 0.00000000e+00 1.00000000e+00 0.00000000e+00
2.33150199e-01 6.36650958e-01 5.00000000e-01 2.65251428e+00 -7.62924203e-01 -2.13774580e+00 2.25156377e+00 -2.13774580e+00 2.25156377e+00 -2.13774580e+00 2.25156377e+00 -9.61960468e-01 -7.51395238e-01 -1.50387425e+00 -7.51395238e-01 1.00000000e+00 0.00000000e+00 -2.27033461e+00 -7.51395238e-01 -9.61960468e-01 -0.00000000e+00 -1.50387425e+00 0.00000000e+00 1.00000000e+00 0.00000000e+00
1.12578210e-01 6.61041493e-01 5.00000000e-01 3.19240374e+00 -4.08614565e-01 1.74842561e+00 3.94800027e+00 1.74842561e+00 3.94800027e+00 1.74842561e+00 3.94800027e+00 -6.51084457e-01 -4.75658465e-01 -1.51076435e+00 -4.75658465e-01 1.00000000e+00 0.00000000e+00 -2.25018623e+00 -4.75658465e-01 -6.51084457e-01 -0.00000000e+00 -1.51076435e+00 0.00000000e+00 1.00000000e+00 0.00000000e+00
6.68737055e-01 5.27338255e-01 5.00000000e-01 3.17687532e+00 -4.21035788e-01 -3.49498167e+00 -1.56790263e+00 -3.49498167e+00 -1.56790263e+00 -3.49498167e+00 -1.56790263e+00 -6.42710207e-01 -4.77952217e-01 -1.33437011e+00 -4.77952217e-01 1.00000000e+00 0.00000000e+00 -2.25018623e+00 -4.77952217e-01 -6.42710207e-01 -0.00000000e+00 -1.33437011e+00 0.00000000e+00 1.00000000e+00 0.00000000e+00
2.15457472e-01 7.72996852e-01 5.00000000e-01 3.35190875e+00 -2.56343974e-01 2.46231165e+00 -4.72017987e-01 2.46231165e+00 -4.72017987e-01 2.46231165e+00 -4.72017987e-01 -4.07961074e-01 -3.06864626e-01 -9.85596347e-01 -3.06864626e-01 1.00000000e+00 0.00000000e+00 -1.62165314e+00 -3.06864626e-01 -4.07961074e-01 -0.00000000e+00 -9.85596347e-01 0.00000000e+00 1.00000000e+00 0.00000000e+00
1.80445209e-01 5.10947041e-01 5.00000000e-01 3.26370830e+00 -3.47403182e-01 3.50724981e+00 -1.63042753e+00 3.50724981e+00 -1.63042753e+00 3.50724981e+00 -1.63042753e+00 -6.18784709e-01 -4.35878087e-01 -1.49432996e+00 -4.35878087e-01 1.00000000e+00 0.00000000e+00 -2.43754957e+00 -4.35878087e-01 -6.18784709e-01 -0.00000000e+00 -1.49432996e+00 0.00000000e+00 1.00000000e+00 0.00000000e+00
2.31877640e-01 5.53972348e-01 5.00000000e-01 3.32143604e+00 -2.90572588e-01 2.76111027e+00 1.99738781e+00 2.76111027e+00 1.99738781e+00 2.76111027e+00 1.99738781e+00 -5.30412996e-01 -3.74331220e-01 -1.34669580e+00 -3.74331220e-01 1.00000000e+00 0.00000000e+00 -2.22114015e+00 -3.74331220e-01 -5.30412996e-01 -0.00000000e+00 -1.34669580e+00 0.00000000e+00 1.00000000e+00 0.00000000e+00
1.19292827e-01 7.30686234e-01 5.00000000e-01 3.23471549e+00 -3.73231521e-01 6.54953425e-02 4.25239030e+00 6.54953425e-02 4.25239030e+00 6.54953425e-02 4.25239030e+00 -8.47365770e-01 -5.44049138e-01 -2.38652961e+00 -5.44049138e-01 1.00000000e+00 0.00000000e+00 -3.05812497e+00 -5.44049138e-01 -8.47365770e-01 -0.00000000e+00 -2.38652961e+00 0.00000000e+00 1.00000000e+00 0.00000000e+00
8.54041019e-01 6.19071881e-01 5.00000000e-01 3.08237292e+00 -4.91758379e-01 -3.31187925e+00 2.94912345e+00 -3.31187925e+00 2.94912345e+00 -3.31187925e+00 2.94912345e+00 -7.17304782e-01 -5.38771921e-01 -1.46300756e+00 -5.38771921e-01 1.00000000e+00 0.00000000e+00 -2.25018623e+00 -5.38771921e-01 -7.17304782e-01 -0.00000000e+00 -1.46300756e+00 0.00000000e+00 0.00000000e+00 0.00000000e+00
7.67033626e-01 7.30009665e-01 5.00000000e-01 3.31783490e+00 -2.94386730e-01 1.68780558e+00 3.26889736e+00 1.68780558e+00 3.26889736e+00 1.68780558e+00 3.26889736e+00 -5.62708310e-01 -3.89732286e-01 -1.57799085e+00 -3.89732286e-01 1.00000000e+00 0.00000000e+00 -2.25018623e+00 -3.89732286e-01 -5.62708310e-01 -0.00000000e+00 -1.57799085e+00 0.00000000e+00 1.00000000e+00 0.00000000e+00
1.11046692e-01 4.33550537e-01 5.00000000e-01 2.38529436e+00 -9.17872929e-01 -4.56580781e-01 -1.37638685e+00 -4.56580781e-01 -1.37638685e+00 -4.56580781e-01 -1.37638685e+00 -1.35756044e+00 -9.56894681e-01 -2.32429543e+00 -9.56894681e-01 1.00000000e+00 0.00000000e+00 -3.42166699e+00 -9.56894681e-01 -1.35756044e+00 -0.00000000e+00 -2.32429543e+00 0.00000000e+00 0.00000000e+00 0.00000000e+00
1.56042397e-01 5.27753709e-01 5.00000000e-01 2.80388841e+00 -6.72725767e-01 -1.60557078e+00 3.93598897e+00 -1.60557078e+00 3.93598897e+00 -1.60557078e+00 3.93598897e+00 -8.62435307e-01 -6.75526234e-01 -1.33504460e+00 -6.75526234e-01 1.00000000e+00 0.00000000e+00 -2.25018623e+00 -6.75526234e-01 -8.62435307e-01 -0.00000000e+00 -1.33504460e+00 0.00000000e+00 1.00000000e+00 0.00000000e+00
4.96149699e-01 5.04348968e-01 5.00000000e-01 2.65296302e+00 -7.62661007e-01 -2.17020819e+00 -2.51005579e+00 -2.17020819e+00 -2.51005579e+00 -2.17020819e+00 -2.51005579e+00 -9.38019602e-01 -7.43835887e-01 -1.29548181e+00 -7.43835887e-01 1.00000000e+00 0.00000000e+00 -2.25018623e+00 -7.43835887e-01 -9.38019602e-01 -0.00000000e+00 -1.29548181e+00 0.00000000e+00 1.00000000e+00 0.00000000e+00
2.33390909e-01 5.35731531e-01 5.00000000e-01 3.17780137e+00 -4.20302559e-01 -1.67059773e+00 4.25545953e+00 -1.67059773e+00 4.25545953e+00 -1.67059773e+00 4.25545953e+00 -6.43499061e-01 -4.77926667e-01 -1.34781209e+00 -4.77926667e-01 1.00000000e+00 0.00000000e+00 -2.25018623e+00 -4.77926667e-01 -6.43499061e-01 -0.00000000e+00 -1.34781209e+00 0.00000000e+00 1.00000000e+00 0.00000000e+00
7.18468804e-01 5.65305852e-01 5.00000000e-01 2.61242168e+00 -7.86369694e-01 9.26908016e-01 -3.20302221e+00 9.26908016e-01 -3.20302221e+00 9.26908016e-01 -3.20302221e+00 -9.68950467e-01 -7.65060826e-01 -1.39226319e+00 -7.65060826e-01 1.00000000e+00 0.00000000e+00 -2.25018623e+00 -7.65060826e-01 -9.68950467e-01 -0.00000000e+00 -1.39226319e+00 0.00000000e+00 1.00000000e+00 0.00000000e+00
2.81179665e-01 5.44568233e-01 5.00000000e-01 3.21050915e+00 -3.93769584e-01 -2.99085513e+00 3.16810489e+00 -2.99085513e+00 3.16810489e+00 -2.99085513e+00 3.16810489e+00 -7.14516745e-01 -4.95018564e-01 -1.75554086e+00 -4.95018564e-01 1.00000000e+00 0.00000000e+00 -2.64417118e+00 -4.95018564e-01 -7.14516745e-01 -0.00000000e+00 -1.75554086e+00 0.00000000e+00 1.00000000e+00 0.00000000e+00
1.39489009e-01 5.69795492e-01 5.00000000e-01 3.05943668e+00 -5.07925406e-01 -2.44424620e+00 -3.61894957e+00 -2.44424620e+00 -3.61894957e+00 -2.44424620e+00 -3.61894957e+00 -7.93486125e-01 -5.74876580e-01 -1.70405914e+00 -5.74876580e-01 1.00000000e+00 0.00000000e+00 -2.55560440e+00 -5.74876580e-01 -7.93486125e-01 -0.00000000e+00 -1.70405914e+00 0.00000000e+00 1.00000000e+00 0.00000000e+00
5.31113996e-01 5.30940863e-01 5.00000000e-01 3.34250879e+00 -2.67313774e-01 -2.31384680e+00 2.06483617e+00 -2.31384680e+00 2.06483617e+00 -2.31384680e+00 2.06483617e+00 -5.13515544e-01 -3.57099346e-01 -1.34018709e+00 -3.57099346e-01 1.00000000e+00 0.00000000e+00 -2.25018623e+00 -3.57099346e-01 -5.13515544e-01 -0.00000000e+00 -1.34018709e+00 0.00000000e+00 1.00000000e+00 0.00000000e+00
6.11611117e-01 4.93208366e-01 5.00000000e-01 3.06604052e+00 -5.03303552e-01 -4.09119221e+00 -1.73364202e+00 -4.09119221e+00 -1.73364202e+00 -4.09119221e+00 -1.73364202e+00 -7.34340246e-01 -5.50429141e-01 -1.40191571e+00 -5.50429141e-01 1.00000000e+00 0.00000000e+00 -2.37663891e+00 -5.50429141e-01 -7.34340246e-01 -0.00000000e+00 -1.40191571e+00 0.00000000e+00 1.00000000e+00 0.00000000e+00
1.65019491e-01 7.72883859e-01 5.00000000e-01 2.48727656e+00 -8.58948993e-01 2.82559520e+00 1.90067205e+00 2.82559520e+00 1.90067205e+00 2.82559520e+00 1.90067205e+00 -1.10217471e+00 -8.41403048e-01 -1.81402207e+00 -8.41403048e-01 1.00000000e+00 0.00000000e+00 -2.45016885e+00 -8.41403048e-01 -1.10217471e+00 -0.00000000e+00 -1.81402207e+00 0.00000000e+00 0.00000000e+00 0.00000000e+00
5.81915105e-01 6.48282052e-01 5.00000000e-01 2.88879847e+00 -6.20315984e-01 -2.07808322e+00 -3.88275405e+00 -2.07808322e+00 -3.88275405e+00 -2.07808322e+00 -3.88275405e+00 -7.86337796e-01 -6.24676054e-01 -1.26508664e+00 -6.24676054e-01 1.00000000e+00 0.00000000e+00 -2.01841583e+00 -6.24676054e-01 -7.86337796e-01 -0.00000000e+00 -1.26508664e+00 0.00000000e+00 1.00000000e+00 0.00000000e+00
2.08444450e-02 5.54567894e-01 5.00000000e-01 2.85710847e+00 -6.40077827e-01 1.55668674e-01 -4.43516278e+00 1.55668674e-01 -4.43516278e+00 1.55668674e-01 -4.43516278e+00 -8.37895569e-01 -6.51529260e-01 -1.37662543e+00 -6.51529260e-01 1.00000000e+00 0.00000000e+00 -2.25018623e+00 -6.51529260e-01 -8.37895569e-01 -0.00000000e+00 -1.37662543e+00 0.00000000e+00 0.00000000e+00 0.00000000e+00
8.52171217e-01 5.93279351e-01 5.00000000e-01 3.13401659e+00 -4.54037916e-01 -2.89963990e+00 3.90187325e+00 -2.89963990e+00 3.90187325e+00 -2.89963990e+00 3.90187325e+00 -6.81276943e-01 -5.07871875e-01 -1.43054951e+00 -5.07871875e-01 1.00000000e+00 0.00000000e+00 -2.25018623e+00 -5.07871875e-01 -6.81276943e-01 -0.00000000e+00 -1.43054951e+00 0.00000000e+00 1.00000000e+00 0.00000000e+00
2.08444450e-02 5.89576135e-01 5.00000000e-01 3.26484591e+00 -3.46358532e-01 5.99366677e-01 -4.17850685e+00 5.99366677e-01 -4.17850685e+00 5.99366677e-01 -4.17850685e+00 -5.88992194e-01 -4.23105457e-01 -1.42567365e+00 -4.23105457e-01 1.00000000e+00 0.00000000e+00 -2.25018623e+00 -4.23105457e-01 -5.88992194e-01 -0.00000000e+00 -1.42567365e+00 0.00000000e+00 0.00000000e+00 0.00000000e+00
4.36854897e-02 3.32972533e-01 5.00000000e-01 2.89273355e+00 -6.17843160e-01 2.04863096e+00 -4.22431465e+00 2.04863096e+00 -4.22431465e+00 2.04863096e+00 -4.22431465e+00 -1.46815743e+00 -9.05169926e-01 -3.18649992e+00 -9.05169926e-01 1.00000000e+00 0.00000000e+00 -4.57409431e+00 -9.05169926e-01 -1.46815743e+00 -0.00000000e+00 -3.18649992e+00 0.00000000e+00 1.00000000e+00 0.00000000e+00
2.54781592e-01 7.21980832e-01 5.00000000e-01 2.94755899e+00 -5.82897405e-01 -3.65778871e+00 3.17161626e+00 -3.65778871e+00 3.17161626e+00 -3.65778871e+00 3.17161626e+00 -8.73836182e-01 -6.37959200e-01 -1.85477287e+00 -6.37959200e-01 1.00000000e+00 0.00000000e+00 -2.53416992e+00 -6.37959200e-01 -8.73836182e-01 -0.00000000e+00 -1.85477287e+00 0.00000000e+00 1.00000000e+00 0.00000000e+00
1.95140198e-01 6.55110384e-01 5.00000000e-01 2.38467950e+00 -9.18228535e-01 1.77394831e+00 -2.02375175e+00 1.77394831e+00 -2.02375175e+00 1.77394831e+00 -2.02375175e+00 -9.91443246e-01 -8.38783568e-01 -9.61280428e-01 -8.38783568e-01 1.00000000e+00 0.00000000e+00 -1.70710390e+00 -8.38783568e-01 -9.91443246e-01 -0.00000000e+00 -9.61280428e-01 0.00000000e+00 1.00000000e+00 0.00000000e+00
2.25575887e-01 5.59443264e-01 5.00000000e-01 3.13857217e+00 -4.50610567e-01 -4.71298061e+00 3.25604179e-01 -4.71298061e+00 3.25604179e-01 -4.71298061e+00 3.25604179e-01 -6.73349905e-01 -5.03273109e-01 -1.38379367e+00 -5.03273109e-01 1.00000000e+00 0.00000000e+00 -2.25018623e+00 -5.03273109e-01 -6.73349905e-01 -0.00000000e+00 -1.38379367e+00 0.00000000e+00 1.00000000e+00 0.00000000e+00
3.72523346e-01 5.05790777e-01 5.00000000e-01 2.58093312e+00 -8.04701071e-01 5.73211530e-01 4.02164081e+00 5.73211530e-01 4.02164081e+00 5.73211530e-01 4.02164081e+00 -9.75545774e-01 -7.76163307e-01 -1.29801454e+00 -7.76163307e-01 1.00000000e+00 0.00000000e+00 -2.25018623e+00 -7.76163307e-01 -9.75545774e-01 -0.00000000e+00 -1.29801454e+00 0.00000000e+00 1.00000000e+00 0.00000000e+00
2.43581058e-01 5.07691950e-01 5.00000000e-01 2.48516571e+00 -8.60168794e-01 -8.43303423e-02 -3.25678881e+00 -8.43303423e-02 -3.25678881e+00 -8.43303423e-02 -3.25678881e+00 -1.02505064e+00 -8.18484060e-01 -1.30133437e+00 -8.18484060e-01 1.00000000e+00 0.00000000e+00 -2.25018623e+00 -8.18484060e-01 -1.02505064e+00 -0.00000000e+00 -1.30133437e+00 0.00000000e+00 1.00000000e+00 0.00000000e+00
1.35577629e-01 4.59924279e-01 5.00000000e-01 3.28969551e+00 -3.22857416e-01 -3.58981096e+00 2.36658163e+00 -3.58981096e+00 2.36658163e+00 -3.58981096e+00 2.36658163e+00 -8.29927774e-01 -5.18263599e-01 -2.27058736e+00 -5.18263599e-01 1.00000000e+00 0.00000000e+00 -3.31026086e+00 -5.18263599e-01 -8.29927774e-01 -0.00000000e+00 -2.27058736e+00 0.00000000e+00 0.00000000e+00 0.00000000e+00
6.80248156e-01 5.83572406e-01 5.00000000e-01 3.30419265e+00 -3.08467645e-01 -3.45465915e+00 -1.92868273e+00 -3.45465915e+00 -1.92868273e+00 -3.45465915e+00 -1.92868273e+00 -5.56311447e-01 -3.93024254e-01 -1.41764744e+00 -3.93024254e-01 1.00000000e+00 0.00000000e+00 -2.25018623e+00 -3.93024254e-01 -5.56311447e-01 -0.00000000e+00 -1.41764744e+00 0.00000000e+00 0.00000000e+00 0.00000000e+00
2.08444450e-02 5.72581442e-01 5.00000000e-01 2.90882407e+00 -6.07685094e-01 2.15031751e-01 5.24331352e+00 2.15031751e-01 5.24331352e+00 2.15031751e-01 5.24331352e+00 -8.12076925e-01 -6.27182490e-01 -1.40255233e+00 -6.27182490e-01 1.00000000e+00 0.00000000e+00 -2.25018623e+00 -6.27182490e-01 -8.12076925e-01 -0.00000000e+00 -1.40255233e+00 0.00000000e+00 0.00000000e+00 0.00000000e+00
5.29050606e-01 6.41185421e-01 5.00000000e-01 3.30563627e+00 -3.07003687e-01 4.90587948e-01 4.57360463e+00 4.90587948e-01 4.57360463e+00 4.90587948e-01 4.57360463e+00 -4.86194780e-01 -3.63051218e-01 -1.11576949e+00 -3.63051218e-01 1.00000000e+00 0.00000000e+00 -1.87705765e+00 -3.63051218e-01 -4.86194780e-01 -0.00000000e+00 -1.11576949e+00 0.00000000e+00 1.00000000e+00 0.00000000e+00
6.25820350e-01 5.20746149e-01 5.00000000e-01 3.25552041e+00 -3.54848722e-01 -2.73240019e+00 3.98430701e+00 -2.73240019e+00 3.98430701e+00 -2.73240019e+00 3.98430701e+00 -5.82183492e-01 -4.24064244e-01 -1.30971546e+00 -4.24064244e-01 1.00000000e+00 0.00000000e+00 -2.23636460e+00 -4.24064244e-01 -5.82183492e-01 -0.00000000e+00 -1.30971546e+00 0.00000000e+00 1.00000000e+00 0.00000000e+00
5.41749858e-01 5.29156241e-01 5.00000000e-01 2.44327759e+00 -8.84366316e-01 -1.00981902e+00 3.46054022e+00 -1.00981902e+00 3.46054022e+00 -1.00981902e+00 3.46054022e+00 -1.05018539e+00 -8.37842868e-01 -1.33731453e+00 -8.37842868e-01 1.00000000e+00 0.00000000e+00 -2.25018623e+00 -8.37842868e-01 -1.05018539e+00 -0.00000000e+00 -1.33731453e+00 0.00000000e+00 1.00000000e+00 0.00000000e+00
2.57554721e-01 7.08876562e-01 5.00000000e-01 3.27691458e+00 -3.35113833e-01 -2.01297759e+00 -3.88514052e+00 -2.01297759e+00 -3.88514052e+00 -2.01297759e+00 -3.88514052e+00 -4.85661838e-01 -3.75845731e-01 -1.01448763e+00 -3.75845731e-01 1.00000000e+00 0.00000000e+00 -1.70597018e+00 -3.75845731e-01 -4.85661838e-01 -0.00000000e+00 -1.01448763e+00 0.00000000e+00 1.00000000e+00 0.00000000e+00
6.81105575e-01 5.90860998e-01 5.00000000e-01 3.37540213e+00 -2.26873282e-01 2.35449572e+00 -2.38272242e+00 2.35449572e+00 -2.38272242e+00 2.35449572e+00 -2.38272242e+00 -4.89966300e-01 -3.29745334e-01 -1.42737177e+00 -3.29745334e-01 1.00000000e+00 0.00000000e+00 -2.25018623e+00 -3.29745334e-01 -4.89966300e-01 -0.00000000e+00 -1.42737177e+00 0.00000000e+00 0.00000000e+00 0.00000000e+00
3.13704923e-01 6.00400026e-01 5.00000000e-01 2.94328485e+00 -5.85657402e-01 -4.52768781e+00 2.37244969e+00 -4.52768781e+00 2.37244969e+00 -4.52768781e+00 2.37244969e+00 -7.96639157e-01 -6.11336504e-01 -1.43976855e+00 -6.11336504e-01 1.00000000e+00 0.00000000e+00 -2.25018623e+00 -6.11336504e-01 -7.96639157e-01 -0.00000000e+00 -1.43976855e+00 0.00000000e+00 1.00000000e+00 0.00000000e+00
8.27162380e-01 5.78841504e-01 5.00000000e-01 3.39970616e+00 -1.92124174e-01 2.65711017e+00 1.18347611e+00 2.65711017e+00 1.18347611e+00 2.65711017e+00 1.18347611e+00 -4.59872002e-01 -3.01900425e-01 -1.41121471e+00 -3.01900425e-01 1.00000000e+00 0.00000000e+00 -2.25018623e+00 -3.01900425e-01 -4.59872002e-01 -0.00000000e+00 -1.41121471e+00 0.00000000e+00 1.00000000e+00 0.00000000e+00
2.32237257e-01 5.71238079e-01 5.00000000e-01 3.04254527e+00 -5.19633187e-01 -2.84716471e-01 -5.11436418e+00 -2.84716471e-01 -5.11436418e+00 -2.84716471e-01 -5.11436418e+00 -6.81723694e-01 -5.39078099e-01 -1.13171978e+00 -5.39078099e-01 1.00000000e+00 0.00000000e+00 -1.98123533e+00 -5.39078099e-01 -6.81723694e-01 -0.00000000e+00 -1.13171978e+00 0.00000000e+00 1.00000000e+00 0.00000000e+00
2.08444450e-02 6.12544650e-01 5.00000000e-01 2.77845501e+00 -6.88123436e-01 5.16806387e+00 8.80664410e-01 5.16806387e+00 8.80664410e-01 5.16806387e+00 8.80664410e-01 -8.88447578e-01 -6.91514706e-01 -1.45503330e+00 -6.91514706e-01 1.00000000e+00 0.00000000e+00 -2.25018623e+00 -6.91514706e-01 -8.88447578e-01 -0.00000000e+00 -1.45503330e+00 0.00000000e+00 1.00000000e+00 0.00000000e+00
5.70453540e-01 5.34408938e-01 5.00000000e-01 3.01053497e+00 -5.41406393e-01 5.52984735e+00 1.27833552e+00 5.52984735e+00 1.27833552e+00 5.52984735e+00 1.27833552e+00 -8.06364372e-01 -5.94493188e-01 -1.61054381e+00 -5.94493188e-01 1.00000000e+00 0.00000000e+00 -2.51501059e+00 -5.94493188e-01 -8.06364372e-01 -0.00000000e+00 -1.61054381e+00 0.00000000e+00 1.00000000e+00 0.00000000e+00
2.13009714e-01 5.75529425e-01 5.00000000e-01 2.40434251e+00 -9.06860395e-01 3.56301521e+00 1.28794110e+00 3.56301521e+00 1.28794110e+00 3.56301521e+00 1.28794110e+00 -1.02011725e+00 -8.40804122e-01 -1.12013169e+00 -8.40804122e-01 1.00000000e+00 0.00000000e+00 -1.96366469e+00 -8.40804122e-01 -1.02011725e+00 -0.00000000e+00 -1.12013169e+00 0.00000000e+00 1.00000000e+00 0.00000000e+00
7.37344598e-01 5.39429979e-01 5.00000000e-01 3.29588623e+00 -3.16779725e-01 -4.42654777e+00 -4.17902623e-01 -4.42654777e+00 -4.17902623e-01 -4.42654777e+00 -4.17902623e-01 -5.56256471e-01 -3.96603599e-01 -1.35361428e+00 -3.96603599e-01 1.00000000e+00 0.00000000e+00 -2.25018623e+00 -3.96603599e-01 -5.56256471e-01 -0.00000000e+00 -1.35361428e+00 0.00000000e+00 1.00000000e+00 0.00000000e+00
5.61741963e-01 4.55959424e-01 5.00000000e-01 3.02601072e+00 -5.30944176e-01 -5.16266591e+00 8.33995552e-01 -5.16266591e+00 8.33995552e-01 -5.16266591e+00 8.33995552e-01 -7.24382687e-01 -5.59743806e-01 -1.20221535e+00 -5.59743806e-01 1.00000000e+00 0.00000000e+00 -2.25018623e+00 -5.59743806e-01 -7.24382687e-01 -0.00000000e+00 -1.20221535e+00 0.00000000e+00 1.00000000e+00 0.00000000e+00
2.92435013e-01 5.51105263e-01 5.00000000e-01 3.30189288e+00 -3.10787750e-01 4.60627255e+00 -1.48128272e+00 4.60627255e+00 -1.48128272e+00 4.60627255e+00 -1.48128272e+00 -4.95251357e-01 -3.68534741e-01 -1.08781952e+00 -3.68534741e-01 1.00000000e+00 0.00000000e+00 -1.96654191e+00 -3.68534741e-01 -4.95251357e-01 -0.00000000e+00 -1.08781952e+00 0.00000000e+00 1.00000000e+00 0.00000000e+00
2.08444450e-02 6.60854287e-01 5.00000000e-01 3.42690243e+00 -1.44302333e-01 6.20922457e-01 7.75737493e-01 6.20922457e-01 7.75737493e-01 6.20922457e-01 7.75737493e-01 -4.33223534e-01 -2.70337139e-01 -1.51056394e+00 -2.70337139e-01 1.00000000e+00 0.00000000e+00 -2.25018623e+00 -2.70337139e-01 -4.33223534e-01 -0.00000000e+00 -1.51056394e+00 0.00000000e+00 1.00000000e+00 0.00000000e+00
2.78046999e-01 6.27116818e-01 5.00000000e-01 3.34480454e+00 -2.64671910e-01 -2.95392468e+00 -2.53196784e+00 -2.95392468e+00 -2.53196784e+00 -2.95392468e+00 -2.53196784e+00 -4.52183985e-01 -3.29590403e-01 -1.11831245e+00 -3.29590403e-01 1.00000000e+00 0.00000000e+00 -1.89587526e+00 -3.29590403e-01 -4.52183985e-01 -0.00000000e+00 -1.11831245e+00 0.00000000e+00 1.00000000e+00 0.00000000e+00
1.95072632e-01 4.94528679e-01 5.00000000e-01 3.37804050e+00 -2.23343899e-01 -3.20266512e+00 -1.00997983e+00 -3.20266512e+00 -1.00997983e+00 -3.20266512e+00 -1.00997983e+00 -4.68628534e-01 -3.18806959e-01 -1.26994970e+00 -3.18806959e-01 1.00000000e+00 0.00000000e+00 -2.24225807e+00 -3.18806959e-01 -4.68628534e-01 -0.00000000e+00 -1.26994970e+00 0.00000000e+00 1.00000000e+00 0.00000000e+00
6.13302216e-01 5.95688126e-01 5.00000000e-01 2.82523528e+00 -6.59704751e-01 4.11948416e+00 -3.35429227e+00 4.11948416e+00 -3.35429227e+00 4.11948416e+00 -3.35429227e+00 -8.61122129e-01 -6.68763573e-01 -1.43369094e+00 -6.68763573e-01 1.00000000e+00 0.00000000e+00 -2.25018623e+00 -6.68763573e-01 -8.61122129e-01 -0.00000000e+00 -1.43369094e+00 0.00000000e+00 0.00000000e+00 0.00000000e+00
1.95210739e-01 5.94264077e-01 5.00000000e-01 3.28612246e+00 -3.26322174e-01 3.20378866e+00 -3.78992978e+00 3.20378866e+00 -3.78992978e+00 3.20378866e+00 -3.78992978e+00 -6.78520245e-01 -4.52548816e-01 -1.86441323e+00 -4.52548816e-01 1.00000000e+00 0.00000000e+00 -2.68276287e+00 -4.52548816e-01 -6.78520245e-01 -0.00000000e+00 -1.86441323e+00 0.00000000e+00 1.00000000e+00 0.00000000e+00
2.36007615e-01 5.25756346e-01 5.00000000e-01 2.43470834e+00 -8.89316016e-01 -3.33934255e+00 -1.40468931e+00 -3.33934255e+00 -1.40468931e+00 -3.33934255e+00 -1.40468931e+00 -1.19962560e+00 -8.87376435e-01 -1.95466607e+00 -8.87376435e-01 1.00000000e+00 0.00000000e+00 -2.87305930e+00 -8.87376435e-01 -1.19962560e+00 -0.00000000e+00 -1.95466607e+00 0.00000000e+00 1.00000000e+00 0.00000000e+00
1.29277478e-01 4.55910803e-01 5.00000000e-01 2.97366756e+00 -5.65891624e-01 -4.59059753e+00 -2.59336672e+00 -4.59059753e+00 -2.59336672e+00 -4.59059753e+00 -2.59336672e+00 -7.54968153e-01 -5.87336514e-01 -1.20211281e+00 -5.87336514e-01 1.00000000e+00 0.00000000e+00 -2.25018623e+00 -5.87336514e-01 -7.54968153e-01 -0.00000000e+00 -1.20211281e+00 0.00000000e+00 1.00000000e+00 0.00000000e+00
2.84531480e-01 6.76355170e-01 5.00000000e-01 3.41569490e+00 -1.65612159e-01 -1.87986957e+00 1.47036266e+00 -1.87986957e+00 1.47036266e+00 -1.87986957e+00 1.47036266e+00 -3.74498225e-01 -2.52034178e-01 -1.17232732e+00 -2.52034178e-01 1.00000000e+00 0.00000000e+00 -1.89570828e+00 -2.52034178e-01 -3.74498225e-01 -0.00000000e+00 -1.17232732e+00 0.00000000e+00 1.00000000e+00 0.00000000e+00
2.08444450e-02 5.22619742e-01 5.00000000e-01 3.03282385e+00 -5.26300631e-01 2.43130016e+00 5.51717784e+00 2.43130016e+00 5.51717784e+00 2.43130016e+00 5.51717784e+00 -7.32980170e-01 -5.60628690e-01 -1.32664124e+00 -5.60628690e-01 1.00000000e+00 0.00000000e+00 -2.25018623e+00 -5.60628690e-01 -7.32980170e-01 -0.00000000e+00 -1.32664124e+00 0.00000000e+00 1.00000000e+00 0.00000000e+00
4.95867150e-01 5.10098164e-01 5.00000000e-01 2.82053440e+00 -6.62580264e-01 -1.67927050e+00 -4.95994206e+00 -1.67927050e+00 -4.95994206e+00 -1.67927050e+00 -4.95994206e+00 -8.50468766e-01 -6.66648089e-01 -1.30550408e+00 -6.66648089e-01 1.00000000e+00 0.00000000e+00 -2.25018623e+00 -6.66648089e-01 -8.50468766e-01 -0.00000000e+00 -1.30550408e+00 0.00000000e+00 1.00000000e+00 0.00000000e+00
6.12466378e-01 5.25350614e-01 5.00000000e-01 2.80946368e+00 -6.69333965e-01 1.44497663e+00 5.57464246e+00 1.44497663e+00 5.57464246e+00 1.44497663e+00 5.57464246e+00 -8.34696335e-01 -6.64879708e-01 -1.20865546e+00 -6.64879708e-01 1.00000000e+00 0.00000000e+00 -2.12771195e+00 -6.64879708e-01 -8.34696335e-01 -0.00000000e+00 -1.20865546e+00 0.00000000e+00 1.00000000e+00 0.00000000e+00
6.18782922e-01 6.48080156e-01 5.00000000e-01 3.35136304e+00 -2.56992206e-01 3.17301974e+00 -3.27432965e+00 3.17301974e+00 -3.27432965e+00 3.17301974e+00 -3.27432965e+00 -5.43238115e-01 -3.65708080e-01 -1.58519704e+00 -3.65708080e-01 1.00000000e+00 0.00000000e+00 -2.33875041e+00 -3.65708080e-01 -5.43238115e-01 -0.00000000e+00 -1.58519704e+00 0.00000000e+00 1.00000000e+00 0.00000000e+00
1.81976244e-01 4.99264643e-01 5.00000000e-01 3.37760108e+00 -2.23935259e-01 -3.01321059e+00 2.71055310e+00 -3.01321059e+00 2.71055310e+00 -3.01321059e+00 2.71055310e+00 -5.87747794e-01 -3.72426002e-01 -1.75763080e+00 -3.72426002e-01 1.00000000e+00 0.00000000e+00 -2.72137164e+00 -3.72426002e-01 -5.87747794e-01 -0.00000000e+00 -1.75763080e+00 0.00000000e+00 1.00000000e+00 0.00000000e+00
2.53517741e-01 7.17165205e-01 5.00000000e-01 3.38049649e+00 -2.20011816e-01 -6.00946483e-01 -3.76865375e+00 -6.00946483e-01 -3.76865375e+00 -6.00946483e-01 -3.76865375e+00 -3.86206410e-01 -2.80991856e-01 -1.01390679e+00 -2.80991856e-01 1.00000000e+00 0.00000000e+00 -1.69769654e+00 -2.80991856e-01 -3.86206410e-01 -0.00000000e+00 -1.01390679e+00 0.00000000e+00 1.00000000e+00 0.00000000e+00
6.23682880e-01 5.09808612e-01 5.00000000e-01 3.12092065e+00 -4.63794258e-01 1.47195940e+00 5.92420980e+00 1.47195940e+00 5.92420980e+00 1.47195940e+00 5.92420980e+00 -6.66263372e-01 -5.06683439e-01 -1.25520243e+00 -5.06683439e-01 1.00000000e+00 0.00000000e+00 -2.20038446e+00 -5.06683439e-01 -6.66263372e-01 -0.00000000e+00 -1.25520243e+00 0.00000000e+00 1.00000000e+00 0.00000000e+00
5.11271880e-01 5.95130563e-01 5.00000000e-01 2.02911536e+00 -1.12793049e+00 2.54938352e-01 1.87565951e+00 2.54938352e-01 1.87565951e+00 2.54938352e-01 1.87565951e+00 -1.27469300e+00 -1.01982637e+00 -1.43296588e+00 -1.01982637e+00 1.00000000e+00 0.00000000e+00 -2.25018623e+00 -1.01982637e+00 -1.27469300e+00 -0.00000000e+00 -1.43296588e+00 0.00000000e+00 0.00000000e+00 0.00000000e+00
2.54665622e-01 6.01780371e-01 5.00000000e-01 2.78479914e+00 -6.84293760e-01 -3.62895610e+00 4.19559492e+00 -3.62895610e+00 4.19559492e+00 -3.62895610e+00 4.19559492e+00 -8.83651250e-01 -6.88090418e-01 -1.44153228e+00 -6.88090418e-01 1.00000000e+00 0.00000000e+00 -2.25018623e+00 -6.88090418e-01 -8.83651250e-01 -0.00000000e+00 -1.44153228e+00 0.00000000e+00 1.00000000e+00 0.00000000e+00
5.19199456e-01 7.36642753e-01 5.00000000e-01 3.28409160e+00 -3.28277934e-01 2.33295178e+00 5.14606320e+00 2.33295178e+00 5.14606320e+00 2.33295178e+00 5.14606320e+00 -5.08717650e-01 -3.82075745e-01 -1.18612492e+00 -3.82075745e-01 1.00000000e+00 0.00000000e+00 -1.85248284e+00 -3.82075745e-01 -5.08717650e-01 -0.00000000e+00 -1.18612492e+00 0.00000000e+00 1.00000000e+00 0.00000000e+00
9.60760318e-02 7.84775168e-01 5.00000000e-01 3.18738670e+00 -4.12657611e-01 1.14501155e+00 -5.51122581e+00 1.14501155e+00 -5.51122581e+00 1.14501155e+00 -5.51122581e+00 -9.86332134e-01 -6.19805458e-01 -2.73335289e+00 -6.19805458e-01 1.00000000e+00 0.00000000e+00 -3.36016620e+00 -6.19805458e-01 -9.86332134e-01 -0.00000000e+00 -2.73335289e+00 0.00000000e+00 1.00000000e+00 0.00000000e+00
2.89202185e-01 6.16965752e-01 5.00000000e-01 3.13320324e+00 -4.54647973e-01 4.50837859e+00 4.28969129e+00 4.50837859e+00 4.28969129e+00 4.50837859e+00 4.28969129e+00 -6.86609345e-01 -5.10192520e-01 -1.46785376e+00 -5.10192520e-01 1.00000000e+00 0.00000000e+00 -2.25758833e+00 -5.10192520e-01 -6.86609345e-01 -0.00000000e+00 -1.46785376e+00 0.00000000e+00 1.00000000e+00 0.00000000e+00
2.18682427e-01 5.52568942e-01 5.00000000e-01 1.95132451e+00 -1.17570193e+00 1.58866406e-01 -4.82514955e-01 1.58866406e-01 -4.82514955e-01 1.58866406e-01 -4.82514955e-01 -1.35344499e+00 -1.06428273e+00 -1.56565374e+00 -1.06428273e+00 1.00000000e+00 0.00000000e+00 -2.44218707e+00 -1.06428273e+00 -1.35344499e+00 -0.00000000e+00 -1.56565374e+00 0.00000000e+00 1.00000000e+00 0.00000000e+00
5.01788942e-01 5.80960303e-01 5.00000000e-01 2.80118354e+00 -6.74369114e-01 1.80957390e+00 -5.25255448e+00 1.80957390e+00 -5.25255448e+00 1.80957390e+00 -5.25255448e+00 -8.72027664e-01 -6.79466194e-01 -1.41410764e+00 -6.79466194e-01 1.00000000e+00 0.00000000e+00 -2.25018623e+00 -6.79466194e-01 -8.72027664e-01 -0.00000000e+00 -1.41410764e+00 0.00000000e+00 0.00000000e+00 0.00000000e+00
5.07674041e-01 6.14047046e-01 5.00000000e-01 3.42969566e+00 -1.38501970e-01 -1.28282420e+00 -1.69485240e+00 -1.28282420e+00 -1.69485240e+00 -1.28282420e+00 -1.69485240e+00 -4.22247056e-01 -2.62908926e-01 -1.45688272e+00 -2.62908926e-01 1.00000000e+00 0.00000000e+00 -2.25018623e+00 -2.62908926e-01 -4.22247056e-01 -0.00000000e+00 -1.45688272e+00 0.00000000e+00 1.00000000e+00 0.00000000e+00
1.59239730e-01 1.04381186e+00 5.00000000e-01 3.03530751e+00 -5.24601943e-01 2.64814780e-01 6.24895313e+00 2.64814780e-01 6.24895313e+00 2.64814780e-01 6.24895313e+00 -1.09784416e+00 -7.07582652e-01 -2.87293994e+00 -7.07582652e-01 1.00000000e+00 0.00000000e+00 -3.34748816e+00 -7.07582652e-01 -1.09784416e+00 -0.00000000e+00 -2.87293994e+00 0.00000000e+00 1.00000000e+00 0.00000000e+00
8.39234128e-01 5.16568639e-01 5.00000000e-01 2.88928413e+00 -6.20011031e-01 -1.23338275e+00 5.92663079e+00 -1.23338275e+00 5.92663079e+00 -1.23338275e+00 5.92663079e+00 -8.14060788e-01 -6.33796155e-01 -1.31654242e+00 -6.33796155e-01 1.00000000e+00 0.00000000e+00 -2.25018623e+00 -6.33796155e-01 -8.14060788e-01 -0.00000000e+00 -1.31654242e+00 0.00000000e+00 1.00000000e+00 0.00000000e+00
5.94467685e-01 5.77978263e-01 5.00000000e-01 2.61273398e+00 -7.86187553e-01 7.06987386e-01 5.40063292e+00 7.06987386e-01 5.40063292e+00 7.06987386e-01 5.40063292e+00 -1.01217376e+00 -7.78502111e-01 -1.60226926e+00 -7.78502111e-01 1.00000000e+00 0.00000000e+00 -2.44242502e+00 -7.78502111e-01 -1.01217376e+00 -0.00000000e+00 -1.60226926e+00 0.00000000e+00 1.00000000e+00 0.00000000e+00
4.49328683e-01 5.73860144e-01 5.00000000e-01 3.43818969e+00 -1.19198142e-01 -5.32472385e-01 1.66287657e+00 -5.32472385e-01 1.66287657e+00 -5.32472385e-01 1.66287657e+00 -4.00778016e-01 -2.45155323e-01 -1.40433587e+00 -2.45155323e-01 1.00000000e+00 0.00000000e+00 -2.25018623e+00 -2.45155323e-01 -4.00778016e-01 -0.00000000e+00 -1.40433587e+00 0.00000000e+00 1.00000000e+00 0.00000000e+00
5.21843748e-01 6.80720521e-01 5.00000000e-01 2.51474630e+00 -8.43067339e-01 -4.46938230e+00 1.51148904e+00 -4.46938230e+00 1.51148904e+00 -4.46938230e+00 1.51148904e+00 -1.12440824e+00 -8.41502160e-01 -1.92238137e+00 -8.41502160e-01 1.00000000e+00 0.00000000e+00 -2.64131393e+00 -8.41502160e-01 -1.12440824e+00 -0.00000000e+00 -1.92238137e+00 0.00000000e+00 0.00000000e+00 0.00000000e+00
2.08444450e-02 5.53257986e-01 5.00000000e-01 3.35815995e+00 -2.48810870e-01 2.42508014e-01 4.99188448e+00 2.42508014e-01 4.99188448e+00 2.42508014e-01 4.99188448e+00 -5.02034964e-01 -3.44255253e-01 -1.37467976e+00 -3.44255253e-01 1.00000000e+00 0.00000000e+00 -2.25018623e+00 -3.44255253e-01 -5.02034964e-01 -0.00000000e+00 -1.37467976e+00 0.00000000e+00 1.00000000e+00 0.00000000e+00
5.76363274e-01 5.86054606e-01 5.00000000e-01 3.12412856e+00 -4.61417272e-01 6.03686650e+00 1.98502048e+00 6.03686650e+00 1.98502048e+00 6.03686650e+00 1.98502048e+00 -6.36685540e-01 -4.94504905e-01 -1.17292691e+00 -4.94504905e-01 1.00000000e+00 0.00000000e+00 -2.00212891e+00 -4.94504905e-01 -6.36685540e-01 -0.00000000e+00 -1.17292691e+00 0.00000000e+00 1.00000000e+00 0.00000000e+00
7.09902695e-01 5.71626506e-01 5.00000000e-01 3.41907867e+00 -1.59466759e-01 3.42466809e+00 -1.68538490e-01 3.42466809e+00 -1.68538490e-01 3.42466809e+00 -1.68538490e-01 -4.32434280e-01 -2.76058081e-01 -1.40121559e+00 -2.76058081e-01 1.00000000e+00 0.00000000e+00 -2.25018623e+00 -2.76058081e-01 -4.32434280e-01 -0.00000000e+00 -1.40121559e+00 0.00000000e+00 1.00000000e+00 0.00000000e+00
5.68936964e-02 4.75699556e-01 5.00000000e-01 2.05423572e+00 -1.11269665e+00 2.53882597e+00 1.24567435e+00 2.53882597e+00 1.24567435e+00 2.53882597e+00 1.24567435e+00 -1.84200026e+00 -1.22573366e+00 -3.23833272e+00 -1.22573366e+00 1.00000000e+00 0.00000000e+00 -4.24621199e+00 -1.22573366e+00 -1.84200026e+00 -0.00000000e+00 -3.23833272e+00 0.00000000e+00 0.00000000e+00 0.00000000e+00
2.08444450e-02 5.20754999e-01 5.00000000e-01 3.21803956e+00 -3.87469923e-01 -5.62303737e+00 3.86284324e-01 -5.62303737e+00 3.86284324e-01 -5.62303737e+00 3.86284324e-01 -6.12855635e-01 -4.51009322e-01 -1.32355180e+00 -4.51009322e-01 1.00000000e+00 0.00000000e+00 -2.25018623e+00 -4.51009322e-01 -6.12855635e-01 -0.00000000e+00 -1.32355180e+00 0.00000000e+00 0.00000000e+00 0.00000000e+00
2.92656805e-01 5.00507955e-01 5.00000000e-01 2.22502634e+00 -1.01110445e+00 -2.47281233e+00 -2.25871035e+00 -2.47281233e+00 -2.25871035e+00 -2.47281233e+00 -2.25871035e+00 -1.22606925e+00 -9.50615021e-01 -1.60099080e+00 -9.50615021e-01 1.00000000e+00 0.00000000e+00 -2.56250662e+00 -9.50615021e-01 -1.22606925e+00 -0.00000000e+00 -1.60099080e+00 0.00000000e+00 1.00000000e+00 0.00000000e+00
5.23280614e-01 6.19075355e-01 5.00000000e-01 3.17127944e+00 -4.25447056e-01 -3.21317832e+00 5.16527375e+00 -3.21317832e+00 5.16527375e+00 -3.21317832e+00 5.16527375e+00 -6.60236433e-01 -4.86788192e-01 -1.46301176e+00 -4.86788192e-01 1.00000000e+00 0.00000000e+00 -2.25018623e+00 -4.86788192e-01 -6.60236433e-01 -0.00000000e+00 -1.46301176e+00 0.00000000e+00 1.00000000e+00 0.00000000e+00
8.32111570e-01 5.32616520e-01 5.00000000e-01 2.22450264e+00 -1.01141164e+00 -3.02289533e+00 -1.50850953e+00 -3.02289533e+00 -1.50850953e+00 -3.02289533e+00 -1.50850953e+00 -1.16295813e+00 -9.32627820e-01 -1.34286832e+00 -9.32627820e-01 1.00000000e+00 0.00000000e+00 -2.25018623e+00 -9.32627820e-01 -1.16295813e+00 -0.00000000e+00 -1.34286832e+00 0.00000000e+00 1.00000000e+00 0.00000000e+00
1.27851511e-01 6.14787883e-01 5.00000000e-01 2.95648114e+00 -5.77114800e-01 2.33233870e+00 -5.63527720e+00 2.33233870e+00 -5.63527720e+00 2.33233870e+00 -5.63527720e+00 -1.10479884e+00 -7.28867411e-01 -2.60826344e+00 -7.28867411e-01 1.00000000e+00 0.00000000e+00 -3.40065809e+00 -7.28867411e-01 -1.10479884e+00 -0.00000000e+00 -2.60826344e+00 0.00000000e+00 1.00000000e+00 0.00000000e+00
2.34497805e-01 5.06071574e-01 5.00000000e-01 3.12007362e+00 -4.64420523e-01 -6.01426324e+00 -3.21367048e-02 -6.01426324e+00 -3.21367048e-02 -6.01426324e+00 -3.21367048e-02 -6.76339296e-01 -5.10767973e-01 -1.29850629e+00 -5.10767973e-01 1.00000000e+00 0.00000000e+00 -2.25018623e+00 -5.10767973e-01 -6.76339296e-01 -0.00000000e+00 -1.29850629e+00 0.00000000e+00 1.00000000e+00 0.00000000e+00
4.38037163e-01 5.09537961e-01 5.00000000e-01 2.02513331e+00 -1.13035348e+00 -1.44950166e+00 -1.96169756e+00 -1.44950166e+00 -1.96169756e+00 -1.44950166e+00 -1.96169756e+00 -1.26271523e+00 -1.01770839e+00 -1.30453648e+00 -1.01770839e+00 1.00000000e+00 0.00000000e+00 -2.25018623e+00 -1.01770839e+00 -1.26271523e+00 -0.00000000e+00 -1.30453648e+00 0.00000000e+00 1.00000000e+00 0.00000000e+00
3.06904055e-01 6.24382295e-01 5.00000000e-01 2.85563154e+00 -6.40992559e-01 -2.18240662e+00 5.91334877e+00 -2.18240662e+00 5.91334877e+00 -2.18240662e+00 5.91334877e+00 -8.50486502e-01 -6.56205060e-01 -1.47941100e+00 -6.56205060e-01 1.00000000e+00 0.00000000e+00 -2.26021643e+00 -6.56205060e-01 -8.50486502e-01 -0.00000000e+00 -1.47941100e+00 0.00000000e+00 1.00000000e+00 0.00000000e+00
5.95582124e-01 5.72479361e-01 5.00000000e-01 3.33687324e+00 -2.73703270e-01 -3.33380898e+00 -4.00238653e+00 -3.33380898e+00 -4.00238653e+00 -3.33380898e+00 -4.00238653e+00 -4.85585359e-01 -3.47874375e-01 -1.21392445e+00 -3.47874375e-01 1.00000000e+00 0.00000000e+00 -2.06170105e+00 -3.47874375e-01 -4.85585359e-01 -0.00000000e+00 -1.21392445e+00 0.00000000e+00 1.00000000e+00 0.00000000e+00
1.76291598e-01 6.14009681e-01 5.00000000e-01 3.23986440e+00 -3.68749434e-01 -1.07280573e+00 -5.83465652e+00 -1.07280573e+00 -5.83465652e+00 -1.07280573e+00 -5.83465652e+00 -6.11316607e-01 -4.42062321e-01 -1.45683682e+00 -4.42062321e-01 1.00000000e+00 0.00000000e+00 -2.25018623e+00 -4.42062321e-01 -6.11316607e-01 -0.00000000e+00 -1.45683682e+00 0.00000000e+00 1.00000000e+00 0.00000000e+00
1.99617336e-01 5.60197667e-01 5.00000000e-01 2.23195870e+00 -1.00704007e+00 3.93689624e+00 2.36425282e+00 3.93689624e+00 2.36425282e+00 3.93689624e+00 2.36425282e+00 -1.33153377e+00 -9.82853420e-01 -2.07917895e+00 -9.82853420e-01 1.00000000e+00 0.00000000e+00 -2.94447252e+00 -9.82853420e-01 -1.33153377e+00 -0.00000000e+00 -2.07917895e+00 0.00000000e+00 1.00000000e+00 0.00000000e+00
2.82572023e-01 5.32832984e-01 5.00000000e-01 2.38486563e+00 -9.18120887e-01 2.91248909e+00 4.39911012e+00 2.91248909e+00 4.39911012e+00 2.91248909e+00 4.39911012e+00 -1.15166025e+00 -8.84508196e-01 -1.66461773e+00 -8.84508196e-01 1.00000000e+00 0.00000000e+00 -2.57159039e+00 -8.84508196e-01 -1.15166025e+00 -0.00000000e+00 -1.66461773e+00 0.00000000e+00 1.00000000e+00 0.00000000e+00
5.96097524e-01 5.21318611e-01 5.00000000e-01 2.13727020e+00 -1.06291682e+00 -2.62739437e+00 2.82908797e+00 -2.62739437e+00 2.82908797e+00 -2.62739437e+00 2.82908797e+00 -1.24727024e+00 -9.81219224e-01 -1.51121993e+00 -9.81219224e-01 1.00000000e+00 0.00000000e+00 -2.43691848e+00 -9.81219224e-01 -1.24727024e+00 -0.00000000e+00 -1.51121993e+00 0.00000000e+00 1.00000000e+00 0.00000000e+00
6.24107357e-01 5.76953079e-01 5.00000000e-01 3.37858733e+00 -2.22605977e-01 -4.20905627e+00 -2.16106343e+00 -4.20905627e+00 -2.16106343e+00 -4.20905627e+00 -2.16106343e+00 -4.94659870e-01 -3.30063714e-01 -1.45359974e+00 -3.30063714e-01 1.00000000e+00 0.00000000e+00 -2.29516614e+00 -3.30063714e-01 -4.94659870e-01 -0.00000000e+00 -1.45359974e+00 0.00000000e+00 1.00000000e+00 0.00000000e+00
2.83474885e-01 5.37832118e-01 5.00000000e-01 3.24573162e+00 -3.63589358e-01 2.16144192e+00 -5.73408763e+00 2.16144192e+00 -5.73408763e+00 2.16144192e+00 -5.73408763e+00 -5.78287177e-01 -4.26399213e-01 -1.26930935e+00 -4.26399213e-01 1.00000000e+00 0.00000000e+00 -2.16837913e+00 -4.26399213e-01 -5.78287177e-01 -0.00000000e+00 -1.26930935e+00 0.00000000e+00 1.00000000e+00 0.00000000e+00
5.90521840e-01 5.80276574e-01 5.00000000e-01 3.33395820e+00 -2.76957324e-01 5.80023176e+00 -1.24023308e+00 5.80023176e+00 -1.24023308e+00 5.80023176e+00 -1.24023308e+00 -5.29589798e-01 -3.68138968e-01 -1.41317623e+00 -3.68138968e-01 1.00000000e+00 0.00000000e+00 -2.25018623e+00 -3.68138968e-01 -5.29589798e-01 -0.00000000e+00 -1.41317623e+00 0.00000000e+00 1.00000000e+00 0.00000000e+00
6.06842901e-01 4.85020670e-01 5.00000000e-01 2.55510494e+00 -8.19694816e-01 -5.44509567e+00 6.49270181e-01 -5.44509567e+00 6.49270181e-01 -5.44509567e+00 6.49270181e-01 -1.01558018e+00 -7.95665657e-01 -1.40721664e+00 -7.95665657e-01 1.00000000e+00 0.00000000e+00 -2.39717804e+00 -7.95665657e-01 -1.01558018e+00 -0.00000000e+00 -1.40721664e+00 0.00000000e+00 1.00000000e+00 0.00000000e+00
5.43467643e-01 6.32624412e-01 5.00000000e-01 1.85991759e+00 -1.23316313e+00 2.62475854e+00 4.78790798e-01 2.62475854e+00 4.78790798e-01 2.62475854e+00 4.78790798e-01 -1.37091147e+00 -1.09556231e+00 -1.47907504e+00 -1.09556231e+00 1.00000000e+00 0.00000000e+00 -2.25018623e+00 -1.09556231e+00 -1.37091147e+00 -0.00000000e+00 -1.47907504e+00 0.00000000e+00 1.00000000e+00 0.00000000e+00
5.67682503e-01 5.02465048e-01 5.00000000e-01 3.09137628e+00 -4.85320621e-01 2.88886209e+00 -5.88578525e+00 2.88886209e+00 -5.88578525e+00 2.88886209e+00 -5.88578525e+00 -7.53630529e-01 -5.49650764e-01 -1.56467092e+00 -5.49650764e-01 1.00000000e+00 0.00000000e+00 -2.52270444e+00 -5.49650764e-01 -7.53630529e-01 -0.00000000e+00 -1.56467092e+00 0.00000000e+00 1.00000000e+00 0.00000000e+00
2.57010451e-01 6.14302464e-01 5.00000000e-01 2.69840958e+00 -7.35899536e-01 -5.89800451e+00 4.15212134e-01 -5.89800451e+00 4.15212134e-01 -5.89800451e+00 4.15212134e-01 -1.05545595e+00 -7.70666740e-01 -1.98688610e+00 -7.70666740e-01 1.00000000e+00 0.00000000e+00 -2.77987604e+00 -7.70666740e-01 -1.05545595e+00 -0.00000000e+00 -1.98688610e+00 0.00000000e+00 1.00000000e+00 0.00000000e+00
8.30289584e-01 6.13557589e-01 5.00000000e-01 3.23553799e+00 -3.72518370e-01 3.93321185e+00 -5.03861793e+00 3.93321185e+00 -5.03861793e+00 3.93321185e+00 -5.03861793e+00 -6.14445694e-01 -4.44992092e-01 -1.45628113e+00 -4.44992092e-01 1.00000000e+00 0.00000000e+00 -2.25018623e+00 -4.44992092e-01 -6.14445694e-01 -0.00000000e+00 -1.45628113e+00 0.00000000e+00 1.00000000e+00 0.00000000e+00
6.05220426e-01 6.12951856e-01 5.00000000e-01 2.33118521e+00 -9.49210429e-01 -2.74666139e+00 4.20373484e+00 -2.74666139e+00 4.20373484e+00 -2.74666139e+00 4.20373484e+00 -1.08817354e+00 -8.81046737e-01 -1.30205964e+00 -8.81046737e-01 1.00000000e+00 0.00000000e+00 -2.09671047e+00 -8.81046737e-01 -1.08817354e+00 -0.00000000e+00 -1.30205964e+00 0.00000000e+00 0.00000000e+00 0.00000000e+00
1.66725076e-01 4.76729488e-01 5.00000000e-01 3.40234722e+00 -1.87989214e-01 -5.74967958e-01 -4.60531819e+00 -5.74967958e-01 -4.60531819e+00 -5.74967958e-01 -4.60531819e+00 -7.39242522e-01 -4.29791031e-01 -2.31734828e+00 -4.29791031e-01 1.00000000e+00 0.00000000e+00 -3.32321699e+00 -4.29791031e-01 -7.39242522e-01 -0.00000000e+00 -2.31734828e+00 0.00000000e+00 1.00000000e+00 0.00000000e+00
5.77392204e-01 6.18361641e-01 5.00000000e-01 3.14121704e+00 -4.48612496e-01 -6.12052892e+00 -2.10757153e+00 -6.12052892e+00 -2.10757153e+00 -6.12052892e+00 -2.10757153e+00 -6.80005975e-01 -5.04917624e-01 -1.46214745e+00 -5.04917624e-01 1.00000000e+00 0.00000000e+00 -2.25018623e+00 -5.04917624e-01 -6.80005975e-01 -0.00000000e+00 -1.46214745e+00 0.00000000e+00 0.00000000e+00 0.00000000e+00
1.82072194e-01 4.92526737e-01 5.00000000e-01 2.57360728e+00 -8.08957327e-01 5.61128473e+00 -2.47630732e+00 5.61128473e+00 -2.47630732e+00 5.61128473e+00 -2.47630732e+00 -1.10676736e+00 -8.20427237e-01 -1.84402218e+00 -8.20427237e-01 1.00000000e+00 0.00000000e+00 -2.81999662e+00 -8.20427237e-01 -1.10676736e+00 -0.00000000e+00 -1.84402218e+00 0.00000000e+00 1.00000000e+00 0.00000000e+00
2.96673770e-01 5.06413889e-01 5.00000000e-01 3.41896050e+00 -1.59685193e-01 3.31353559e+00 3.53962995e+00 3.31353559e+00 3.53962995e+00 3.31353559e+00 3.53962995e+00 -3.91686928e-01 -2.57405757e-01 -1.16548964e+00 -2.57405757e-01 1.00000000e+00 0.00000000e+00 -2.11657077e+00 -2.57405757e-01 -3.91686928e-01 -0.00000000e+00 -1.16548964e+00 0.00000000e+00 1.00000000e+00 0.00000000e+00
6.25410503e-01 5.27412965e-01 5.00000000e-01 3.43231856e+00 -1.32832546e-01 -3.18032297e+00 -1.84037237e+00 -3.18032297e+00 -1.84037237e+00 -3.18032297e+00 -1.84037237e+00 -3.97722028e-01 -2.49180963e-01 -1.30943909e+00 -2.49180963e-01 1.00000000e+00 0.00000000e+00 -2.22513384e+00 -2.49180963e-01 -3.97722028e-01 -0.00000000e+00 -1.30943909e+00 0.00000000e+00 1.00000000e+00 0.00000000e+00
2.91338550e-01 4.98016759e-01 5.00000000e-01 3.26620030e+00 -3.45111475e-01 -6.24333699e+00 -3.51860225e-01 -6.24333699e+00 -3.51860225e-01 -6.24333699e+00 -3.51860225e-01 -6.37406827e-01 -4.42684397e-01 -1.56937575e+00 -4.42684397e-01 1.00000000e+00 0.00000000e+00 -2.53535984e+00 -4.42684397e-01 -6.37406827e-01 -0.00000000e+00 -1.56937575e+00 0.00000000e+00 1.00000000e+00 0.00000000e+00
2.37353999e-01 5.00657762e-01 5.00000000e-01 1.92277866e+00 -1.19348121e+00 1.48421580e+00 3.50363793e+00 1.48421580e+00 3.50363793e+00 1.48421580e+00 3.50363793e+00 -1.31538566e+00 -1.06191076e+00 -1.28893783e+00 -1.06191076e+00 1.00000000e+00 0.00000000e+00 -2.25018623e+00 -1.06191076e+00 -1.31538566e+00 -0.00000000e+00 -1.28893783e+00 0.00000000e+00 1.00000000e+00 0.00000000e+00
4.30684502e-01 5.46074559e-01 5.00000000e-01 2.86794757e+00 -6.33348045e-01 4.40697750e-02 -6.64505509e+00 4.40697750e-02 -6.64505509e+00 4.40697750e-02 -6.64505509e+00 -8.30650835e-01 -6.45843140e-01 -1.36385820e+00 -6.45843140e-01 1.00000000e+00 0.00000000e+00 -2.25018623e+00 -6.45843140e-01 -8.30650835e-01 -0.00000000e+00 -1.36385820e+00 0.00000000e+00 1.00000000e+00 0.00000000e+00
5.29874354e-01 5.40446771e-01 5.00000000e-01 3.39828411e+00 -1.94316321e-01 -1.83755784e+00 -4.68099268e+00 -1.83755784e+00 -4.68099268e+00 -1.83755784e+00 -4.68099268e+00 -4.55270413e-01 -3.00722058e-01 -1.35519675e+00 -3.00722058e-01 1.00000000e+00 0.00000000e+00 -2.25018623e+00 -3.00722058e-01 -4.55270413e-01 -0.00000000e+00 -1.35519675e+00 0.00000000e+00 0.00000000e+00 0.00000000e+00
4.15106625e-01 5.53931753e-01 5.00000000e-01 2.14318263e+00 -1.05940263e+00 4.85896520e+00 1.58134013e+00 4.85896520e+00 1.58134013e+00 4.85896520e+00 1.58134013e+00 -1.20858328e+00 -9.68677580e-01 -1.37568159e+00 -9.68677580e-01 1.00000000e+00 0.00000000e+00 -2.25018623e+00 -9.68677580e-01 -1.20858328e+00 -0.00000000e+00 -1.37568159e+00 0.00000000e+00 0.00000000e+00 0.00000000e+00
6.25918538e-01 4.86997764e-01 5.00000000e-01 3.08017212e+00 -4.93323926e-01 -1.88193798e+00 7.01009494e+00 -1.88193798e+00 7.01009494e+00 -1.88193798e+00 7.01009494e+00 -6.99748034e-01 -5.32979031e-01 -1.27325286e+00 -5.32979031e-01 1.00000000e+00 0.00000000e+00 -2.25949263e+00 -5.32979031e-01 -6.99748034e-01 -0.00000000e+00 -1.27325286e+00 0.00000000e+00 1.00000000e+00 0.00000000e+00
2.64775169e-01 5.38742887e-01 5.00000000e-01 3.28017785e+00 -3.32020048e-01 -3.95576169e+00 -4.99045488e+00 -3.95576169e+00 -4.99045488e+00 -3.95576169e+00 -4.99045488e+00 -5.26179887e-01 -3.90935532e-01 -1.14464809e+00 -3.90935532e-01 1.00000000e+00 0.00000000e+00 -2.04229247e+00 -3.90935532e-01 -5.26179887e-01 -0.00000000e+00 -1.14464809e+00 0.00000000e+00 1.00000000e+00 0.00000000e+00
7.23851799e-01 4.87170046e-01 5.00000000e-01 3.44887703e+00 -8.93199841e-02 -2.24343664e+00 -1.95509775e+00 -2.24343664e+00 -1.95509775e+00 -2.24343664e+00 -1.95509775e+00 -3.60901185e-01 -2.14368133e-01 -1.26426948e+00 -2.14368133e-01 1.00000000e+00 0.00000000e+00 -2.25018623e+00 -2.14368133e-01 -3.60901185e-01 -0.00000000e+00 -1.26426948e+00 0.00000000e+00 1.00000000e+00 0.00000000e+00
2.41542925e-01 6.67123024e-01 5.00000000e-01 2.47881116e+00 -8.63840543e-01 -5.62056507e-01 -5.81322992e+00 -5.62056507e-01 -5.81322992e+00 -5.62056507e-01 -5.81322992e+00 -9.38475667e-01 -7.95897781e-01 -9.34364594e-01 -7.95897781e-01 1.00000000e+00 0.00000000e+00 -1.66733340e+00 -7.95897781e-01 -9.38475667e-01 -0.00000000e+00 -9.34364594e-01 0.00000000e+00 1.00000000e+00 0.00000000e+00
5.21068076e-01 5.22057684e-01 5.00000000e-01 3.42726310e+00 -1.43566110e-01 -1.76541420e+00 -3.98771307e+00 -1.76541420e+00 -3.98771307e+00 -1.76541420e+00 -3.98771307e+00 -4.11017484e-01 -2.59713060e-01 -1.32571215e+00 -2.59713060e-01 1.00000000e+00 0.00000000e+00 -2.25018623e+00 -2.59713060e-01 -4.11017484e-01 -0.00000000e+00 -1.32571215e+00 0.00000000e+00 1.00000000e+00 0.00000000e+00
4.04796333e-01 5.48641954e-01 5.00000000e-01 3.31722841e+00 -2.95024909e-01 2.04838396e+00 -6.01708500e+00 2.04838396e+00 -6.01708500e+00 2.04838396e+00 -6.01708500e+00 -5.39594790e-01 -3.80154533e-01 -1.36775563e+00 -3.80154533e-01 1.00000000e+00 0.00000000e+00 -2.25018623e+00 -3.80154533e-01 -5.39594790e-01 -0.00000000e+00 -1.36775563e+00 0.00000000e+00 1.00000000e+00 0.00000000e+00
7.88149469e-01 6.34248501e-01 5.00000000e-01 3.41294491e+00 -1.70450532e-01 -3.75937237e+00 -2.99678531e+00 -3.75937237e+00 -2.99678531e+00 -3.75937237e+00 -2.99678531e+00 -4.50528600e-01 -2.88819933e-01 -1.48095756e+00 -2.88819933e-01 1.00000000e+00 0.00000000e+00 -2.25018623e+00 -2.88819933e-01 -4.50528600e-01 -0.00000000e+00 -1.48095756e+00 0.00000000e+00 1.00000000e+00 0.00000000e+00
1.51156824e-01 6.42736433e-01 5.00000000e-01 2.32863861e+00 -9.50687937e-01 3.82876988e+00 4.52086152e+00 3.82876988e+00 4.52086152e+00 3.82876988e+00 4.52086152e+00 -1.12507597e+00 -8.92139386e-01 -1.49065158e+00 -8.92139386e-01 1.00000000e+00 0.00000000e+00 -2.25018623e+00 -8.92139386e-01 -1.12507597e+00 -0.00000000e+00 -1.49065158e+00 0.00000000e+00 1.00000000e+00 0.00000000e+00
5.02667802e-01 6.55146446e-01 5.00000000e-01 3.23525317e+00 -3.72765442e-01 -5.41866689e+00 4.19995175e+00 -5.41866689e+00 4.19995175e+00 -5.41866689e+00 4.19995175e+00 -6.19959892e-01 -4.47336340e-01 -1.50440201e+00 -4.47336340e-01 1.00000000e+00 0.00000000e+00 -2.25018623e+00 -4.47336340e-01 -6.19959892e-01 -0.00000000e+00 -1.50440201e+00 0.00000000e+00 1.00000000e+00 0.00000000e+00
2.64504277e-01 4.34634653e-01 5.00000000e-01 3.19162854e+00 -4.09241191e-01 -1.93388360e+00 -6.51855443e+00 -1.93388360e+00 -6.51855443e+00 -1.93388360e+00 -6.51855443e+00 -7.03204483e-01 -4.96841137e-01 -1.55543219e+00 -4.96841137e-01 1.00000000e+00 0.00000000e+00 -2.65031098e+00 -4.96841137e-01 -7.03204483e-01 -0.00000000e+00 -1.55543219e+00 0.00000000e+00 1.00000000e+00 0.00000000e+00
5.32920662e-01 5.19401121e-01 5.00000000e-01 1.88183074e+00 -1.21924354e+00 -2.85905940e+00 2.47066785e+00 -2.85905940e+00 2.47066785e+00 -2.85905940e+00 2.47066785e+00 -1.34103372e+00 -1.08090101e+00 -1.32129615e+00 -1.08090101e+00 1.00000000e+00 0.00000000e+00 -2.25018623e+00 -1.08090101e+00 -1.34103372e+00 -0.00000000e+00 -1.32129615e+00 0.00000000e+00 1.00000000e+00 0.00000000e+00
6.08013555e-01 4.82557008e-01 5.00000000e-01 3.18800106e+00 -4.12164088e-01 -4.25463174e+00 -5.38818113e+00 -4.25463174e+00 -5.38818113e+00 -4.25463174e+00 -5.38818113e+00 -6.57323354e-01 -4.79707627e-01 -1.39772047e+00 -4.79707627e-01 1.00000000e+00 0.00000000e+00 -2.39235757e+00 -4.79707627e-01 -6.57323354e-01 -0.00000000e+00 -1.39772047e+00 0.00000000e+00 1.00000000e+00 0.00000000e+00
5.89999547e-01 5.44687586e-01 5.00000000e-01 2.84356330e+00 -6.48447328e-01 5.23604368e+00 -4.94559392e+00 5.23604368e+00 -4.94559392e+00 5.23604368e+00 -4.94559392e+00 -8.43740649e-01 -6.57536179e-01 -1.36173875e+00 -6.57536179e-01 1.00000000e+00 0.00000000e+00 -2.25018623e+00 -6.57536179e-01 -8.43740649e-01 -0.00000000e+00 -1.36173875e+00 0.00000000e+00 1.00000000e+00 0.00000000e+00
1.78949837e-01 6.47885192e-01 5.00000000e-01 2.03585638e+00 -1.12383387e+00 -2.15563329e+00 -3.91286630e+00 -2.15563329e+00 -3.91286630e+00 -2.15563329e+00 -3.91286630e+00 -1.16184885e+00 -9.87545284e-01 -9.39175263e-01 -9.87545284e-01 1.00000000e+00 0.00000000e+00 -1.69294523e+00 -9.87545284e-01 -1.16184885e+00 -0.00000000e+00 -9.39175263e-01 0.00000000e+00 1.00000000e+00 0.00000000e+00
7.04308286e-02 4.78364907e-01 5.00000000e-01 2.80694526e+00 -6.70866848e-01 -5.89128850e+00 3.86626079e+00 -5.89128850e+00 3.86626079e+00 -5.89128850e+00 3.86626079e+00 -1.65503179e+00 -1.00829999e+00 -3.71856779e+00 -1.00829999e+00 1.00000000e+00 0.00000000e+00 -4.72125983e+00 -1.00829999e+00 -1.65503179e+00 -0.00000000e+00 -3.71856779e+00 0.00000000e+00 1.00000000e+00 0.00000000e+00
5.78692818e-01 6.86877240e-01 5.00000000e-01 3.42304366e+00 -1.51963630e-01 -4.92131597e+00 -1.38277871e-01 -4.92131597e+00 -1.38277871e-01 -4.92131597e+00 -1.38277871e-01 -4.42509047e-01 -2.77703840e-01 -1.53743707e+00 -2.77703840e-01 1.00000000e+00 0.00000000e+00 -2.25018623e+00 -2.77703840e-01 -4.42509047e-01 -0.00000000e+00 -1.53743707e+00 0.00000000e+00 1.00000000e+00 0.00000000e+00
1.95162356e-01 5.33298070e-01 5.00000000e-01 3.43889707e+00 -1.17451403e-01 1.54427420e+00 4.68745129e+00 1.54427420e+00 4.68745129e+00 1.54427420e+00 4.68745129e+00 -5.82154217e-01 -3.30724622e-01 -2.04190578e+00 -3.30724622e-01 1.00000000e+00 0.00000000e+00 -2.94813752e+00 -3.30724622e-01 -5.82154217e-01 -0.00000000e+00 -2.04190578e+00 0.00000000e+00 1.00000000e+00 0.00000000e+00
6.24877944e-01 4.73550997e-01 5.00000000e-01 3.01050945e+00 -5.41423549e-01 3.65011278e-01 -7.32243439e+00 3.65011278e-01 -7.32243439e+00 3.65011278e-01 -7.32243439e+00 -7.44185484e-01 -5.71812665e-01 -1.27267933e+00 -5.71812665e-01 1.00000000e+00 0.00000000e+00 -2.28477796e+00 -5.71812665e-01 -7.44185484e-01 -0.00000000e+00 -1.27267933e+00 0.00000000e+00 1.00000000e+00 0.00000000e+00
4.31401523e-01 5.93204774e-01 5.00000000e-01 3.05329360e+00 -5.12201907e-01 2.04574193e+00 7.54372180e+00 2.04574193e+00 7.54372180e+00 2.04574193e+00 7.54372180e+00 -7.31561986e-01 -5.53509726e-01 -1.43045187e+00 -5.53509726e-01 1.00000000e+00 0.00000000e+00 -2.25018623e+00 -5.53509726e-01 -7.31561986e-01 -0.00000000e+00 -1.43045187e+00 0.00000000e+00 1.00000000e+00 0.00000000e+00
2.31839781e-01 5.14666850e-01 5.00000000e-01 2.27873602e+00 -9.79704791e-01 -4.09073911e+00 4.23555199e+00 -4.09073911e+00 4.23555199e+00 -4.09073911e+00 4.23555199e+00 -1.13194541e+00 -9.08381061e-01 -1.31332410e+00 -9.08381061e-01 1.00000000e+00 0.00000000e+00 -2.25018623e+00 -9.08381061e-01 -1.13194541e+00 -0.00000000e+00 -1.31332410e+00 0.00000000e+00 1.00000000e+00 0.00000000e+00
2.62328660e-01 6.15529730e-01 5.00000000e-01 2.37199969e+00 -9.25564038e-01 5.25675494e+00 -3.47677004e+00 5.25675494e+00 -3.47677004e+00 5.25675494e+00 -3.47677004e+00 -1.00677927e+00 -8.46770865e-01 -9.87769683e-01 -8.46770865e-01 1.00000000e+00 0.00000000e+00 -1.77925627e+00 -8.46770865e-01 -1.00677927e+00 -0.00000000e+00 -9.87769683e-01 0.00000000e+00 1.00000000e+00 0.00000000e+00
4.91374463e-01 6.30494964e-01 5.00000000e-01 3.32060659e+00 -2.91454912e-01 4.89234716e-01 7.11141154e+00 4.89234716e-01 7.11141154e+00 4.89234716e-01 7.11141154e+00 -6.65915260e-01 -4.33410386e-01 -1.94307958e+00 -4.33410386e-01 1.00000000e+00 0.00000000e+00 -2.71667276e+00 -4.33410386e-01 -6.65915260e-01 -0.00000000e+00 -1.94307958e+00 0.00000000e+00 1.00000000e+00 0.00000000e+00
4.46774164e-01 5.30414463e-01 5.00000000e-01 3.35662274e+00 -2.50682117e-01 -5.70650381e+00 -2.97869326e+00 -5.70650381e+00 -2.97869326e+00 -5.70650381e+00 -2.97869326e+00 -4.99657850e-01 -3.44008387e-01 -1.33934161e+00 -3.44008387e-01 1.00000000e+00 0.00000000e+00 -2.25018623e+00 -3.44008387e-01 -4.99657850e-01 -0.00000000e+00 -1.33934161e+00 0.00000000e+00 1.00000000e+00 0.00000000e+00
6.70019291e-01 5.28471534e-01 5.00000000e-01 2.03054487e+00 -1.12706122e+00 3.90697078e+00 -3.58514876e+00 3.90697078e+00 -3.58514876e+00 3.90697078e+00 -3.58514876e+00 -1.26331045e+00 -1.01629492e+00 -1.33620773e+00 -1.01629492e+00 1.00000000e+00 0.00000000e+00 -2.25018623e+00 -1.01629492e+00 -1.26331045e+00 -0.00000000e+00 -1.33620773e+00 0.00000000e+00 1.00000000e+00 0.00000000e+00
5.42658593e-01 6.39139492e-01 5.00000000e-01 1.62570374e+00 -1.38892263e+00 -1.73375382e+00 3.17685824e+00 -1.73375382e+00 3.17685824e+00 -1.73375382e+00 3.17685824e+00 -1.50342552e+00 -1.20175422e+00 -1.48657288e+00 -1.20175422e+00 1.00000000e+00 0.00000000e+00 -2.25018623e+00 -1.20175422e+00 -1.50342552e+00 -0.00000000e+00 -1.48657288e+00 0.00000000e+00 1.00000000e+00 0.00000000e+00
1.14101896e-01 5.58719588e-01 5.00000000e-01 2.67332880e+00 -7.50695488e-01 -1.06491877e+00 7.33478085e+00 -1.06491877e+00 7.33478085e+00 -1.06491877e+00 7.33478085e+00 -9.36331438e-01 -7.37386542e-01 -1.38273690e+00 -7.37386542e-01 1.00000000e+00 0.00000000e+00 -2.25018623e+00 -7.37386542e-01 -9.36331438e-01 -0.00000000e+00 -1.38273690e+00 0.00000000e+00 1.00000000e+00 0.00000000e+00
6.04403350e-01 5.63603474e-01 5.00000000e-01 2.92464861e+00 -5.97618041e-01 -7.35478529e+00 -1.62230026e+00 -7.35478529e+00 -1.62230026e+00 -7.35478529e+00 -1.62230026e+00 -8.35613971e-01 -6.30657889e-01 -1.54648300e+00 -6.30657889e-01 1.00000000e+00 0.00000000e+00 -2.40684875e+00 -6.30657889e-01 -8.35613971e-01 -0.00000000e+00 -1.54648300e+00 0.00000000e+00 1.00000000e+00 0.00000000e+00
5.75382041e-01 5.11453308e-01 5.00000000e-01 3.44920275e+00 -8.82535682e-02 -1.66498544e+00 -4.09268351e+00 -1.66498544e+00 -4.09268351e+00 -1.66498544e+00 -4.09268351e+00 -3.65112912e-01 -2.15961696e-01 -1.30783679e+00 -2.15961696e-01 1.00000000e+00 0.00000000e+00 -2.25018623e+00 -2.15961696e-01 -3.65112912e-01 -0.00000000e+00 -1.30783679e+00 0.00000000e+00 1.00000000e+00 0.00000000e+00
5.05508886e-01 5.12073227e-01 5.00000000e-01 3.32610249e+00 -2.85564791e-01 2.95198905e+00 6.93986326e+00 2.95198905e+00 6.93986326e+00 2.95198905e+00 6.93986326e+00 -5.25283841e-01 -3.69984168e-01 -1.30890018e+00 -3.69984168e-01 1.00000000e+00 0.00000000e+00 -2.25018623e+00 -3.69984168e-01 -5.25283841e-01 -0.00000000e+00 -1.30890018e+00 0.00000000e+00 0.00000000e+00 0.00000000e+00
4.26872930e-01 5.24837654e-01 5.00000000e-01 1.79946470e+00 -1.27208354e+00 3.62000764e+00 -3.13718136e+00 3.62000764e+00 -3.13718136e+00 3.62000764e+00 -3.13718136e+00 -1.38695068e+00 -1.11768802e+00 -1.33028986e+00 -1.11768802e+00 1.00000000e+00 0.00000000e+00 -2.25018623e+00 -1.11768802e+00 -1.38695068e+00 -0.00000000e+00 -1.33028986e+00 0.00000000e+00 0.00000000e+00 0.00000000e+00
3.12853063e-01 6.07130350e-01 5.00000000e-01 3.45071948e+00 -8.31099587e-02 -3.15778250e+00 -3.07280958e+00 -3.15778250e+00 -3.07280958e+00 -3.15778250e+00 -3.07280958e+00 -3.63562260e-01 -2.13192400e-01 -1.38867363e+00 -2.13192400e-01 1.00000000e+00 0.00000000e+00 -2.19056190e+00 -2.13192400e-01 -3.63562260e-01 -0.00000000e+00 -1.38867363e+00 0.00000000e+00 1.00000000e+00 0.00000000e+00
5.55423769e-01 5.73749624e-01 5.00000000e-01 1.82617809e+00 -1.25478773e+00 5.14209626e+00 1.39390234e+00 5.14209626e+00 1.39390234e+00 5.14209626e+00 1.39390234e+00 -1.45392934e+00 -1.12922869e+00 -1.70973564e+00 -1.12922869e+00 1.00000000e+00 0.00000000e+00 -2.55573986e+00 -1.12922869e+00 -1.45392934e+00 -0.00000000e+00 -1.70973564e+00 0.00000000e+00 1.00000000e+00 0.00000000e+00
1.66430105e-01 5.06598840e-01 5.00000000e-01 3.44623258e+00 -9.75532296e-02 -4.03419139e+00 -3.00931641e+00 -4.03419139e+00 -3.00931641e+00 -4.03419139e+00 -3.00931641e+00 -3.71451810e-01 -2.22668266e-01 -1.29942833e+00 -2.22668266e-01 1.00000000e+00 0.00000000e+00 -2.25018623e+00 -2.22668266e-01 -3.71451810e-01 -0.00000000e+00 -1.29942833e+00 0.00000000e+00 1.00000000e+00 0.00000000e+00
2.55792569e-01 6.27658110e-01 5.00000000e-01 3.46068141e+00 -3.36753900e-02 -3.92020978e-01 4.03106504e+00 -3.92020978e-01 4.03106504e+00 -3.92020978e-01 4.03106504e+00 -2.30833360e-01 -1.28931999e-01 -9.64829696e-01 -1.28931999e-01 1.00000000e+00 0.00000000e+00 -1.74175376e+00 -1.28931999e-01 -2.30833360e-01 -0.00000000e+00 -9.64829696e-01 0.00000000e+00 1.00000000e+00 0.00000000e+00
2.43640513e-01 6.14271588e-01 5.00000000e-01 2.09787473e+00 -1.08643118e+00 5.63099220e+00 3.52099637e+00 5.63099220e+00 3.52099637e+00 5.63099220e+00 3.52099637e+00 -1.14863704e+00 -9.65905476e-01 -1.01041028e+00 -9.65905476e-01 1.00000000e+00 0.00000000e+00 -1.80343811e+00 -9.65905476e-01 -1.14863704e+00 -0.00000000e+00 -1.01041028e+00 0.00000000e+00 1.00000000e+00 0.00000000e+00
4.77275610e-01 5.21030689e-01 5.00000000e-01 3.01431870e+00 -5.38859101e-01 -6.72176739e+00 4.86362342e+00 -6.72176739e+00 4.86362342e+00 -6.72176739e+00 4.86362342e+00 -7.43665163e-01 -5.70410284e-01 -1.32400982e+00 -5.70410284e-01 1.00000000e+00 0.00000000e+00 -2.25018623e+00 -5.70410284e-01 -7.43665163e-01 -0.00000000e+00 -1.32400982e+00 0.00000000e+00 1.00000000e+00 0.00000000e+00
2.92688412e-01 5.92915458e-01 5.00000000e-01 3.44360237e+00 -1.05113623e-01 2.79878340e+00 -5.00210177e+00 2.79878340e+00 -5.00210177e+00 2.79878340e+00 -5.00210177e+00 -3.92744248e-01 -2.35783755e-01 -1.43007288e+00 -2.35783755e-01 1.00000000e+00 0.00000000e+00 -2.25018623e+00 -2.35783755e-01 -3.92744248e-01 -0.00000000e+00 -1.43007288e+00 0.00000000e+00 1.00000000e+00 0.00000000e+00
3.83410926e-01 5.32263602e-01 5.00000000e-01 3.44553009e+00 -9.96277319e-02 4.82542333e+00 -3.24843986e+00 4.82542333e+00 -3.24843986e+00 4.82542333e+00 -3.24843986e+00 -3.78076381e-01 -2.26644410e-01 -1.34230489e+00 -2.26644410e-01 1.00000000e+00 0.00000000e+00 -2.25018623e+00 -2.26644410e-01 -3.78076381e-01 -0.00000000e+00 -1.34230489e+00 0.00000000e+00 1.00000000e+00 0.00000000e+00
2.08444450e-02 5.68393825e-01 5.00000000e-01 2.07500892e+00 -1.10016343e+00 6.12986574e+00 -2.42941984e+00 6.12986574e+00 -2.42941984e+00 6.12986574e+00 -2.42941984e+00 -1.24649897e+00 -9.98798301e-01 -1.39665977e+00 -9.98798301e-01 1.00000000e+00 0.00000000e+00 -2.25018623e+00 -9.98798301e-01 -1.24649897e+00 -0.00000000e+00 -1.39665977e+00 0.00000000e+00 1.00000000e+00 0.00000000e+00
8.56570256e-01 7.21439717e-01 5.00000000e-01 2.23841259e+00 -1.00325949e+00 4.48928749e+00 -5.64354619e+00 4.48928749e+00 -5.64354619e+00 4.48928749e+00 -5.64354619e+00 -1.18026323e+00 -9.33501882e-01 -1.57029835e+00 -9.33501882e-01 1.00000000e+00 0.00000000e+00 -2.25018623e+00 -9.33501882e-01 -1.18026323e+00 -0.00000000e+00 -1.57029835e+00 0.00000000e+00 1.00000000e+00 0.00000000e+00
6.25298462e-01 6.09278693e-01 5.00000000e-01 3.20879025e+00 -3.95196861e-01 -8.86233996e+00 4.14168693e-01 -8.86233996e+00 4.14168693e-01 -8.86233996e+00 4.14168693e-01 -6.39108418e-01 -4.64937433e-01 -1.47831811e+00 -4.64937433e-01 1.00000000e+00 0.00000000e+00 -2.27752057e+00 -4.64937433e-01 -6.39108418e-01 -0.00000000e+00 -1.47831811e+00 0.00000000e+00 1.00000000e+00 0.00000000e+00
6.24157522e-01 6.39737861e-01 5.00000000e-01 3.02014132e+00 -5.34925817e-01 -2.78635614e+00 9.04064372e+00 -2.78635614e+00 9.04064372e+00 -2.78635614e+00 9.04064372e+00 -7.66949148e-01 -5.76998217e-01 -1.53163070e+00 -5.76998217e-01 1.00000000e+00 0.00000000e+00 -2.29456257e+00 -5.76998217e-01 -7.66949148e-01 -0.00000000e+00 -1.53163070e+00 0.00000000e+00 1.00000000e+00 0.00000000e+00
5.24610707e-01 6.16579660e-01 5.00000000e-01 7.16041891e-01 -2.25833000e+00 -3.28859472e-01 -3.94944625e+00 -3.28859472e-01 -3.94944625e+00 -3.28859472e-01 -3.94944625e+00 -2.09206434e+00 -1.66287114e+00 -1.45998135e+00 -1.66287114e+00 1.00000000e+00 0.00000000e+00 -2.25018623e+00 -1.66287114e+00 -2.09206434e+00 -0.00000000e+00 -1.45998135e+00 0.00000000e+00 0.00000000e+00 0.00000000e+00
5.77563678e-01 6.23212784e-01 5.00000000e-01 3.45777923e+00 -5.30383831e-02 4.13234098e+00 -5.00054356e+00 4.13234098e+00 -5.00054356e+00 4.13234098e+00 -5.00054356e+00 -3.00203150e-01 -1.70669160e-01 -1.22340197e+00 -1.70669160e-01 1.00000000e+00 0.00000000e+00 -2.00560230e+00 -1.70669160e-01 -3.00203150e-01 -0.00000000e+00 -1.22340197e+00 0.00000000e+00 1.00000000e+00 0.00000000e+00
2.39553458e-01 6.25773405e-01 5.00000000e-01 3.43871547e+00 1.17902256e-01 -3.26049234e+00 3.07496501e+00 -3.26049234e+00 3.07496501e+00 -3.26049234e+00 3.07496501e+00 -4.03295108e-01 -1.61459803e-01 -2.04568669e+00 -1.61459803e-01 1.00000000e+00 0.00000000e+00 -2.82483924e+00 -1.61459803e-01 -4.03295108e-01 0.00000000e+00 -2.04568669e+00 0.00000000e+00 1.00000000e+00 0.00000000e+00
